argv,drift_max_m,entry_frame,family,fell,final_dist_m,foot_com_height_m,foot_comp,foot_gain,foot_len_bias,foot_offset_clip_m,foot_vy_avg_n,foot_yaw_bias,grid_cols,grid_rows,heading,heading_cap_rad,heading_len,heading_len_cap_rad,hip_saturated,inplace_at,level_m,n_probes,param,probe,reached,rep,run_utc,score,settle_ok,skill,spawn_x,spawn_z0_m,steps,swing_lift_mm,swing_lift_sym,t_reached_s,tau_hip_max_nm,yaw_cum_deg,yaw_moment,yaw_moment_cap_nm,yaw_moment_gain,yaw_moment_nm,yaw_ok_deg
--headless --device cpu --params skill.STEP_TROT_MAX --reps 5 --skip-unsupported --foot-comp on --heading heading-only --yaw-moment hold --yaw-moment-gain 5 --yaw-moment-cap-nm 2.0 --results-csv outputs/yawm/grid_ab.csv,,0,step_up,1,10.599903654562429,,on,half-stance,0.0,0.0,0,0.0,4,4,heading-only,0.0,0,0.04,0,obstacle,0.02,15,skill.STEP_TROT_MAX,step_up_0p02,0,0,2026-09-01T07:36:29Z,goal,1,TROT,1.0,0.0,901,0.0,1,nan,14.563233375549316,,hold,2.0,5.0,0.0,
--headless --device cpu --params skill.STEP_TROT_MAX --reps 5 --skip-unsupported --foot-comp on --heading heading-only --yaw-moment hold --yaw-moment-gain 5 --yaw-moment-cap-nm 2.0 --results-csv outputs/yawm/grid_ab.csv,,0,step_up,1,1.0489062032881433,,on,half-stance,0.0,0.0,0,0.0,4,4,heading-only,0.0,0,0.04,0,obstacle,0.04,15,skill.STEP_TROT_MAX,step_up_0p04,0,0,2026-09-01T07:36:29Z,goal,1,TROT,0.9999999999999982,0.0,901,0.0,1,nan,16.753570556640625,,hold,2.0,5.0,0.0,
--headless --device cpu --params skill.STEP_TROT_MAX --reps 5 --skip-unsupported --foot-comp on --heading heading-only --yaw-moment hold --yaw-moment-gain 5 --yaw-moment-cap-nm 2.0 --results-csv outputs/yawm/grid_ab.csv,,0,step_up,0,1.36079367552679,,on,half-stance,0.0,0.0,0,0.0,4,4,heading-only,0.0,0,0.04,0,obstacle,0.06,15,skill.STEP_TROT_MAX,step_up_0p06,0,0,2026-09-01T07:36:29Z,goal,1,TROT,0.9999999999999964,0.0,901,0.0,1,nan,18.029876708984375,,hold,2.0,5.0,0.0,
--headless --device cpu --params skill.STEP_TROT_MAX --reps 5 --skip-unsupported --foot-comp on --heading heading-only --yaw-moment hold --yaw-moment-gain 5 --yaw-moment-cap-nm 2.0 --results-csv outputs/yawm/grid_ab.csv,,0,step_up,1,1.8870023896528216,,on,half-stance,0.0,0.0,0,0.0,4,4,heading-only,0.0,0,0.04,0,obstacle,0.08,15,skill.STEP_TROT_MAX,step_up_0p08,0,0,2026-09-01T07:36:29Z,goal,1,TROT,1.0,0.0,901,0.0,1,nan,15.518026351928711,,hold,2.0,5.0,0.0,
--headless --device cpu --params skill.STEP_TROT_MAX --reps 5 --skip-unsupported --foot-comp on --heading heading-only --yaw-moment hold --yaw-moment-gain 5 --yaw-moment-cap-nm 2.0 --results-csv outputs/yawm/grid_ab.csv,,0,step_up,1,1.9131431998256307,,on,half-stance,0.0,0.0,0,0.0,4,4,heading-only,0.0,0,0.04,0,obstacle,0.1,15,skill.STEP_TROT_MAX,step_up_0p10,0,0,2026-09-01T07:36:29Z,goal,1,TROT,1.0,0.0,901,0.0,1,nan,14.487661361694336,,hold,2.0,5.0,0.0,
--headless --device cpu --params skill.STEP_TROT_MAX --reps 5 --skip-unsupported --foot-comp on --heading heading-only --yaw-moment hold --yaw-moment-gain 5 --yaw-moment-cap-nm 2.0 --results-csv outputs/yawm/grid_ab.csv,,0,step_up,1,1.958981503209979,,on,half-stance,0.0,0.0,0,0.0,4,4,heading-only,0.0,0,0.04,0,obstacle,0.12,15,skill.STEP_TROT_MAX,step_up_0p12,0,0,2026-09-01T07:36:29Z,goal,1,TROT,0.9999999999999982,0.0,901,0.0,1,nan,15.426021575927734,,hold,2.0,5.0,0.0,
--headless --device cpu --params skill.STEP_TROT_MAX --reps 5 --skip-unsupported --foot-comp on --heading heading-only --yaw-moment hold --yaw-moment-gain 5 --yaw-moment-cap-nm 2.0 --results-csv outputs/yawm/grid_ab.csv,,0,step_up,1,1.949239682857664,,on,half-stance,0.0,0.0,0,0.0,4,4,heading-only,0.0,0,0.04,0,obstacle,0.14,15,skill.STEP_TROT_MAX,step_up_0p14,0,0,2026-09-01T07:36:29Z,goal,1,TROT,0.9999999999999964,0.0,901,0.0,1,nan,14.589730262756348,,hold,2.0,5.0,0.0,
--headless --device cpu --params skill.STEP_TROT_MAX --reps 5 --skip-unsupported --foot-comp on --heading heading-only --yaw-moment hold --yaw-moment-gain 5 --yaw-moment-cap-nm 2.0 --results-csv outputs/yawm/grid_ab.csv,,0,step_up,1,1.9167493681322867,,on,half-stance,0.0,0.0,0,0.0,4,4,heading-only,0.0,0,0.04,0,obstacle,0.16,15,skill.STEP_TROT_MAX,step_up_0p16,0,0,2026-09-01T07:36:29Z,goal,1,TROT,1.0,0.0,901,0.0,1,nan,15.17818832397461,,hold,2.0,5.0,0.0,
--headless --device cpu --params skill.STEP_TROT_MAX --reps 5 --skip-unsupported --foot-comp on --heading heading-only --yaw-moment hold --yaw-moment-gain 5 --yaw-moment-cap-nm 2.0 --results-csv outputs/yawm/grid_ab.csv,,0,step_up,1,1.8986131101063073,,on,half-stance,0.0,0.0,0,0.0,4,4,heading-only,0.0,0,0.04,0,obstacle,0.18,15,skill.STEP_TROT_MAX,step_up_0p18,0,0,2026-09-01T07:36:29Z,goal,1,TROT,1.0,0.0,901,0.0,1,nan,14.695807456970215,,hold,2.0,5.0,0.0,
--headless --device cpu --params skill.STEP_TROT_MAX --reps 5 --skip-unsupported --foot-comp on --heading heading-only --yaw-moment hold --yaw-moment-gain 5 --yaw-moment-cap-nm 2.0 --results-csv outputs/yawm/grid_ab.csv,,0,step_up,1,1.9259720109583183,,on,half-stance,0.0,0.0,0,0.0,4,4,heading-only,0.0,0,0.04,0,obstacle,0.2,15,skill.STEP_TROT_MAX,step_up_0p20,0,0,2026-09-01T07:36:29Z,goal,1,TROT,0.9999999999999982,0.0,901,0.0,1,nan,14.654830932617188,,hold,2.0,5.0,0.0,
--headless --device cpu --params skill.STEP_TROT_MAX --reps 5 --skip-unsupported --foot-comp on --heading heading-only --yaw-moment hold --yaw-moment-gain 5 --yaw-moment-cap-nm 2.0 --results-csv outputs/yawm/grid_ab.csv,,0,step_up,1,1.2187009159270636,,on,half-stance,0.0,0.0,0,0.0,4,4,heading-only,0.0,0,0.04,0,obstacle,0.22,15,skill.STEP_TROT_MAX,step_up_0p22,0,0,2026-09-01T07:36:29Z,goal,1,TROT,0.9999999999999964,0.0,901,0.0,1,nan,14.509568214416504,,hold,2.0,5.0,0.0,
--headless --device cpu --params skill.STEP_TROT_MAX --reps 5 --skip-unsupported --foot-comp on --heading heading-only --yaw-moment hold --yaw-moment-gain 5 --yaw-moment-cap-nm 2.0 --results-csv outputs/yawm/grid_ab.csv,,0,step_up,0,1.1335646093151337,,on,half-stance,0.0,0.0,0,0.0,4,4,heading-only,0.0,0,0.04,0,obstacle,0.24,15,skill.STEP_TROT_MAX,step_up_0p24,0,0,2026-09-01T07:36:29Z,goal,1,TROT,1.0,0.0,901,0.0,1,nan,14.528310775756836,,hold,2.0,5.0,0.0,
--headless --device cpu --params skill.STEP_TROT_MAX --reps 5 --skip-unsupported --foot-comp on --heading heading-only --yaw-moment hold --yaw-moment-gain 5 --yaw-moment-cap-nm 2.0 --results-csv outputs/yawm/grid_ab.csv,,0,step_up,0,1.7453489079275701,,on,half-stance,0.0,0.0,0,0.0,4,4,heading-only,0.0,0,0.04,0,obstacle,0.26,15,skill.STEP_TROT_MAX,step_up_0p26,0,0,2026-09-01T07:36:29Z,goal,1,TROT,1.0,0.0,901,0.0,1,nan,14.57654857635498,,hold,2.0,5.0,0.0,
--headless --device cpu --params skill.STEP_TROT_MAX --reps 5 --skip-unsupported --foot-comp on --heading heading-only --yaw-moment hold --yaw-moment-gain 5 --yaw-moment-cap-nm 2.0 --results-csv outputs/yawm/grid_ab.csv,,0,step_up,1,2.133374157880506,,on,half-stance,0.0,0.0,0,0.0,4,4,heading-only,0.0,0,0.04,0,obstacle,0.28,15,skill.STEP_TROT_MAX,step_up_0p28,0,0,2026-09-01T07:36:29Z,goal,1,TROT,0.9999999999999982,0.0,901,0.0,1,nan,14.545007705688477,,hold,2.0,5.0,0.0,
--headless --device cpu --params skill.STEP_TROT_MAX --reps 5 --skip-unsupported --foot-comp on --heading heading-only --yaw-moment hold --yaw-moment-gain 5 --yaw-moment-cap-nm 2.0 --results-csv outputs/yawm/grid_ab.csv,,0,step_up,0,1.3886991318240616,,on,half-stance,0.0,0.0,0,0.0,4,4,heading-only,0.0,0,0.04,0,obstacle,0.3,15,skill.STEP_TROT_MAX,step_up_0p30,0,0,2026-09-01T07:36:29Z,goal,1,TROT,0.9999999999999964,0.0,901,0.0,1,nan,14.658554077148438,,hold,2.0,5.0,0.0,
--headless --device cpu --params skill.STEP_TROT_MAX --reps 5 --skip-unsupported --foot-comp on --heading heading-only --yaw-moment hold --yaw-moment-gain 5 --yaw-moment-cap-nm 2.0 --results-csv outputs/yawm/grid_ab.csv,,6,step_up,1,3.744331093851545,,on,half-stance,0.0,0.0,0,0.0,4,4,heading-only,0.0,0,0.04,0,obstacle,0.02,15,skill.STEP_TROT_MAX,step_up_0p02,0,1,2026-09-01T07:36:29Z,goal,1,TROT,1.0,0.0,104,0.0,1,nan,11.640765190124512,,hold,2.0,5.0,0.0,
--headless --device cpu --params skill.STEP_TROT_MAX --reps 5 --skip-unsupported --foot-comp on --heading heading-only --yaw-moment hold --yaw-moment-gain 5 --yaw-moment-cap-nm 2.0 --results-csv outputs/yawm/grid_ab.csv,,6,step_up,1,3.8016741697516774,,on,half-stance,0.0,0.0,0,0.0,4,4,heading-only,0.0,0,0.04,0,obstacle,0.04,15,skill.STEP_TROT_MAX,step_up_0p04,0,1,2026-09-01T07:36:29Z,goal,1,TROT,0.9999999999999982,0.0,104,0.0,1,nan,22.290563583374023,,hold,2.0,5.0,0.0,
--headless --device cpu --params skill.STEP_TROT_MAX --reps 5 --skip-unsupported --foot-comp on --heading heading-only --yaw-moment hold --yaw-moment-gain 5 --yaw-moment-cap-nm 2.0 --results-csv outputs/yawm/grid_ab.csv,,6,step_up,1,3.394827824165789,,on,half-stance,0.0,0.0,0,0.0,4,4,heading-only,0.0,0,0.04,0,obstacle,0.06,15,skill.STEP_TROT_MAX,step_up_0p06,0,1,2026-09-01T07:36:29Z,goal,1,TROT,0.9999999999999964,0.0,104,0.0,1,nan,13.932924270629883,,hold,2.0,5.0,0.0,
--headless --device cpu --params skill.STEP_TROT_MAX --reps 5 --skip-unsupported --foot-comp on --heading heading-only --yaw-moment hold --yaw-moment-gain 5 --yaw-moment-cap-nm 2.0 --results-csv outputs/yawm/grid_ab.csv,,6,step_up,1,3.3075932317031005,,on,half-stance,0.0,0.0,0,0.0,4,4,heading-only,0.0,0,0.04,0,obstacle,0.08,15,skill.STEP_TROT_MAX,step_up_0p08,0,1,2026-09-01T07:36:29Z,goal,1,TROT,1.0,0.0,104,0.0,1,nan,18.140443801879883,,hold,2.0,5.0,0.0,
--headless --device cpu --params skill.STEP_TROT_MAX --reps 5 --skip-unsupported --foot-comp on --heading heading-only --yaw-moment hold --yaw-moment-gain 5 --yaw-moment-cap-nm 2.0 --results-csv outputs/yawm/grid_ab.csv,,6,step_up,1,3.453604103500141,,on,half-stance,0.0,0.0,0,0.0,4,4,heading-only,0.0,0,0.04,0,obstacle,0.1,15,skill.STEP_TROT_MAX,step_up_0p10,0,1,2026-09-01T07:36:29Z,goal,1,TROT,1.0,0.0,104,0.0,1,nan,13.740245819091797,,hold,2.0,5.0,0.0,
--headless --device cpu --params skill.STEP_TROT_MAX --reps 5 --skip-unsupported --foot-comp on --heading heading-only --yaw-moment hold --yaw-moment-gain 5 --yaw-moment-cap-nm 2.0 --results-csv outputs/yawm/grid_ab.csv,,6,step_up,1,3.411702293744222,,on,half-stance,0.0,0.0,0,0.0,4,4,heading-only,0.0,0,0.04,0,obstacle,0.12,15,skill.STEP_TROT_MAX,step_up_0p12,0,1,2026-09-01T07:36:29Z,goal,1,TROT,0.9999999999999982,0.0,104,0.0,1,nan,22.362628936767578,,hold,2.0,5.0,0.0,
--headless --device cpu --params skill.STEP_TROT_MAX --reps 5 --skip-unsupported --foot-comp on --heading heading-only --yaw-moment hold --yaw-moment-gain 5 --yaw-moment-cap-nm 2.0 --results-csv outputs/yawm/grid_ab.csv,,6,step_up,1,3.3506866349737363,,on,half-stance,0.0,0.0,0,0.0,4,4,heading-only,0.0,0,0.04,0,obstacle,0.14,15,skill.STEP_TROT_MAX,step_up_0p14,0,1,2026-09-01T07:36:29Z,goal,1,TROT,0.9999999999999964,0.0,104,0.0,1,nan,13.773433685302734,,hold,2.0,5.0,0.0,
--headless --device cpu --params skill.STEP_TROT_MAX --reps 5 --skip-unsupported --foot-comp on --heading heading-only --yaw-moment hold --yaw-moment-gain 5 --yaw-moment-cap-nm 2.0 --results-csv outputs/yawm/grid_ab.csv,,6,step_up,1,3.375686311620188,,on,half-stance,0.0,0.0,0,0.0,4,4,heading-only,0.0,0,0.04,0,obstacle,0.16,15,skill.STEP_TROT_MAX,step_up_0p16,0,1,2026-09-01T07:36:29Z,goal,1,TROT,1.0,0.0,104,0.0,1,nan,14.14310359954834,,hold,2.0,5.0,0.0,
--headless --device cpu --params skill.STEP_TROT_MAX --reps 5 --skip-unsupported --foot-comp on --heading heading-only --yaw-moment hold --yaw-moment-gain 5 --yaw-moment-cap-nm 2.0 --results-csv outputs/yawm/grid_ab.csv,,6,step_up,1,3.357669273388215,,on,half-stance,0.0,0.0,0,0.0,4,4,heading-only,0.0,0,0.04,0,obstacle,0.18,15,skill.STEP_TROT_MAX,step_up_0p18,0,1,2026-09-01T07:36:29Z,goal,1,TROT,1.0,0.0,104,0.0,1,nan,14.182256698608398,,hold,2.0,5.0,0.0,
--headless --device cpu --params skill.STEP_TROT_MAX --reps 5 --skip-unsupported --foot-comp on --heading heading-only --yaw-moment hold --yaw-moment-gain 5 --yaw-moment-cap-nm 2.0 --results-csv outputs/yawm/grid_ab.csv,,6,step_up,1,3.3113541154977284,,on,half-stance,0.0,0.0,0,0.0,4,4,heading-only,0.0,0,0.04,0,obstacle,0.2,15,skill.STEP_TROT_MAX,step_up_0p20,0,1,2026-09-01T07:36:29Z,goal,1,TROT,0.9999999999999982,0.0,104,0.0,1,nan,13.548357009887695,,hold,2.0,5.0,0.0,
--headless --device cpu --params skill.STEP_TROT_MAX --reps 5 --skip-unsupported --foot-comp on --heading heading-only --yaw-moment hold --yaw-moment-gain 5 --yaw-moment-cap-nm 2.0 --results-csv outputs/yawm/grid_ab.csv,,6,step_up,1,3.3535327333165355,,on,half-stance,0.0,0.0,0,0.0,4,4,heading-only,0.0,0,0.04,0,obstacle,0.22,15,skill.STEP_TROT_MAX,step_up_0p22,0,1,2026-09-01T07:36:29Z,goal,1,TROT,0.9999999999999964,0.0,104,0.0,1,nan,13.8735990524292,,hold,2.0,5.0,0.0,
--headless --device cpu --params skill.STEP_TROT_MAX --reps 5 --skip-unsupported --foot-comp on --heading heading-only --yaw-moment hold --yaw-moment-gain 5 --yaw-moment-cap-nm 2.0 --results-csv outputs/yawm/grid_ab.csv,,6,step_up,1,3.405940739098394,,on,half-stance,0.0,0.0,0,0.0,4,4,heading-only,0.0,0,0.04,0,obstacle,0.24,15,skill.STEP_TROT_MAX,step_up_0p24,0,1,2026-09-01T07:36:29Z,goal,1,TROT,1.0,0.0,104,0.0,1,nan,13.636523246765137,,hold,2.0,5.0,0.0,
--headless --device cpu --params skill.STEP_TROT_MAX --reps 5 --skip-unsupported --foot-comp on --heading heading-only --yaw-moment hold --yaw-moment-gain 5 --yaw-moment-cap-nm 2.0 --results-csv outputs/yawm/grid_ab.csv,,6,step_up,1,3.3884652340061607,,on,half-stance,0.0,0.0,0,0.0,4,4,heading-only,0.0,0,0.04,0,obstacle,0.26,15,skill.STEP_TROT_MAX,step_up_0p26,0,1,2026-09-01T07:36:29Z,goal,1,TROT,1.0,0.0,104,0.0,1,nan,14.066508293151855,,hold,2.0,5.0,0.0,
--headless --device cpu --params skill.STEP_TROT_MAX --reps 5 --skip-unsupported --foot-comp on --heading heading-only --yaw-moment hold --yaw-moment-gain 5 --yaw-moment-cap-nm 2.0 --results-csv outputs/yawm/grid_ab.csv,,6,step_up,1,3.2473054206298992,,on,half-stance,0.0,0.0,0,0.0,4,4,heading-only,0.0,0,0.04,0,obstacle,0.28,15,skill.STEP_TROT_MAX,step_up_0p28,0,1,2026-09-01T07:36:29Z,goal,1,TROT,0.9999999999999982,0.0,104,0.0,1,nan,13.666269302368164,,hold,2.0,5.0,0.0,
--headless --device cpu --params skill.STEP_TROT_MAX --reps 5 --skip-unsupported --foot-comp on --heading heading-only --yaw-moment hold --yaw-moment-gain 5 --yaw-moment-cap-nm 2.0 --results-csv outputs/yawm/grid_ab.csv,,6,step_up,1,3.3604273066540062,,on,half-stance,0.0,0.0,0,0.0,4,4,heading-only,0.0,0,0.04,0,obstacle,0.3,15,skill.STEP_TROT_MAX,step_up_0p30,0,1,2026-09-01T07:36:29Z,goal,1,TROT,0.9999999999999964,0.0,104,0.0,1,nan,16.067426681518555,,hold,2.0,5.0,0.0,
--headless --device cpu --params skill.STEP_TROT_MAX --reps 5 --skip-unsupported --foot-comp on --heading heading-only --yaw-moment hold --yaw-moment-gain 5 --yaw-moment-cap-nm 2.0 --results-csv outputs/yawm/grid_ab.csv,,13,step_up,1,4.002857014512863,,on,half-stance,0.0,0.0,0,0.0,4,4,heading-only,0.0,0,0.04,0,obstacle,0.02,15,skill.STEP_TROT_MAX,step_up_0p02,0,2,2026-09-01T07:36:29Z,goal,1,TROT,1.0,0.0,146,0.0,1,nan,19.607458114624023,,hold,2.0,5.0,0.0,
--headless --device cpu --params skill.STEP_TROT_MAX --reps 5 --skip-unsupported --foot-comp on --heading heading-only --yaw-moment hold --yaw-moment-gain 5 --yaw-moment-cap-nm 2.0 --results-csv outputs/yawm/grid_ab.csv,,13,step_up,1,4.019499070713218,,on,half-stance,0.0,0.0,0,0.0,4,4,heading-only,0.0,0,0.04,0,obstacle,0.04,15,skill.STEP_TROT_MAX,step_up_0p04,0,2,2026-09-01T07:36:29Z,goal,1,TROT,0.9999999999999982,0.0,146,0.0,1,nan,23.46010398864746,,hold,2.0,5.0,0.0,
--headless --device cpu --params skill.STEP_TROT_MAX --reps 5 --skip-unsupported --foot-comp on --heading heading-only --yaw-moment hold --yaw-moment-gain 5 --yaw-moment-cap-nm 2.0 --results-csv outputs/yawm/grid_ab.csv,,13,step_up,1,4.2037960468810995,,on,half-stance,0.0,0.0,0,0.0,4,4,heading-only,0.0,0,0.04,0,obstacle,0.06,15,skill.STEP_TROT_MAX,step_up_0p06,0,2,2026-09-01T07:36:29Z,goal,1,TROT,0.9999999999999964,0.0,146,0.0,1,nan,18.335325241088867,,hold,2.0,5.0,0.0,
--headless --device cpu --params skill.STEP_TROT_MAX --reps 5 --skip-unsupported --foot-comp on --heading heading-only --yaw-moment hold --yaw-moment-gain 5 --yaw-moment-cap-nm 2.0 --results-csv outputs/yawm/grid_ab.csv,,13,step_up,1,3.5012682333621745,,on,half-stance,0.0,0.0,0,0.0,4,4,heading-only,0.0,0,0.04,0,obstacle,0.08,15,skill.STEP_TROT_MAX,step_up_0p08,0,2,2026-09-01T07:36:29Z,goal,1,TROT,1.0,0.0,146,0.0,1,nan,16.518911361694336,,hold,2.0,5.0,0.0,
--headless --device cpu --params skill.STEP_TROT_MAX --reps 5 --skip-unsupported --foot-comp on --heading heading-only --yaw-moment hold --yaw-moment-gain 5 --yaw-moment-cap-nm 2.0 --results-csv outputs/yawm/grid_ab.csv,,13,step_up,1,4.002025533093058,,on,half-stance,0.0,0.0,0,0.0,4,4,heading-only,0.0,0,0.04,0,obstacle,0.1,15,skill.STEP_TROT_MAX,step_up_0p10,0,2,2026-09-01T07:36:29Z,goal,1,TROT,1.0,0.0,146,0.0,1,nan,19.92167854309082,,hold,2.0,5.0,0.0,
--headless --device cpu --params skill.STEP_TROT_MAX --reps 5 --skip-unsupported --foot-comp on --heading heading-only --yaw-moment hold --yaw-moment-gain 5 --yaw-moment-cap-nm 2.0 --results-csv outputs/yawm/grid_ab.csv,,13,step_up,1,4.202784335229215,,on,half-stance,0.0,0.0,0,0.0,4,4,heading-only,0.0,0,0.04,0,obstacle,0.12,15,skill.STEP_TROT_MAX,step_up_0p12,0,2,2026-09-01T07:36:29Z,goal,1,TROT,0.9999999999999982,0.0,146,0.0,1,nan,19.273983001708984,,hold,2.0,5.0,0.0,
--headless --device cpu --params skill.STEP_TROT_MAX --reps 5 --skip-unsupported --foot-comp on --heading heading-only --yaw-moment hold --yaw-moment-gain 5 --yaw-moment-cap-nm 2.0 --results-csv outputs/yawm/grid_ab.csv,,13,step_up,1,4.21601781548069,,on,half-stance,0.0,0.0,0,0.0,4,4,heading-only,0.0,0,0.04,0,obstacle,0.14,15,skill.STEP_TROT_MAX,step_up_0p14,0,2,2026-09-01T07:36:29Z,goal,1,TROT,0.9999999999999964,0.0,146,0.0,1,nan,21.099224090576172,,hold,2.0,5.0,0.0,
--headless --device cpu --params skill.STEP_TROT_MAX --reps 5 --skip-unsupported --foot-comp on --heading heading-only --yaw-moment hold --yaw-moment-gain 5 --yaw-moment-cap-nm 2.0 --results-csv outputs/yawm/grid_ab.csv,,13,step_up,1,4.195659960806421,,on,half-stance,0.0,0.0,0,0.0,4,4,heading-only,0.0,0,0.04,0,obstacle,0.16,15,skill.STEP_TROT_MAX,step_up_0p16,0,2,2026-09-01T07:36:29Z,goal,1,TROT,1.0,0.0,146,0.0,1,nan,18.353626251220703,,hold,2.0,5.0,0.0,
--headless --device cpu --params skill.STEP_TROT_MAX --reps 5 --skip-unsupported --foot-comp on --heading heading-only --yaw-moment hold --yaw-moment-gain 5 --yaw-moment-cap-nm 2.0 --results-csv outputs/yawm/grid_ab.csv,,13,step_up,1,4.172584842906901,,on,half-stance,0.0,0.0,0,0.0,4,4,heading-only,0.0,0,0.04,0,obstacle,0.18,15,skill.STEP_TROT_MAX,step_up_0p18,0,2,2026-09-01T07:36:29Z,goal,1,TROT,1.0,0.0,146,0.0,1,nan,18.233348846435547,,hold,2.0,5.0,0.0,
--headless --device cpu --params skill.STEP_TROT_MAX --reps 5 --skip-unsupported --foot-comp on --heading heading-only --yaw-moment hold --yaw-moment-gain 5 --yaw-moment-cap-nm 2.0 --results-csv outputs/yawm/grid_ab.csv,,13,step_up,1,3.625401949496224,,on,half-stance,0.0,0.0,0,0.0,4,4,heading-only,0.0,0,0.04,0,obstacle,0.2,15,skill.STEP_TROT_MAX,step_up_0p20,0,2,2026-09-01T07:36:29Z,goal,1,TROT,0.9999999999999982,0.0,146,0.0,1,nan,18.384483337402344,,hold,2.0,5.0,0.0,
--headless --device cpu --params skill.STEP_TROT_MAX --reps 5 --skip-unsupported --foot-comp on --heading heading-only --yaw-moment hold --yaw-moment-gain 5 --yaw-moment-cap-nm 2.0 --results-csv outputs/yawm/grid_ab.csv,,13,step_up,1,4.2029139108360924,,on,half-stance,0.0,0.0,0,0.0,4,4,heading-only,0.0,0,0.04,0,obstacle,0.22,15,skill.STEP_TROT_MAX,step_up_0p22,0,2,2026-09-01T07:36:29Z,goal,1,TROT,0.9999999999999964,0.0,146,0.0,1,nan,18.451488494873047,,hold,2.0,5.0,0.0,
--headless --device cpu --params skill.STEP_TROT_MAX --reps 5 --skip-unsupported --foot-comp on --heading heading-only --yaw-moment hold --yaw-moment-gain 5 --yaw-moment-cap-nm 2.0 --results-csv outputs/yawm/grid_ab.csv,,13,step_up,1,4.121513689822142,,on,half-stance,0.0,0.0,0,0.0,4,4,heading-only,0.0,0,0.04,0,obstacle,0.24,15,skill.STEP_TROT_MAX,step_up_0p24,0,2,2026-09-01T07:36:29Z,goal,1,TROT,1.0,0.0,146,0.0,1,nan,21.837942123413086,,hold,2.0,5.0,0.0,
--headless --device cpu --params skill.STEP_TROT_MAX --reps 5 --skip-unsupported --foot-comp on --heading heading-only --yaw-moment hold --yaw-moment-gain 5 --yaw-moment-cap-nm 2.0 --results-csv outputs/yawm/grid_ab.csv,,13,step_up,1,4.245091482862627,,on,half-stance,0.0,0.0,0,0.0,4,4,heading-only,0.0,0,0.04,0,obstacle,0.26,15,skill.STEP_TROT_MAX,step_up_0p26,0,2,2026-09-01T07:36:29Z,goal,1,TROT,1.0,0.0,146,0.0,1,nan,18.056270599365234,,hold,2.0,5.0,0.0,
--headless --device cpu --params skill.STEP_TROT_MAX --reps 5 --skip-unsupported --foot-comp on --heading heading-only --yaw-moment hold --yaw-moment-gain 5 --yaw-moment-cap-nm 2.0 --results-csv outputs/yawm/grid_ab.csv,,13,step_up,1,4.046845900548934,,on,half-stance,0.0,0.0,0,0.0,4,4,heading-only,0.0,0,0.04,0,obstacle,0.28,15,skill.STEP_TROT_MAX,step_up_0p28,0,2,2026-09-01T07:36:29Z,goal,1,TROT,0.9999999999999982,0.0,146,0.0,1,nan,22.595693588256836,,hold,2.0,5.0,0.0,
--headless --device cpu --params skill.STEP_TROT_MAX --reps 5 --skip-unsupported --foot-comp on --heading heading-only --yaw-moment hold --yaw-moment-gain 5 --yaw-moment-cap-nm 2.0 --results-csv outputs/yawm/grid_ab.csv,,13,step_up,1,4.092667178430923,,on,half-stance,0.0,0.0,0,0.0,4,4,heading-only,0.0,0,0.04,0,obstacle,0.3,15,skill.STEP_TROT_MAX,step_up_0p30,0,2,2026-09-01T07:36:29Z,goal,1,TROT,0.9999999999999964,0.0,146,0.0,1,nan,16.665292739868164,,hold,2.0,5.0,0.0,
--headless --device cpu --params skill.STEP_TROT_MAX --reps 5 --skip-unsupported --foot-comp on --heading heading-only --yaw-moment hold --yaw-moment-gain 5 --yaw-moment-cap-nm 2.0 --results-csv outputs/yawm/grid_ab.csv,,19,step_up,1,3.9970402376316465,,on,half-stance,0.0,0.0,0,0.0,4,4,heading-only,0.0,0,0.04,0,obstacle,0.02,15,skill.STEP_TROT_MAX,step_up_0p02,0,3,2026-09-01T07:36:29Z,goal,1,TROT,1.0,0.0,107,0.0,1,nan,14.053644180297852,,hold,2.0,5.0,0.0,
--headless --device cpu --params skill.STEP_TROT_MAX --reps 5 --skip-unsupported --foot-comp on --heading heading-only --yaw-moment hold --yaw-moment-gain 5 --yaw-moment-cap-nm 2.0 --results-csv outputs/yawm/grid_ab.csv,,19,step_up,1,3.929011800873482,,on,half-stance,0.0,0.0,0,0.0,4,4,heading-only,0.0,0,0.04,0,obstacle,0.04,15,skill.STEP_TROT_MAX,step_up_0p04,0,3,2026-09-01T07:36:29Z,goal,1,TROT,0.9999999999999982,0.0,107,0.0,1,nan,13.953556060791016,,hold,2.0,5.0,0.0,
--headless --device cpu --params skill.STEP_TROT_MAX --reps 5 --skip-unsupported --foot-comp on --heading heading-only --yaw-moment hold --yaw-moment-gain 5 --yaw-moment-cap-nm 2.0 --results-csv outputs/yawm/grid_ab.csv,,19,step_up,1,4.203788681684064,,on,half-stance,0.0,0.0,0,0.0,4,4,heading-only,0.0,0,0.04,0,obstacle,0.06,15,skill.STEP_TROT_MAX,step_up_0p06,0,3,2026-09-01T07:36:29Z,goal,1,TROT,0.9999999999999964,0.0,107,0.0,1,nan,12.11873722076416,,hold,2.0,5.0,0.0,
--headless --device cpu --params skill.STEP_TROT_MAX --reps 5 --skip-unsupported --foot-comp on --heading heading-only --yaw-moment hold --yaw-moment-gain 5 --yaw-moment-cap-nm 2.0 --results-csv outputs/yawm/grid_ab.csv,,19,step_up,1,4.239005067580948,,on,half-stance,0.0,0.0,0,0.0,4,4,heading-only,0.0,0,0.04,0,obstacle,0.08,15,skill.STEP_TROT_MAX,step_up_0p08,0,3,2026-09-01T07:36:29Z,goal,1,TROT,1.0,0.0,107,0.0,1,nan,19.007192611694336,,hold,2.0,5.0,0.0,
--headless --device cpu --params skill.STEP_TROT_MAX --reps 5 --skip-unsupported --foot-comp on --heading heading-only --yaw-moment hold --yaw-moment-gain 5 --yaw-moment-cap-nm 2.0 --results-csv outputs/yawm/grid_ab.csv,,19,step_up,1,3.9785265216570465,,on,half-stance,0.0,0.0,0,0.0,4,4,heading-only,0.0,0,0.04,0,obstacle,0.1,15,skill.STEP_TROT_MAX,step_up_0p10,0,3,2026-09-01T07:36:29Z,goal,1,TROT,1.0,0.0,107,0.0,1,nan,13.922257423400879,,hold,2.0,5.0,0.0,
--headless --device cpu --params skill.STEP_TROT_MAX --reps 5 --skip-unsupported --foot-comp on --heading heading-only --yaw-moment hold --yaw-moment-gain 5 --yaw-moment-cap-nm 2.0 --results-csv outputs/yawm/grid_ab.csv,,19,step_up,1,4.2112500436953155,,on,half-stance,0.0,0.0,0,0.0,4,4,heading-only,0.0,0,0.04,0,obstacle,0.12,15,skill.STEP_TROT_MAX,step_up_0p12,0,3,2026-09-01T07:36:29Z,goal,1,TROT,0.9999999999999982,0.0,107,0.0,1,nan,11.573644638061523,,hold,2.0,5.0,0.0,
--headless --device cpu --params skill.STEP_TROT_MAX --reps 5 --skip-unsupported --foot-comp on --heading heading-only --yaw-moment hold --yaw-moment-gain 5 --yaw-moment-cap-nm 2.0 --results-csv outputs/yawm/grid_ab.csv,,19,step_up,1,4.207914733897592,,on,half-stance,0.0,0.0,0,0.0,4,4,heading-only,0.0,0,0.04,0,obstacle,0.14,15,skill.STEP_TROT_MAX,step_up_0p14,0,3,2026-09-01T07:36:29Z,goal,1,TROT,0.9999999999999964,0.0,107,0.0,1,nan,12.319677352905273,,hold,2.0,5.0,0.0,
--headless --device cpu --params skill.STEP_TROT_MAX --reps 5 --skip-unsupported --foot-comp on --heading heading-only --yaw-moment hold --yaw-moment-gain 5 --yaw-moment-cap-nm 2.0 --results-csv outputs/yawm/grid_ab.csv,,19,step_up,1,4.209744707306053,,on,half-stance,0.0,0.0,0,0.0,4,4,heading-only,0.0,0,0.04,0,obstacle,0.16,15,skill.STEP_TROT_MAX,step_up_0p16,0,3,2026-09-01T07:36:29Z,goal,1,TROT,1.0,0.0,107,0.0,1,nan,11.670242309570312,,hold,2.0,5.0,0.0,
--headless --device cpu --params skill.STEP_TROT_MAX --reps 5 --skip-unsupported --foot-comp on --heading heading-only --yaw-moment hold --yaw-moment-gain 5 --yaw-moment-cap-nm 2.0 --results-csv outputs/yawm/grid_ab.csv,,19,step_up,1,4.2094790730398435,,on,half-stance,0.0,0.0,0,0.0,4,4,heading-only,0.0,0,0.04,0,obstacle,0.18,15,skill.STEP_TROT_MAX,step_up_0p18,0,3,2026-09-01T07:36:29Z,goal,1,TROT,1.0,0.0,107,0.0,1,nan,12.517066955566406,,hold,2.0,5.0,0.0,
--headless --device cpu --params skill.STEP_TROT_MAX --reps 5 --skip-unsupported --foot-comp on --heading heading-only --yaw-moment hold --yaw-moment-gain 5 --yaw-moment-cap-nm 2.0 --results-csv outputs/yawm/grid_ab.csv,,19,step_up,1,4.24429716513372,,on,half-stance,0.0,0.0,0,0.0,4,4,heading-only,0.0,0,0.04,0,obstacle,0.2,15,skill.STEP_TROT_MAX,step_up_0p20,0,3,2026-09-01T07:36:29Z,goal,1,TROT,0.9999999999999982,0.0,107,0.0,1,nan,16.917064666748047,,hold,2.0,5.0,0.0,
--headless --device cpu --params skill.STEP_TROT_MAX --reps 5 --skip-unsupported --foot-comp on --heading heading-only --yaw-moment hold --yaw-moment-gain 5 --yaw-moment-cap-nm 2.0 --results-csv outputs/yawm/grid_ab.csv,,19,step_up,1,4.21426296424602,,on,half-stance,0.0,0.0,0,0.0,4,4,heading-only,0.0,0,0.04,0,obstacle,0.22,15,skill.STEP_TROT_MAX,step_up_0p22,0,3,2026-09-01T07:36:29Z,goal,1,TROT,0.9999999999999964,0.0,107,0.0,1,nan,11.764795303344727,,hold,2.0,5.0,0.0,
--headless --device cpu --params skill.STEP_TROT_MAX --reps 5 --skip-unsupported --foot-comp on --heading heading-only --yaw-moment hold --yaw-moment-gain 5 --yaw-moment-cap-nm 2.0 --results-csv outputs/yawm/grid_ab.csv,,19,step_up,1,4.219898079229031,,on,half-stance,0.0,0.0,0,0.0,4,4,heading-only,0.0,0,0.04,0,obstacle,0.24,15,skill.STEP_TROT_MAX,step_up_0p24,0,3,2026-09-01T07:36:29Z,goal,1,TROT,1.0,0.0,107,0.0,1,nan,11.87263298034668,,hold,2.0,5.0,0.0,
--headless --device cpu --params skill.STEP_TROT_MAX --reps 5 --skip-unsupported --foot-comp on --heading heading-only --yaw-moment hold --yaw-moment-gain 5 --yaw-moment-cap-nm 2.0 --results-csv outputs/yawm/grid_ab.csv,,19,step_up,1,4.208753404299542,,on,half-stance,0.0,0.0,0,0.0,4,4,heading-only,0.0,0,0.04,0,obstacle,0.26,15,skill.STEP_TROT_MAX,step_up_0p26,0,3,2026-09-01T07:36:29Z,goal,1,TROT,1.0,0.0,107,0.0,1,nan,12.250715255737305,,hold,2.0,5.0,0.0,
--headless --device cpu --params skill.STEP_TROT_MAX --reps 5 --skip-unsupported --foot-comp on --heading heading-only --yaw-moment hold --yaw-moment-gain 5 --yaw-moment-cap-nm 2.0 --results-csv outputs/yawm/grid_ab.csv,,19,step_up,1,4.233995436032148,,on,half-stance,0.0,0.0,0,0.0,4,4,heading-only,0.0,0,0.04,0,obstacle,0.28,15,skill.STEP_TROT_MAX,step_up_0p28,0,3,2026-09-01T07:36:29Z,goal,1,TROT,0.9999999999999982,0.0,107,0.0,1,nan,13.347946166992188,,hold,2.0,5.0,0.0,
--headless --device cpu --params skill.STEP_TROT_MAX --reps 5 --skip-unsupported --foot-comp on --heading heading-only --yaw-moment hold --yaw-moment-gain 5 --yaw-moment-cap-nm 2.0 --results-csv outputs/yawm/grid_ab.csv,,19,step_up,1,4.206451398131297,,on,half-stance,0.0,0.0,0,0.0,4,4,heading-only,0.0,0,0.04,0,obstacle,0.3,15,skill.STEP_TROT_MAX,step_up_0p30,0,3,2026-09-01T07:36:29Z,goal,1,TROT,0.9999999999999964,0.0,107,0.0,1,nan,12.284273147583008,,hold,2.0,5.0,0.0,
--headless --device cpu --params skill.STEP_TROT_MAX --reps 5 --skip-unsupported --foot-comp on --heading heading-only --yaw-moment hold --yaw-moment-gain 5 --yaw-moment-cap-nm 2.0 --results-csv outputs/yawm/grid_ab.csv,,26,step_up,1,4.255794369549886,,on,half-stance,0.0,0.0,0,0.0,4,4,heading-only,0.0,0,0.04,0,obstacle,0.02,15,skill.STEP_TROT_MAX,step_up_0p02,0,4,2026-09-01T07:36:29Z,goal,1,TROT,1.0,0.0,57,0.0,1,nan,21.260290145874023,,hold,2.0,5.0,0.0,
--headless --device cpu --params skill.STEP_TROT_MAX --reps 5 --skip-unsupported --foot-comp on --heading heading-only --yaw-moment hold --yaw-moment-gain 5 --yaw-moment-cap-nm 2.0 --results-csv outputs/yawm/grid_ab.csv,,26,step_up,1,4.260348600364497,,on,half-stance,0.0,0.0,0,0.0,4,4,heading-only,0.0,0,0.04,0,obstacle,0.04,15,skill.STEP_TROT_MAX,step_up_0p04,0,4,2026-09-01T07:36:29Z,goal,1,TROT,0.9999999999999982,0.0,57,0.0,1,nan,20.9066104888916,,hold,2.0,5.0,0.0,
--headless --device cpu --params skill.STEP_TROT_MAX --reps 5 --skip-unsupported --foot-comp on --heading heading-only --yaw-moment hold --yaw-moment-gain 5 --yaw-moment-cap-nm 2.0 --results-csv outputs/yawm/grid_ab.csv,,26,step_up,1,4.240600522976272,,on,half-stance,0.0,0.0,0,0.0,4,4,heading-only,0.0,0,0.04,0,obstacle,0.06,15,skill.STEP_TROT_MAX,step_up_0p06,0,4,2026-09-01T07:36:29Z,goal,1,TROT,0.9999999999999964,0.0,57,0.0,1,nan,23.670591354370117,,hold,2.0,5.0,0.0,
--headless --device cpu --params skill.STEP_TROT_MAX --reps 5 --skip-unsupported --foot-comp on --heading heading-only --yaw-moment hold --yaw-moment-gain 5 --yaw-moment-cap-nm 2.0 --results-csv outputs/yawm/grid_ab.csv,,26,step_up,1,4.2672195685917105,,on,half-stance,0.0,0.0,0,0.0,4,4,heading-only,0.0,0,0.04,1,obstacle,0.08,15,skill.STEP_TROT_MAX,step_up_0p08,0,4,2026-09-01T07:36:29Z,goal,1,TROT,1.0,0.0,57,0.0,1,nan,23.700000762939453,,hold,2.0,5.0,0.0,
--headless --device cpu --params skill.STEP_TROT_MAX --reps 5 --skip-unsupported --foot-comp on --heading heading-only --yaw-moment hold --yaw-moment-gain 5 --yaw-moment-cap-nm 2.0 --results-csv outputs/yawm/grid_ab.csv,,26,step_up,1,4.247555974184038,,on,half-stance,0.0,0.0,0,0.0,4,4,heading-only,0.0,0,0.04,0,obstacle,0.1,15,skill.STEP_TROT_MAX,step_up_0p10,0,4,2026-09-01T07:36:29Z,goal,1,TROT,1.0,0.0,57,0.0,1,nan,21.571025848388672,,hold,2.0,5.0,0.0,
--headless --device cpu --params skill.STEP_TROT_MAX --reps 5 --skip-unsupported --foot-comp on --heading heading-only --yaw-moment hold --yaw-moment-gain 5 --yaw-moment-cap-nm 2.0 --results-csv outputs/yawm/grid_ab.csv,,26,step_up,1,4.255867009591433,,on,half-stance,0.0,0.0,0,0.0,4,4,heading-only,0.0,0,0.04,0,obstacle,0.12,15,skill.STEP_TROT_MAX,step_up_0p12,0,4,2026-09-01T07:36:29Z,goal,1,TROT,0.9999999999999982,0.0,57,0.0,1,nan,21.3463191986084,,hold,2.0,5.0,0.0,
--headless --device cpu --params skill.STEP_TROT_MAX --reps 5 --skip-unsupported --foot-comp on --heading heading-only --yaw-moment hold --yaw-moment-gain 5 --yaw-moment-cap-nm 2.0 --results-csv outputs/yawm/grid_ab.csv,,26,step_up,1,4.29018462123036,,on,half-stance,0.0,0.0,0,0.0,4,4,heading-only,0.0,0,0.04,0,obstacle,0.14,15,skill.STEP_TROT_MAX,step_up_0p14,0,4,2026-09-01T07:36:29Z,goal,1,TROT,0.9999999999999964,0.0,57,0.0,1,nan,19.467140197753906,,hold,2.0,5.0,0.0,
--headless --device cpu --params skill.STEP_TROT_MAX --reps 5 --skip-unsupported --foot-comp on --heading heading-only --yaw-moment hold --yaw-moment-gain 5 --yaw-moment-cap-nm 2.0 --results-csv outputs/yawm/grid_ab.csv,,26,step_up,1,4.31525495922577,,on,half-stance,0.0,0.0,0,0.0,4,4,heading-only,0.0,0,0.04,0,obstacle,0.16,15,skill.STEP_TROT_MAX,step_up_0p16,0,4,2026-09-01T07:36:29Z,goal,1,TROT,1.0,0.0,57,0.0,1,nan,15.754838943481445,,hold,2.0,5.0,0.0,
--headless --device cpu --params skill.STEP_TROT_MAX --reps 5 --skip-unsupported --foot-comp on --heading heading-only --yaw-moment hold --yaw-moment-gain 5 --yaw-moment-cap-nm 2.0 --results-csv outputs/yawm/grid_ab.csv,,26,step_up,1,4.245620296939021,,on,half-stance,0.0,0.0,0,0.0,4,4,heading-only,0.0,0,0.04,0,obstacle,0.18,15,skill.STEP_TROT_MAX,step_up_0p18,0,4,2026-09-01T07:36:29Z,goal,1,TROT,1.0,0.0,57,0.0,1,nan,21.7724552154541,,hold,2.0,5.0,0.0,
--headless --device cpu --params skill.STEP_TROT_MAX --reps 5 --skip-unsupported --foot-comp on --heading heading-only --yaw-moment hold --yaw-moment-gain 5 --yaw-moment-cap-nm 2.0 --results-csv outputs/yawm/grid_ab.csv,,26,step_up,1,4.2971177409286705,,on,half-stance,0.0,0.0,0,0.0,4,4,heading-only,0.0,0,0.04,0,obstacle,0.2,15,skill.STEP_TROT_MAX,step_up_0p20,0,4,2026-09-01T07:36:29Z,goal,1,TROT,0.9999999999999982,0.0,57,0.0,1,nan,19.41805076599121,,hold,2.0,5.0,0.0,
--headless --device cpu --params skill.STEP_TROT_MAX --reps 5 --skip-unsupported --foot-comp on --heading heading-only --yaw-moment hold --yaw-moment-gain 5 --yaw-moment-cap-nm 2.0 --results-csv outputs/yawm/grid_ab.csv,,26,step_up,1,4.285236673520626,,on,half-stance,0.0,0.0,0,0.0,4,4,heading-only,0.0,0,0.04,0,obstacle,0.22,15,skill.STEP_TROT_MAX,step_up_0p22,0,4,2026-09-01T07:36:29Z,goal,1,TROT,0.9999999999999964,0.0,57,0.0,1,nan,19.93802833557129,,hold,2.0,5.0,0.0,
--headless --device cpu --params skill.STEP_TROT_MAX --reps 5 --skip-unsupported --foot-comp on --heading heading-only --yaw-moment hold --yaw-moment-gain 5 --yaw-moment-cap-nm 2.0 --results-csv outputs/yawm/grid_ab.csv,,26,step_up,1,4.273058570628022,,on,half-stance,0.0,0.0,0,0.0,4,4,heading-only,0.0,0,0.04,0,obstacle,0.24,15,skill.STEP_TROT_MAX,step_up_0p24,0,4,2026-09-01T07:36:29Z,goal,1,TROT,1.0,0.0,57,0.0,1,nan,23.100980758666992,,hold,2.0,5.0,0.0,
--headless --device cpu --params skill.STEP_TROT_MAX --reps 5 --skip-unsupported --foot-comp on --heading heading-only --yaw-moment hold --yaw-moment-gain 5 --yaw-moment-cap-nm 2.0 --results-csv outputs/yawm/grid_ab.csv,,26,step_up,1,4.253244716382037,,on,half-stance,0.0,0.0,0,0.0,4,4,heading-only,0.0,0,0.04,0,obstacle,0.26,15,skill.STEP_TROT_MAX,step_up_0p26,0,4,2026-09-01T07:36:29Z,goal,1,TROT,1.0,0.0,57,0.0,1,nan,21.3519287109375,,hold,2.0,5.0,0.0,
--headless --device cpu --params skill.STEP_TROT_MAX --reps 5 --skip-unsupported --foot-comp on --heading heading-only --yaw-moment hold --yaw-moment-gain 5 --yaw-moment-cap-nm 2.0 --results-csv outputs/yawm/grid_ab.csv,,26,step_up,1,4.275957501266345,,on,half-stance,0.0,0.0,0,0.0,4,4,heading-only,0.0,0,0.04,0,obstacle,0.28,15,skill.STEP_TROT_MAX,step_up_0p28,0,4,2026-09-01T07:36:29Z,goal,1,TROT,0.9999999999999982,0.0,57,0.0,1,nan,23.59659194946289,,hold,2.0,5.0,0.0,
--headless --device cpu --params skill.STEP_TROT_MAX --reps 5 --skip-unsupported --foot-comp on --heading heading-only --yaw-moment hold --yaw-moment-gain 5 --yaw-moment-cap-nm 2.0 --results-csv outputs/yawm/grid_ab.csv,,26,step_up,1,4.234443141203852,,on,half-stance,0.0,0.0,0,0.0,4,4,heading-only,0.0,0,0.04,1,obstacle,0.3,15,skill.STEP_TROT_MAX,step_up_0p30,0,4,2026-09-01T07:36:29Z,goal,1,TROT,0.9999999999999964,0.0,57,0.0,1,nan,23.700000762939453,,hold,2.0,5.0,0.0,
--headless --device cpu --params skill.STEP_TROT_MAX --reps 5 --skip-unsupported --foot-comp on --heading heading-only --yaw-moment off --results-csv outputs/yawm/grid_ab.csv,,0,step_up,1,1.5917477275484788,,on,half-stance,0.0,0.0,0,0.0,4,4,heading-only,0.0,0,0.04,0,obstacle,0.02,15,skill.STEP_TROT_MAX,step_up_0p02,0,0,2026-09-01T07:36:29Z,goal,1,TROT,1.0,0.0,901,0.0,1,nan,0.0,,off,nan,0.0,0.0,
--headless --device cpu --params skill.STEP_TROT_MAX --reps 5 --skip-unsupported --foot-comp on --heading heading-only --yaw-moment off --results-csv outputs/yawm/grid_ab.csv,,0,step_up,0,1.4894551929436997,,on,half-stance,0.0,0.0,0,0.0,4,4,heading-only,0.0,0,0.04,0,obstacle,0.04,15,skill.STEP_TROT_MAX,step_up_0p04,0,0,2026-09-01T07:36:29Z,goal,1,TROT,0.9999999999999982,0.0,901,0.0,1,nan,0.0,,off,nan,0.0,0.0,
--headless --device cpu --params skill.STEP_TROT_MAX --reps 5 --skip-unsupported --foot-comp on --heading heading-only --yaw-moment off --results-csv outputs/yawm/grid_ab.csv,,0,step_up,0,1.4469564597266256,,on,half-stance,0.0,0.0,0,0.0,4,4,heading-only,0.0,0,0.04,0,obstacle,0.06,15,skill.STEP_TROT_MAX,step_up_0p06,0,0,2026-09-01T07:36:29Z,goal,1,TROT,0.9999999999999964,0.0,901,0.0,1,nan,0.0,,off,nan,0.0,0.0,
--headless --device cpu --params skill.STEP_TROT_MAX --reps 5 --skip-unsupported --foot-comp on --heading heading-only --yaw-moment off --results-csv outputs/yawm/grid_ab.csv,,0,step_up,1,1.9064519078533149,,on,half-stance,0.0,0.0,0,0.0,4,4,heading-only,0.0,0,0.04,0,obstacle,0.08,15,skill.STEP_TROT_MAX,step_up_0p08,0,0,2026-09-01T07:36:29Z,goal,1,TROT,1.0,0.0,901,0.0,1,nan,0.0,,off,nan,0.0,0.0,
--headless --device cpu --params skill.STEP_TROT_MAX --reps 5 --skip-unsupported --foot-comp on --heading heading-only --yaw-moment off --results-csv outputs/yawm/grid_ab.csv,,0,step_up,0,1.4938548844866124,,on,half-stance,0.0,0.0,0,0.0,4,4,heading-only,0.0,0,0.04,0,obstacle,0.1,15,skill.STEP_TROT_MAX,step_up_0p10,0,0,2026-09-01T07:36:29Z,goal,1,TROT,1.0,0.0,901,0.0,1,nan,0.0,,off,nan,0.0,0.0,
--headless --device cpu --params skill.STEP_TROT_MAX --reps 5 --skip-unsupported --foot-comp on --heading heading-only --yaw-moment off --results-csv outputs/yawm/grid_ab.csv,,0,step_up,0,1.555225920498583,,on,half-stance,0.0,0.0,0,0.0,4,4,heading-only,0.0,0,0.04,0,obstacle,0.12,15,skill.STEP_TROT_MAX,step_up_0p12,0,0,2026-09-01T07:36:29Z,goal,1,TROT,0.9999999999999982,0.0,901,0.0,1,nan,0.0,,off,nan,0.0,0.0,
--headless --device cpu --params skill.STEP_TROT_MAX --reps 5 --skip-unsupported --foot-comp on --heading heading-only --yaw-moment off --results-csv outputs/yawm/grid_ab.csv,,0,step_up,1,1.1561229928163668,,on,half-stance,0.0,0.0,0,0.0,4,4,heading-only,0.0,0,0.04,0,obstacle,0.14,15,skill.STEP_TROT_MAX,step_up_0p14,0,0,2026-09-01T07:36:29Z,goal,1,TROT,0.9999999999999964,0.0,901,0.0,1,nan,0.0,,off,nan,0.0,0.0,
--headless --device cpu --params skill.STEP_TROT_MAX --reps 5 --skip-unsupported --foot-comp on --heading heading-only --yaw-moment off --results-csv outputs/yawm/grid_ab.csv,,0,step_up,1,1.9496417613279526,,on,half-stance,0.0,0.0,0,0.0,4,4,heading-only,0.0,0,0.04,0,obstacle,0.16,15,skill.STEP_TROT_MAX,step_up_0p16,0,0,2026-09-01T07:36:29Z,goal,1,TROT,1.0,0.0,901,0.0,1,nan,0.0,,off,nan,0.0,0.0,
--headless --device cpu --params skill.STEP_TROT_MAX --reps 5 --skip-unsupported --foot-comp on --heading heading-only --yaw-moment off --results-csv outputs/yawm/grid_ab.csv,,0,step_up,1,1.7290804790539986,,on,half-stance,0.0,0.0,0,0.0,4,4,heading-only,0.0,0,0.04,0,obstacle,0.18,15,skill.STEP_TROT_MAX,step_up_0p18,0,0,2026-09-01T07:36:29Z,goal,1,TROT,1.0,0.0,901,0.0,1,nan,0.0,,off,nan,0.0,0.0,
--headless --device cpu --params skill.STEP_TROT_MAX --reps 5 --skip-unsupported --foot-comp on --heading heading-only --yaw-moment off --results-csv outputs/yawm/grid_ab.csv,,0,step_up,1,1.56818210551618,,on,half-stance,0.0,0.0,0,0.0,4,4,heading-only,0.0,0,0.04,0,obstacle,0.2,15,skill.STEP_TROT_MAX,step_up_0p20,0,0,2026-09-01T07:36:29Z,goal,1,TROT,0.9999999999999982,0.0,901,0.0,1,nan,0.0,,off,nan,0.0,0.0,
--headless --device cpu --params skill.STEP_TROT_MAX --reps 5 --skip-unsupported --foot-comp on --heading heading-only --yaw-moment off --results-csv outputs/yawm/grid_ab.csv,,0,step_up,1,1.5530751563168435,,on,half-stance,0.0,0.0,0,0.0,4,4,heading-only,0.0,0,0.04,0,obstacle,0.22,15,skill.STEP_TROT_MAX,step_up_0p22,0,0,2026-09-01T07:36:29Z,goal,1,TROT,0.9999999999999964,0.0,901,0.0,1,nan,0.0,,off,nan,0.0,0.0,
--headless --device cpu --params skill.STEP_TROT_MAX --reps 5 --skip-unsupported --foot-comp on --heading heading-only --yaw-moment off --results-csv outputs/yawm/grid_ab.csv,,0,step_up,1,1.9799933601274966,,on,half-stance,0.0,0.0,0,0.0,4,4,heading-only,0.0,0,0.04,0,obstacle,0.24,15,skill.STEP_TROT_MAX,step_up_0p24,0,0,2026-09-01T07:36:29Z,goal,1,TROT,1.0,0.0,901,0.0,1,nan,0.0,,off,nan,0.0,0.0,
--headless --device cpu --params skill.STEP_TROT_MAX --reps 5 --skip-unsupported --foot-comp on --heading heading-only --yaw-moment off --results-csv outputs/yawm/grid_ab.csv,,0,step_up,1,2.0111348371284867,,on,half-stance,0.0,0.0,0,0.0,4,4,heading-only,0.0,0,0.04,0,obstacle,0.26,15,skill.STEP_TROT_MAX,step_up_0p26,0,0,2026-09-01T07:36:29Z,goal,1,TROT,1.0,0.0,901,0.0,1,nan,0.0,,off,nan,0.0,0.0,
--headless --device cpu --params skill.STEP_TROT_MAX --reps 5 --skip-unsupported --foot-comp on --heading heading-only --yaw-moment off --results-csv outputs/yawm/grid_ab.csv,,0,step_up,1,2.1019339579287974,,on,half-stance,0.0,0.0,0,0.0,4,4,heading-only,0.0,0,0.04,0,obstacle,0.28,15,skill.STEP_TROT_MAX,step_up_0p28,0,0,2026-09-01T07:36:29Z,goal,1,TROT,0.9999999999999982,0.0,901,0.0,1,nan,0.0,,off,nan,0.0,0.0,
--headless --device cpu --params skill.STEP_TROT_MAX --reps 5 --skip-unsupported --foot-comp on --heading heading-only --yaw-moment off --results-csv outputs/yawm/grid_ab.csv,,0,step_up,1,2.133374075738264,,on,half-stance,0.0,0.0,0,0.0,4,4,heading-only,0.0,0,0.04,0,obstacle,0.3,15,skill.STEP_TROT_MAX,step_up_0p30,0,0,2026-09-01T07:36:29Z,goal,1,TROT,0.9999999999999964,0.0,901,0.0,1,nan,0.0,,off,nan,0.0,0.0,
--headless --device cpu --params skill.STEP_TROT_MAX --reps 5 --skip-unsupported --foot-comp on --heading heading-only --yaw-moment off --results-csv outputs/yawm/grid_ab.csv,,6,step_up,1,3.682224423299787,,on,half-stance,0.0,0.0,0,0.0,4,4,heading-only,0.0,0,0.04,0,obstacle,0.02,15,skill.STEP_TROT_MAX,step_up_0p02,0,1,2026-09-01T07:36:29Z,goal,1,TROT,1.0,0.0,68,0.0,1,nan,0.0,,off,nan,0.0,0.0,
--headless --device cpu --params skill.STEP_TROT_MAX --reps 5 --skip-unsupported --foot-comp on --heading heading-only --yaw-moment off --results-csv outputs/yawm/grid_ab.csv,,6,step_up,1,3.68396298413153,,on,half-stance,0.0,0.0,0,0.0,4,4,heading-only,0.0,0,0.04,0,obstacle,0.04,15,skill.STEP_TROT_MAX,step_up_0p04,0,1,2026-09-01T07:36:29Z,goal,1,TROT,0.9999999999999982,0.0,68,0.0,1,nan,0.0,,off,nan,0.0,0.0,
--headless --device cpu --params skill.STEP_TROT_MAX --reps 5 --skip-unsupported --foot-comp on --heading heading-only --yaw-moment off --results-csv outputs/yawm/grid_ab.csv,,6,step_up,1,3.689487663363638,,on,half-stance,0.0,0.0,0,0.0,4,4,heading-only,0.0,0,0.04,0,obstacle,0.06,15,skill.STEP_TROT_MAX,step_up_0p06,0,1,2026-09-01T07:36:29Z,goal,1,TROT,0.9999999999999964,0.0,68,0.0,1,nan,0.0,,off,nan,0.0,0.0,
--headless --device cpu --params skill.STEP_TROT_MAX --reps 5 --skip-unsupported --foot-comp on --heading heading-only --yaw-moment off --results-csv outputs/yawm/grid_ab.csv,,6,step_up,1,3.6907717150556243,,on,half-stance,0.0,0.0,0,0.0,4,4,heading-only,0.0,0,0.04,0,obstacle,0.08,15,skill.STEP_TROT_MAX,step_up_0p08,0,1,2026-09-01T07:36:29Z,goal,1,TROT,1.0,0.0,68,0.0,1,nan,0.0,,off,nan,0.0,0.0,
--headless --device cpu --params skill.STEP_TROT_MAX --reps 5 --skip-unsupported --foot-comp on --heading heading-only --yaw-moment off --results-csv outputs/yawm/grid_ab.csv,,6,step_up,1,3.684131092232171,,on,half-stance,0.0,0.0,0,0.0,4,4,heading-only,0.0,0,0.04,0,obstacle,0.1,15,skill.STEP_TROT_MAX,step_up_0p10,0,1,2026-09-01T07:36:29Z,goal,1,TROT,1.0,0.0,68,0.0,1,nan,0.0,,off,nan,0.0,0.0,
--headless --device cpu --params skill.STEP_TROT_MAX --reps 5 --skip-unsupported --foot-comp on --heading heading-only --yaw-moment off --results-csv outputs/yawm/grid_ab.csv,,6,step_up,1,3.6920450052927465,,on,half-stance,0.0,0.0,0,0.0,4,4,heading-only,0.0,0,0.04,0,obstacle,0.12,15,skill.STEP_TROT_MAX,step_up_0p12,0,1,2026-09-01T07:36:29Z,goal,1,TROT,0.9999999999999982,0.0,68,0.0,1,nan,0.0,,off,nan,0.0,0.0,
--headless --device cpu --params skill.STEP_TROT_MAX --reps 5 --skip-unsupported --foot-comp on --heading heading-only --yaw-moment off --results-csv outputs/yawm/grid_ab.csv,,6,step_up,1,3.6868866170770884,,on,half-stance,0.0,0.0,0,0.0,4,4,heading-only,0.0,0,0.04,0,obstacle,0.14,15,skill.STEP_TROT_MAX,step_up_0p14,0,1,2026-09-01T07:36:29Z,goal,1,TROT,0.9999999999999964,0.0,68,0.0,1,nan,0.0,,off,nan,0.0,0.0,
--headless --device cpu --params skill.STEP_TROT_MAX --reps 5 --skip-unsupported --foot-comp on --heading heading-only --yaw-moment off --results-csv outputs/yawm/grid_ab.csv,,6,step_up,1,3.6877463482998856,,on,half-stance,0.0,0.0,0,0.0,4,4,heading-only,0.0,0,0.04,0,obstacle,0.16,15,skill.STEP_TROT_MAX,step_up_0p16,0,1,2026-09-01T07:36:29Z,goal,1,TROT,1.0,0.0,68,0.0,1,nan,0.0,,off,nan,0.0,0.0,
--headless --device cpu --params skill.STEP_TROT_MAX --reps 5 --skip-unsupported --foot-comp on --heading heading-only --yaw-moment off --results-csv outputs/yawm/grid_ab.csv,,6,step_up,1,3.6830183170684525,,on,half-stance,0.0,0.0,0,0.0,4,4,heading-only,0.0,0,0.04,0,obstacle,0.18,15,skill.STEP_TROT_MAX,step_up_0p18,0,1,2026-09-01T07:36:29Z,goal,1,TROT,1.0,0.0,68,0.0,1,nan,0.0,,off,nan,0.0,0.0,
--headless --device cpu --params skill.STEP_TROT_MAX --reps 5 --skip-unsupported --foot-comp on --heading heading-only --yaw-moment off --results-csv outputs/yawm/grid_ab.csv,,6,step_up,1,3.6876888368719865,,on,half-stance,0.0,0.0,0,0.0,4,4,heading-only,0.0,0,0.04,0,obstacle,0.2,15,skill.STEP_TROT_MAX,step_up_0p20,0,1,2026-09-01T07:36:29Z,goal,1,TROT,0.9999999999999982,0.0,68,0.0,1,nan,0.0,,off,nan,0.0,0.0,
--headless --device cpu --params skill.STEP_TROT_MAX --reps 5 --skip-unsupported --foot-comp on --heading heading-only --yaw-moment off --results-csv outputs/yawm/grid_ab.csv,,6,step_up,1,3.690069132854354,,on,half-stance,0.0,0.0,0,0.0,4,4,heading-only,0.0,0,0.04,0,obstacle,0.22,15,skill.STEP_TROT_MAX,step_up_0p22,0,1,2026-09-01T07:36:29Z,goal,1,TROT,0.9999999999999964,0.0,68,0.0,1,nan,0.0,,off,nan,0.0,0.0,
--headless --device cpu --params skill.STEP_TROT_MAX --reps 5 --skip-unsupported --foot-comp on --heading heading-only --yaw-moment off --results-csv outputs/yawm/grid_ab.csv,,6,step_up,1,3.692023242306053,,on,half-stance,0.0,0.0,0,0.0,4,4,heading-only,0.0,0,0.04,0,obstacle,0.24,15,skill.STEP_TROT_MAX,step_up_0p24,0,1,2026-09-01T07:36:29Z,goal,1,TROT,1.0,0.0,68,0.0,1,nan,0.0,,off,nan,0.0,0.0,
--headless --device cpu --params skill.STEP_TROT_MAX --reps 5 --skip-unsupported --foot-comp on --heading heading-only --yaw-moment off --results-csv outputs/yawm/grid_ab.csv,,6,step_up,1,3.686107365935508,,on,half-stance,0.0,0.0,0,0.0,4,4,heading-only,0.0,0,0.04,0,obstacle,0.26,15,skill.STEP_TROT_MAX,step_up_0p26,0,1,2026-09-01T07:36:29Z,goal,1,TROT,1.0,0.0,68,0.0,1,nan,0.0,,off,nan,0.0,0.0,
--headless --device cpu --params skill.STEP_TROT_MAX --reps 5 --skip-unsupported --foot-comp on --heading heading-only --yaw-moment off --results-csv outputs/yawm/grid_ab.csv,,6,step_up,1,3.6882902986571096,,on,half-stance,0.0,0.0,0,0.0,4,4,heading-only,0.0,0,0.04,0,obstacle,0.28,15,skill.STEP_TROT_MAX,step_up_0p28,0,1,2026-09-01T07:36:29Z,goal,1,TROT,0.9999999999999982,0.0,68,0.0,1,nan,0.0,,off,nan,0.0,0.0,
--headless --device cpu --params skill.STEP_TROT_MAX --reps 5 --skip-unsupported --foot-comp on --heading heading-only --yaw-moment off --results-csv outputs/yawm/grid_ab.csv,,6,step_up,1,3.6803453605440715,,on,half-stance,0.0,0.0,0,0.0,4,4,heading-only,0.0,0,0.04,0,obstacle,0.3,15,skill.STEP_TROT_MAX,step_up_0p30,0,1,2026-09-01T07:36:29Z,goal,1,TROT,0.9999999999999964,0.0,68,0.0,1,nan,0.0,,off,nan,0.0,0.0,
--headless --device cpu --params skill.STEP_TROT_MAX --reps 5 --skip-unsupported --foot-comp on --heading heading-only --yaw-moment off --results-csv outputs/yawm/grid_ab.csv,,13,step_up,0,3.861698050314221,,on,half-stance,0.0,0.0,0,0.0,4,4,heading-only,0.0,0,0.04,0,obstacle,0.02,15,skill.STEP_TROT_MAX,step_up_0p02,0,2,2026-09-01T07:36:29Z,goal,1,TROT,1.0,0.0,901,0.0,1,nan,0.0,,off,nan,0.0,0.0,
--headless --device cpu --params skill.STEP_TROT_MAX --reps 5 --skip-unsupported --foot-comp on --heading heading-only --yaw-moment off --results-csv outputs/yawm/grid_ab.csv,,13,step_up,1,4.0967776747489975,,on,half-stance,0.0,0.0,0,0.0,4,4,heading-only,0.0,0,0.04,0,obstacle,0.04,15,skill.STEP_TROT_MAX,step_up_0p04,0,2,2026-09-01T07:36:29Z,goal,1,TROT,0.9999999999999982,0.0,901,0.0,1,nan,0.0,,off,nan,0.0,0.0,
--headless --device cpu --params skill.STEP_TROT_MAX --reps 5 --skip-unsupported --foot-comp on --heading heading-only --yaw-moment off --results-csv outputs/yawm/grid_ab.csv,,13,step_up,1,4.3006988249413105,,on,half-stance,0.0,0.0,0,0.0,4,4,heading-only,0.0,0,0.04,0,obstacle,0.06,15,skill.STEP_TROT_MAX,step_up_0p06,0,2,2026-09-01T07:36:29Z,goal,1,TROT,0.9999999999999964,0.0,901,0.0,1,nan,0.0,,off,nan,0.0,0.0,
--headless --device cpu --params skill.STEP_TROT_MAX --reps 5 --skip-unsupported --foot-comp on --heading heading-only --yaw-moment off --results-csv outputs/yawm/grid_ab.csv,,13,step_up,0,3.631585813368862,,on,half-stance,0.0,0.0,0,0.0,4,4,heading-only,0.0,0,0.04,0,obstacle,0.08,15,skill.STEP_TROT_MAX,step_up_0p08,0,2,2026-09-01T07:36:29Z,goal,1,TROT,1.0,0.0,901,0.0,1,nan,0.0,,off,nan,0.0,0.0,
--headless --device cpu --params skill.STEP_TROT_MAX --reps 5 --skip-unsupported --foot-comp on --heading heading-only --yaw-moment off --results-csv outputs/yawm/grid_ab.csv,,13,step_up,1,17.308610300547166,,on,half-stance,0.0,0.0,0,0.0,4,4,heading-only,0.0,0,0.04,0,obstacle,0.1,15,skill.STEP_TROT_MAX,step_up_0p10,0,2,2026-09-01T07:36:29Z,goal,1,TROT,1.0,0.0,901,0.0,1,nan,0.0,,off,nan,0.0,0.0,
--headless --device cpu --params skill.STEP_TROT_MAX --reps 5 --skip-unsupported --foot-comp on --heading heading-only --yaw-moment off --results-csv outputs/yawm/grid_ab.csv,,13,step_up,1,6.057648438861782,,on,half-stance,0.0,0.0,0,0.0,4,4,heading-only,0.0,0,0.04,0,obstacle,0.12,15,skill.STEP_TROT_MAX,step_up_0p12,0,2,2026-09-01T07:36:29Z,goal,1,TROT,0.9999999999999982,0.0,901,0.0,1,nan,0.0,,off,nan,0.0,0.0,
--headless --device cpu --params skill.STEP_TROT_MAX --reps 5 --skip-unsupported --foot-comp on --heading heading-only --yaw-moment off --results-csv outputs/yawm/grid_ab.csv,,13,step_up,1,4.094109320660355,,on,half-stance,0.0,0.0,0,0.0,4,4,heading-only,0.0,0,0.04,0,obstacle,0.14,15,skill.STEP_TROT_MAX,step_up_0p14,0,2,2026-09-01T07:36:29Z,goal,1,TROT,0.9999999999999964,0.0,901,0.0,1,nan,0.0,,off,nan,0.0,0.0,
--headless --device cpu --params skill.STEP_TROT_MAX --reps 5 --skip-unsupported --foot-comp on --heading heading-only --yaw-moment off --results-csv outputs/yawm/grid_ab.csv,,13,step_up,1,4.018043848115777,,on,half-stance,0.0,0.0,0,0.0,4,4,heading-only,0.0,0,0.04,0,obstacle,0.16,15,skill.STEP_TROT_MAX,step_up_0p16,0,2,2026-09-01T07:36:29Z,goal,1,TROT,1.0,0.0,901,0.0,1,nan,0.0,,off,nan,0.0,0.0,
--headless --device cpu --params skill.STEP_TROT_MAX --reps 5 --skip-unsupported --foot-comp on --heading heading-only --yaw-moment off --results-csv outputs/yawm/grid_ab.csv,,13,step_up,1,4.429786299113814,,on,half-stance,0.0,0.0,0,0.0,4,4,heading-only,0.0,0,0.04,0,obstacle,0.18,15,skill.STEP_TROT_MAX,step_up_0p18,0,2,2026-09-01T07:36:29Z,goal,1,TROT,1.0,0.0,901,0.0,1,nan,0.0,,off,nan,0.0,0.0,
--headless --device cpu --params skill.STEP_TROT_MAX --reps 5 --skip-unsupported --foot-comp on --heading heading-only --yaw-moment off --results-csv outputs/yawm/grid_ab.csv,,13,step_up,1,4.096368523816927,,on,half-stance,0.0,0.0,0,0.0,4,4,heading-only,0.0,0,0.04,0,obstacle,0.2,15,skill.STEP_TROT_MAX,step_up_0p20,0,2,2026-09-01T07:36:29Z,goal,1,TROT,0.9999999999999982,0.0,901,0.0,1,nan,0.0,,off,nan,0.0,0.0,
--headless --device cpu --params skill.STEP_TROT_MAX --reps 5 --skip-unsupported --foot-comp on --heading heading-only --yaw-moment off --results-csv outputs/yawm/grid_ab.csv,,13,step_up,1,4.074526371888509,,on,half-stance,0.0,0.0,0,0.0,4,4,heading-only,0.0,0,0.04,0,obstacle,0.22,15,skill.STEP_TROT_MAX,step_up_0p22,0,2,2026-09-01T07:36:29Z,goal,1,TROT,0.9999999999999964,0.0,901,0.0,1,nan,0.0,,off,nan,0.0,0.0,
--headless --device cpu --params skill.STEP_TROT_MAX --reps 5 --skip-unsupported --foot-comp on --heading heading-only --yaw-moment off --results-csv outputs/yawm/grid_ab.csv,,13,step_up,1,4.107261904265833,,on,half-stance,0.0,0.0,0,0.0,4,4,heading-only,0.0,0,0.04,0,obstacle,0.24,15,skill.STEP_TROT_MAX,step_up_0p24,0,2,2026-09-01T07:36:29Z,goal,1,TROT,1.0,0.0,901,0.0,1,nan,0.0,,off,nan,0.0,0.0,
--headless --device cpu --params skill.STEP_TROT_MAX --reps 5 --skip-unsupported --foot-comp on --heading heading-only --yaw-moment off --results-csv outputs/yawm/grid_ab.csv,,13,step_up,1,4.096233270812825,,on,half-stance,0.0,0.0,0,0.0,4,4,heading-only,0.0,0,0.04,0,obstacle,0.26,15,skill.STEP_TROT_MAX,step_up_0p26,0,2,2026-09-01T07:36:29Z,goal,1,TROT,1.0,0.0,901,0.0,1,nan,0.0,,off,nan,0.0,0.0,
--headless --device cpu --params skill.STEP_TROT_MAX --reps 5 --skip-unsupported --foot-comp on --heading heading-only --yaw-moment off --results-csv outputs/yawm/grid_ab.csv,,13,step_up,1,4.02747356604688,,on,half-stance,0.0,0.0,0,0.0,4,4,heading-only,0.0,0,0.04,0,obstacle,0.28,15,skill.STEP_TROT_MAX,step_up_0p28,0,2,2026-09-01T07:36:29Z,goal,1,TROT,0.9999999999999982,0.0,901,0.0,1,nan,0.0,,off,nan,0.0,0.0,
--headless --device cpu --params skill.STEP_TROT_MAX --reps 5 --skip-unsupported --foot-comp on --heading heading-only --yaw-moment off --results-csv outputs/yawm/grid_ab.csv,,13,step_up,1,4.418392653406648,,on,half-stance,0.0,0.0,0,0.0,4,4,heading-only,0.0,0,0.04,0,obstacle,0.3,15,skill.STEP_TROT_MAX,step_up_0p30,0,2,2026-09-01T07:36:29Z,goal,1,TROT,0.9999999999999964,0.0,901,0.0,1,nan,0.0,,off,nan,0.0,0.0,
--headless --device cpu --params skill.STEP_TROT_MAX --reps 5 --skip-unsupported --foot-comp on --heading heading-only --yaw-moment off --results-csv outputs/yawm/grid_ab.csv,,19,step_up,1,4.204182930805189,,on,half-stance,0.0,0.0,0,0.0,4,4,heading-only,0.0,0,0.04,0,obstacle,0.02,15,skill.STEP_TROT_MAX,step_up_0p02,0,3,2026-09-01T07:36:29Z,goal,1,TROT,1.0,0.0,84,0.0,1,nan,0.0,,off,nan,0.0,0.0,
--headless --device cpu --params skill.STEP_TROT_MAX --reps 5 --skip-unsupported --foot-comp on --heading heading-only --yaw-moment off --results-csv outputs/yawm/grid_ab.csv,,19,step_up,1,4.198058055421896,,on,half-stance,0.0,0.0,0,0.0,4,4,heading-only,0.0,0,0.04,0,obstacle,0.04,15,skill.STEP_TROT_MAX,step_up_0p04,0,3,2026-09-01T07:36:29Z,goal,1,TROT,0.9999999999999982,0.0,84,0.0,1,nan,0.0,,off,nan,0.0,0.0,
--headless --device cpu --params skill.STEP_TROT_MAX --reps 5 --skip-unsupported --foot-comp on --heading heading-only --yaw-moment off --results-csv outputs/yawm/grid_ab.csv,,19,step_up,1,4.2031573769691715,,on,half-stance,0.0,0.0,0,0.0,4,4,heading-only,0.0,0,0.04,0,obstacle,0.06,15,skill.STEP_TROT_MAX,step_up_0p06,0,3,2026-09-01T07:36:29Z,goal,1,TROT,0.9999999999999964,0.0,84,0.0,1,nan,0.0,,off,nan,0.0,0.0,
--headless --device cpu --params skill.STEP_TROT_MAX --reps 5 --skip-unsupported --foot-comp on --heading heading-only --yaw-moment off --results-csv outputs/yawm/grid_ab.csv,,19,step_up,1,4.210048641251271,,on,half-stance,0.0,0.0,0,0.0,4,4,heading-only,0.0,0,0.04,0,obstacle,0.08,15,skill.STEP_TROT_MAX,step_up_0p08,0,3,2026-09-01T07:36:29Z,goal,1,TROT,1.0,0.0,84,0.0,1,nan,0.0,,off,nan,0.0,0.0,
--headless --device cpu --params skill.STEP_TROT_MAX --reps 5 --skip-unsupported --foot-comp on --heading heading-only --yaw-moment off --results-csv outputs/yawm/grid_ab.csv,,19,step_up,1,4.20765208586948,,on,half-stance,0.0,0.0,0,0.0,4,4,heading-only,0.0,0,0.04,0,obstacle,0.1,15,skill.STEP_TROT_MAX,step_up_0p10,0,3,2026-09-01T07:36:29Z,goal,1,TROT,1.0,0.0,84,0.0,1,nan,0.0,,off,nan,0.0,0.0,
--headless --device cpu --params skill.STEP_TROT_MAX --reps 5 --skip-unsupported --foot-comp on --heading heading-only --yaw-moment off --results-csv outputs/yawm/grid_ab.csv,,19,step_up,1,4.199685851807723,,on,half-stance,0.0,0.0,0,0.0,4,4,heading-only,0.0,0,0.04,0,obstacle,0.12,15,skill.STEP_TROT_MAX,step_up_0p12,0,3,2026-09-01T07:36:29Z,goal,1,TROT,0.9999999999999982,0.0,84,0.0,1,nan,0.0,,off,nan,0.0,0.0,
--headless --device cpu --params skill.STEP_TROT_MAX --reps 5 --skip-unsupported --foot-comp on --heading heading-only --yaw-moment off --results-csv outputs/yawm/grid_ab.csv,,19,step_up,1,4.209263153842052,,on,half-stance,0.0,0.0,0,0.0,4,4,heading-only,0.0,0,0.04,0,obstacle,0.14,15,skill.STEP_TROT_MAX,step_up_0p14,0,3,2026-09-01T07:36:29Z,goal,1,TROT,0.9999999999999964,0.0,84,0.0,1,nan,0.0,,off,nan,0.0,0.0,
--headless --device cpu --params skill.STEP_TROT_MAX --reps 5 --skip-unsupported --foot-comp on --heading heading-only --yaw-moment off --results-csv outputs/yawm/grid_ab.csv,,19,step_up,1,4.207160759428128,,on,half-stance,0.0,0.0,0,0.0,4,4,heading-only,0.0,0,0.04,0,obstacle,0.16,15,skill.STEP_TROT_MAX,step_up_0p16,0,3,2026-09-01T07:36:29Z,goal,1,TROT,1.0,0.0,84,0.0,1,nan,0.0,,off,nan,0.0,0.0,
--headless --device cpu --params skill.STEP_TROT_MAX --reps 5 --skip-unsupported --foot-comp on --heading heading-only --yaw-moment off --results-csv outputs/yawm/grid_ab.csv,,19,step_up,1,4.201481241351716,,on,half-stance,0.0,0.0,0,0.0,4,4,heading-only,0.0,0,0.04,0,obstacle,0.18,15,skill.STEP_TROT_MAX,step_up_0p18,0,3,2026-09-01T07:36:29Z,goal,1,TROT,1.0,0.0,84,0.0,1,nan,0.0,,off,nan,0.0,0.0,
--headless --device cpu --params skill.STEP_TROT_MAX --reps 5 --skip-unsupported --foot-comp on --heading heading-only --yaw-moment off --results-csv outputs/yawm/grid_ab.csv,,19,step_up,1,4.214596849878006,,on,half-stance,0.0,0.0,0,0.0,4,4,heading-only,0.0,0,0.04,0,obstacle,0.2,15,skill.STEP_TROT_MAX,step_up_0p20,0,3,2026-09-01T07:36:29Z,goal,1,TROT,0.9999999999999982,0.0,84,0.0,1,nan,0.0,,off,nan,0.0,0.0,
--headless --device cpu --params skill.STEP_TROT_MAX --reps 5 --skip-unsupported --foot-comp on --heading heading-only --yaw-moment off --results-csv outputs/yawm/grid_ab.csv,,19,step_up,1,4.210305495603518,,on,half-stance,0.0,0.0,0,0.0,4,4,heading-only,0.0,0,0.04,0,obstacle,0.22,15,skill.STEP_TROT_MAX,step_up_0p22,0,3,2026-09-01T07:36:29Z,goal,1,TROT,0.9999999999999964,0.0,84,0.0,1,nan,0.0,,off,nan,0.0,0.0,
--headless --device cpu --params skill.STEP_TROT_MAX --reps 5 --skip-unsupported --foot-comp on --heading heading-only --yaw-moment off --results-csv outputs/yawm/grid_ab.csv,,19,step_up,1,4.2113520669272395,,on,half-stance,0.0,0.0,0,0.0,4,4,heading-only,0.0,0,0.04,0,obstacle,0.24,15,skill.STEP_TROT_MAX,step_up_0p24,0,3,2026-09-01T07:36:29Z,goal,1,TROT,1.0,0.0,84,0.0,1,nan,0.0,,off,nan,0.0,0.0,
--headless --device cpu --params skill.STEP_TROT_MAX --reps 5 --skip-unsupported --foot-comp on --heading heading-only --yaw-moment off --results-csv outputs/yawm/grid_ab.csv,,19,step_up,1,4.204428037974065,,on,half-stance,0.0,0.0,0,0.0,4,4,heading-only,0.0,0,0.04,0,obstacle,0.26,15,skill.STEP_TROT_MAX,step_up_0p26,0,3,2026-09-01T07:36:29Z,goal,1,TROT,1.0,0.0,84,0.0,1,nan,0.0,,off,nan,0.0,0.0,
--headless --device cpu --params skill.STEP_TROT_MAX --reps 5 --skip-unsupported --foot-comp on --heading heading-only --yaw-moment off --results-csv outputs/yawm/grid_ab.csv,,19,step_up,1,4.21174150578873,,on,half-stance,0.0,0.0,0,0.0,4,4,heading-only,0.0,0,0.04,0,obstacle,0.28,15,skill.STEP_TROT_MAX,step_up_0p28,0,3,2026-09-01T07:36:29Z,goal,1,TROT,0.9999999999999982,0.0,84,0.0,1,nan,0.0,,off,nan,0.0,0.0,
--headless --device cpu --params skill.STEP_TROT_MAX --reps 5 --skip-unsupported --foot-comp on --heading heading-only --yaw-moment off --results-csv outputs/yawm/grid_ab.csv,,19,step_up,1,4.21220807721175,,on,half-stance,0.0,0.0,0,0.0,4,4,heading-only,0.0,0,0.04,0,obstacle,0.3,15,skill.STEP_TROT_MAX,step_up_0p30,0,3,2026-09-01T07:36:29Z,goal,1,TROT,0.9999999999999964,0.0,84,0.0,1,nan,0.0,,off,nan,0.0,0.0,
--headless --device cpu --params skill.STEP_TROT_MAX --reps 5 --skip-unsupported --foot-comp on --heading heading-only --yaw-moment off --results-csv outputs/yawm/grid_ab.csv,,26,step_up,1,4.287378087575608,,on,half-stance,0.0,0.0,0,0.0,4,4,heading-only,0.0,0,0.04,0,obstacle,0.02,15,skill.STEP_TROT_MAX,step_up_0p02,0,4,2026-09-01T07:36:29Z,goal,1,TROT,1.0,0.0,58,0.0,1,nan,0.0,,off,nan,0.0,0.0,
--headless --device cpu --params skill.STEP_TROT_MAX --reps 5 --skip-unsupported --foot-comp on --heading heading-only --yaw-moment off --results-csv outputs/yawm/grid_ab.csv,,26,step_up,1,4.289337580308081,,on,half-stance,0.0,0.0,0,0.0,4,4,heading-only,0.0,0,0.04,0,obstacle,0.04,15,skill.STEP_TROT_MAX,step_up_0p04,0,4,2026-09-01T07:36:29Z,goal,1,TROT,0.9999999999999982,0.0,58,0.0,1,nan,0.0,,off,nan,0.0,0.0,
--headless --device cpu --params skill.STEP_TROT_MAX --reps 5 --skip-unsupported --foot-comp on --heading heading-only --yaw-moment off --results-csv outputs/yawm/grid_ab.csv,,26,step_up,1,4.290591481070482,,on,half-stance,0.0,0.0,0,0.0,4,4,heading-only,0.0,0,0.04,0,obstacle,0.06,15,skill.STEP_TROT_MAX,step_up_0p06,0,4,2026-09-01T07:36:29Z,goal,1,TROT,0.9999999999999964,0.0,58,0.0,1,nan,0.0,,off,nan,0.0,0.0,
--headless --device cpu --params skill.STEP_TROT_MAX --reps 5 --skip-unsupported --foot-comp on --heading heading-only --yaw-moment off --results-csv outputs/yawm/grid_ab.csv,,26,step_up,1,4.294773226955879,,on,half-stance,0.0,0.0,0,0.0,4,4,heading-only,0.0,0,0.04,0,obstacle,0.08,15,skill.STEP_TROT_MAX,step_up_0p08,0,4,2026-09-01T07:36:29Z,goal,1,TROT,1.0,0.0,58,0.0,1,nan,0.0,,off,nan,0.0,0.0,
--headless --device cpu --params skill.STEP_TROT_MAX --reps 5 --skip-unsupported --foot-comp on --heading heading-only --yaw-moment off --results-csv outputs/yawm/grid_ab.csv,,26,step_up,1,4.282814592068302,,on,half-stance,0.0,0.0,0,0.0,4,4,heading-only,0.0,0,0.04,0,obstacle,0.1,15,skill.STEP_TROT_MAX,step_up_0p10,0,4,2026-09-01T07:36:29Z,goal,1,TROT,1.0,0.0,58,0.0,1,nan,0.0,,off,nan,0.0,0.0,
--headless --device cpu --params skill.STEP_TROT_MAX --reps 5 --skip-unsupported --foot-comp on --heading heading-only --yaw-moment off --results-csv outputs/yawm/grid_ab.csv,,26,step_up,1,4.283768614240451,,on,half-stance,0.0,0.0,0,0.0,4,4,heading-only,0.0,0,0.04,0,obstacle,0.12,15,skill.STEP_TROT_MAX,step_up_0p12,0,4,2026-09-01T07:36:29Z,goal,1,TROT,0.9999999999999982,0.0,58,0.0,1,nan,0.0,,off,nan,0.0,0.0,
--headless --device cpu --params skill.STEP_TROT_MAX --reps 5 --skip-unsupported --foot-comp on --heading heading-only --yaw-moment off --results-csv outputs/yawm/grid_ab.csv,,26,step_up,1,4.285805347860876,,on,half-stance,0.0,0.0,0,0.0,4,4,heading-only,0.0,0,0.04,0,obstacle,0.14,15,skill.STEP_TROT_MAX,step_up_0p14,0,4,2026-09-01T07:36:29Z,goal,1,TROT,0.9999999999999964,0.0,58,0.0,1,nan,0.0,,off,nan,0.0,0.0,
--headless --device cpu --params skill.STEP_TROT_MAX --reps 5 --skip-unsupported --foot-comp on --heading heading-only --yaw-moment off --results-csv outputs/yawm/grid_ab.csv,,26,step_up,1,4.287727406767697,,on,half-stance,0.0,0.0,0,0.0,4,4,heading-only,0.0,0,0.04,0,obstacle,0.16,15,skill.STEP_TROT_MAX,step_up_0p16,0,4,2026-09-01T07:36:29Z,goal,1,TROT,1.0,0.0,58,0.0,1,nan,0.0,,off,nan,0.0,0.0,
--headless --device cpu --params skill.STEP_TROT_MAX --reps 5 --skip-unsupported --foot-comp on --heading heading-only --yaw-moment off --results-csv outputs/yawm/grid_ab.csv,,26,step_up,1,4.289503096589364,,on,half-stance,0.0,0.0,0,0.0,4,4,heading-only,0.0,0,0.04,0,obstacle,0.18,15,skill.STEP_TROT_MAX,step_up_0p18,0,4,2026-09-01T07:36:29Z,goal,1,TROT,1.0,0.0,58,0.0,1,nan,0.0,,off,nan,0.0,0.0,
--headless --device cpu --params skill.STEP_TROT_MAX --reps 5 --skip-unsupported --foot-comp on --heading heading-only --yaw-moment off --results-csv outputs/yawm/grid_ab.csv,,26,step_up,1,4.292505571498024,,on,half-stance,0.0,0.0,0,0.0,4,4,heading-only,0.0,0,0.04,0,obstacle,0.2,15,skill.STEP_TROT_MAX,step_up_0p20,0,4,2026-09-01T07:36:29Z,goal,1,TROT,0.9999999999999982,0.0,58,0.0,1,nan,0.0,,off,nan,0.0,0.0,
--headless --device cpu --params skill.STEP_TROT_MAX --reps 5 --skip-unsupported --foot-comp on --heading heading-only --yaw-moment off --results-csv outputs/yawm/grid_ab.csv,,26,step_up,1,4.299041965580367,,on,half-stance,0.0,0.0,0,0.0,4,4,heading-only,0.0,0,0.04,0,obstacle,0.22,15,skill.STEP_TROT_MAX,step_up_0p22,0,4,2026-09-01T07:36:29Z,goal,1,TROT,0.9999999999999964,0.0,58,0.0,1,nan,0.0,,off,nan,0.0,0.0,
--headless --device cpu --params skill.STEP_TROT_MAX --reps 5 --skip-unsupported --foot-comp on --heading heading-only --yaw-moment off --results-csv outputs/yawm/grid_ab.csv,,26,step_up,1,4.289823067021867,,on,half-stance,0.0,0.0,0,0.0,4,4,heading-only,0.0,0,0.04,0,obstacle,0.24,15,skill.STEP_TROT_MAX,step_up_0p24,0,4,2026-09-01T07:36:29Z,goal,1,TROT,1.0,0.0,58,0.0,1,nan,0.0,,off,nan,0.0,0.0,
--headless --device cpu --params skill.STEP_TROT_MAX --reps 5 --skip-unsupported --foot-comp on --heading heading-only --yaw-moment off --results-csv outputs/yawm/grid_ab.csv,,26,step_up,1,4.287785071758244,,on,half-stance,0.0,0.0,0,0.0,4,4,heading-only,0.0,0,0.04,0,obstacle,0.26,15,skill.STEP_TROT_MAX,step_up_0p26,0,4,2026-09-01T07:36:29Z,goal,1,TROT,1.0,0.0,58,0.0,1,nan,0.0,,off,nan,0.0,0.0,
--headless --device cpu --params skill.STEP_TROT_MAX --reps 5 --skip-unsupported --foot-comp on --heading heading-only --yaw-moment off --results-csv outputs/yawm/grid_ab.csv,,26,step_up,1,4.287635161424053,,on,half-stance,0.0,0.0,0,0.0,4,4,heading-only,0.0,0,0.04,0,obstacle,0.28,15,skill.STEP_TROT_MAX,step_up_0p28,0,4,2026-09-01T07:36:29Z,goal,1,TROT,0.9999999999999982,0.0,58,0.0,1,nan,0.0,,off,nan,0.0,0.0,
--headless --device cpu --params skill.STEP_TROT_MAX --reps 5 --skip-unsupported --foot-comp on --heading heading-only --yaw-moment off --results-csv outputs/yawm/grid_ab.csv,,26,step_up,1,4.292177958205558,,on,half-stance,0.0,0.0,0,0.0,4,4,heading-only,0.0,0,0.04,0,obstacle,0.3,15,skill.STEP_TROT_MAX,step_up_0p30,0,4,2026-09-01T07:36:29Z,goal,1,TROT,0.9999999999999964,0.0,58,0.0,1,nan,0.0,,off,nan,0.0,0.0,
