argv,drift_max_m,entry_frame,entry_offset,family,fell,final_dist_m,foot_com_height_m,foot_comp,foot_gain,foot_len_bias,foot_offset_clip_m,foot_vy_avg_n,foot_yaw_bias,grid_cols,grid_rows,heading,heading_cap_rad,heading_len,heading_len_cap_rad,hip_saturated,inplace_at,level_m,n_probes,param,probe,reached,rep,run_utc,score,settle_ok,skill,spawn_x,spawn_z0_m,steps,swing_lift_mm,swing_lift_sym,t_reached_s,tau_hip_max_nm,yaw_cum_deg,yaw_moment,yaw_moment_cap_nm,yaw_moment_gain,yaw_moment_nm,yaw_ok_deg
--headless --device cpu --params skill.STEP_TROT_MAX --reps 1 --entry-offset 13 --skip-unsupported --foot-comp on --heading heading-only --yaw-moment hold --yaw-moment-gain 5 --yaw-moment-cap-nm 2.0 --trace-npz outputs/yawm/trace_sB13.npz --results-csv outputs/yawm/ladder_frames.csv,,13,13,step_up,1,3.8394919991949887,,on,half-stance,0.0,0.0,0,0.0,4,4,heading-only,0.0,0,0.04,0,obstacle,0.02,15,skill.STEP_TROT_MAX,step_up_0p02,0,0,2026-09-01T07:59:39Z,goal,1,TROT,1.0,0.0,141,0.0,1,nan,18.598140716552734,,hold,2.0,5.0,0.0,
--headless --device cpu --params skill.STEP_TROT_MAX --reps 1 --entry-offset 13 --skip-unsupported --foot-comp on --heading heading-only --yaw-moment hold --yaw-moment-gain 5 --yaw-moment-cap-nm 2.0 --trace-npz outputs/yawm/trace_sB13.npz --results-csv outputs/yawm/ladder_frames.csv,,13,13,step_up,1,4.111204236631078,,on,half-stance,0.0,0.0,0,0.0,4,4,heading-only,0.0,0,0.04,1,obstacle,0.04,15,skill.STEP_TROT_MAX,step_up_0p04,0,0,2026-09-01T07:59:39Z,goal,1,TROT,0.9999999999999982,0.0,141,0.0,1,nan,23.700000762939453,,hold,2.0,5.0,0.0,
--headless --device cpu --params skill.STEP_TROT_MAX --reps 1 --entry-offset 13 --skip-unsupported --foot-comp on --heading heading-only --yaw-moment hold --yaw-moment-gain 5 --yaw-moment-cap-nm 2.0 --trace-npz outputs/yawm/trace_sB13.npz --results-csv outputs/yawm/ladder_frames.csv,,13,13,step_up,1,4.063710155287563,,on,half-stance,0.0,0.0,0,0.0,4,4,heading-only,0.0,0,0.04,0,obstacle,0.06,15,skill.STEP_TROT_MAX,step_up_0p06,0,0,2026-09-01T07:59:39Z,goal,1,TROT,0.9999999999999964,0.0,141,0.0,1,nan,18.622455596923828,,hold,2.0,5.0,0.0,
--headless --device cpu --params skill.STEP_TROT_MAX --reps 1 --entry-offset 13 --skip-unsupported --foot-comp on --heading heading-only --yaw-moment hold --yaw-moment-gain 5 --yaw-moment-cap-nm 2.0 --trace-npz outputs/yawm/trace_sB13.npz --results-csv outputs/yawm/ladder_frames.csv,,13,13,step_up,1,3.464871431977751,,on,half-stance,0.0,0.0,0,0.0,4,4,heading-only,0.0,0,0.04,0,obstacle,0.08,15,skill.STEP_TROT_MAX,step_up_0p08,0,0,2026-09-01T07:59:39Z,goal,1,TROT,1.0,0.0,141,0.0,1,nan,16.889347076416016,,hold,2.0,5.0,0.0,
--headless --device cpu --params skill.STEP_TROT_MAX --reps 1 --entry-offset 13 --skip-unsupported --foot-comp on --heading heading-only --yaw-moment hold --yaw-moment-gain 5 --yaw-moment-cap-nm 2.0 --trace-npz outputs/yawm/trace_sB13.npz --results-csv outputs/yawm/ladder_frames.csv,,13,13,step_up,1,4.037554253966835,,on,half-stance,0.0,0.0,0,0.0,4,4,heading-only,0.0,0,0.04,0,obstacle,0.1,15,skill.STEP_TROT_MAX,step_up_0p10,0,0,2026-09-01T07:59:39Z,goal,1,TROT,1.0,0.0,141,0.0,1,nan,22.296152114868164,,hold,2.0,5.0,0.0,
--headless --device cpu --params skill.STEP_TROT_MAX --reps 1 --entry-offset 13 --skip-unsupported --foot-comp on --heading heading-only --yaw-moment hold --yaw-moment-gain 5 --yaw-moment-cap-nm 2.0 --trace-npz outputs/yawm/trace_sB13.npz --results-csv outputs/yawm/ladder_frames.csv,,13,13,step_up,1,3.4556990902449463,,on,half-stance,0.0,0.0,0,0.0,4,4,heading-only,0.0,0,0.04,0,obstacle,0.12,15,skill.STEP_TROT_MAX,step_up_0p12,0,0,2026-09-01T07:59:39Z,goal,1,TROT,0.9999999999999982,0.0,141,0.0,1,nan,16.916263580322266,,hold,2.0,5.0,0.0,
--headless --device cpu --params skill.STEP_TROT_MAX --reps 1 --entry-offset 13 --skip-unsupported --foot-comp on --heading heading-only --yaw-moment hold --yaw-moment-gain 5 --yaw-moment-cap-nm 2.0 --trace-npz outputs/yawm/trace_sB13.npz --results-csv outputs/yawm/ladder_frames.csv,,13,13,step_up,1,4.042830709092087,,on,half-stance,0.0,0.0,0,0.0,4,4,heading-only,0.0,0,0.04,0,obstacle,0.14,15,skill.STEP_TROT_MAX,step_up_0p14,0,0,2026-09-01T07:59:39Z,goal,1,TROT,0.9999999999999964,0.0,141,0.0,1,nan,20.747833251953125,,hold,2.0,5.0,0.0,
--headless --device cpu --params skill.STEP_TROT_MAX --reps 1 --entry-offset 13 --skip-unsupported --foot-comp on --heading heading-only --yaw-moment hold --yaw-moment-gain 5 --yaw-moment-cap-nm 2.0 --trace-npz outputs/yawm/trace_sB13.npz --results-csv outputs/yawm/ladder_frames.csv,,13,13,step_up,1,3.997313024237721,,on,half-stance,0.0,0.0,0,0.0,4,4,heading-only,0.0,0,0.04,0,obstacle,0.16,15,skill.STEP_TROT_MAX,step_up_0p16,0,0,2026-09-01T07:59:39Z,goal,1,TROT,1.0,0.0,141,0.0,1,nan,19.880273818969727,,hold,2.0,5.0,0.0,
--headless --device cpu --params skill.STEP_TROT_MAX --reps 1 --entry-offset 13 --skip-unsupported --foot-comp on --heading heading-only --yaw-moment hold --yaw-moment-gain 5 --yaw-moment-cap-nm 2.0 --trace-npz outputs/yawm/trace_sB13.npz --results-csv outputs/yawm/ladder_frames.csv,,13,13,step_up,1,4.301206019216028,,on,half-stance,0.0,0.0,0,0.0,4,4,heading-only,0.0,0,0.04,0,obstacle,0.18,15,skill.STEP_TROT_MAX,step_up_0p18,0,0,2026-09-01T07:59:39Z,goal,1,TROT,1.0,0.0,141,0.0,1,nan,18.512548446655273,,hold,2.0,5.0,0.0,
--headless --device cpu --params skill.STEP_TROT_MAX --reps 1 --entry-offset 13 --skip-unsupported --foot-comp on --heading heading-only --yaw-moment hold --yaw-moment-gain 5 --yaw-moment-cap-nm 2.0 --trace-npz outputs/yawm/trace_sB13.npz --results-csv outputs/yawm/ladder_frames.csv,,13,13,step_up,1,4.0848868222974755,,on,half-stance,0.0,0.0,0,0.0,4,4,heading-only,0.0,0,0.04,0,obstacle,0.2,15,skill.STEP_TROT_MAX,step_up_0p20,0,0,2026-09-01T07:59:39Z,goal,1,TROT,0.9999999999999982,0.0,141,0.0,1,nan,20.758880615234375,,hold,2.0,5.0,0.0,
--headless --device cpu --params skill.STEP_TROT_MAX --reps 1 --entry-offset 13 --skip-unsupported --foot-comp on --heading heading-only --yaw-moment hold --yaw-moment-gain 5 --yaw-moment-cap-nm 2.0 --trace-npz outputs/yawm/trace_sB13.npz --results-csv outputs/yawm/ladder_frames.csv,,13,13,step_up,1,4.05199939461803,,on,half-stance,0.0,0.0,0,0.0,4,4,heading-only,0.0,0,0.04,0,obstacle,0.22,15,skill.STEP_TROT_MAX,step_up_0p22,0,0,2026-09-01T07:59:39Z,goal,1,TROT,0.9999999999999964,0.0,141,0.0,1,nan,20.731172561645508,,hold,2.0,5.0,0.0,
--headless --device cpu --params skill.STEP_TROT_MAX --reps 1 --entry-offset 13 --skip-unsupported --foot-comp on --heading heading-only --yaw-moment hold --yaw-moment-gain 5 --yaw-moment-cap-nm 2.0 --trace-npz outputs/yawm/trace_sB13.npz --results-csv outputs/yawm/ladder_frames.csv,,13,13,step_up,1,4.070270950660095,,on,half-stance,0.0,0.0,0,0.0,4,4,heading-only,0.0,0,0.04,0,obstacle,0.24,15,skill.STEP_TROT_MAX,step_up_0p24,0,0,2026-09-01T07:59:39Z,goal,1,TROT,1.0,0.0,141,0.0,1,nan,20.787307739257812,,hold,2.0,5.0,0.0,
--headless --device cpu --params skill.STEP_TROT_MAX --reps 1 --entry-offset 13 --skip-unsupported --foot-comp on --heading heading-only --yaw-moment hold --yaw-moment-gain 5 --yaw-moment-cap-nm 2.0 --trace-npz outputs/yawm/trace_sB13.npz --results-csv outputs/yawm/ladder_frames.csv,,13,13,step_up,1,4.051255017254112,,on,half-stance,0.0,0.0,0,0.0,4,4,heading-only,0.0,0,0.04,0,obstacle,0.26,15,skill.STEP_TROT_MAX,step_up_0p26,0,0,2026-09-01T07:59:39Z,goal,1,TROT,1.0,0.0,141,0.0,1,nan,20.93025016784668,,hold,2.0,5.0,0.0,
--headless --device cpu --params skill.STEP_TROT_MAX --reps 1 --entry-offset 13 --skip-unsupported --foot-comp on --heading heading-only --yaw-moment hold --yaw-moment-gain 5 --yaw-moment-cap-nm 2.0 --trace-npz outputs/yawm/trace_sB13.npz --results-csv outputs/yawm/ladder_frames.csv,,13,13,step_up,1,4.017051530439986,,on,half-stance,0.0,0.0,0,0.0,4,4,heading-only,0.0,0,0.04,0,obstacle,0.28,15,skill.STEP_TROT_MAX,step_up_0p28,0,0,2026-09-01T07:59:39Z,goal,1,TROT,0.9999999999999982,0.0,141,0.0,1,nan,20.177173614501953,,hold,2.0,5.0,0.0,
--headless --device cpu --params skill.STEP_TROT_MAX --reps 1 --entry-offset 13 --skip-unsupported --foot-comp on --heading heading-only --yaw-moment hold --yaw-moment-gain 5 --yaw-moment-cap-nm 2.0 --trace-npz outputs/yawm/trace_sB13.npz --results-csv outputs/yawm/ladder_frames.csv,,13,13,step_up,1,4.231183873229887,,on,half-stance,0.0,0.0,0,0.0,4,4,heading-only,0.0,0,0.04,0,obstacle,0.3,15,skill.STEP_TROT_MAX,step_up_0p30,0,0,2026-09-01T07:59:39Z,goal,1,TROT,0.9999999999999964,0.0,141,0.0,1,nan,18.48819351196289,,hold,2.0,5.0,0.0,
--headless --device cpu --params skill.STEP_TROT_MAX --reps 1 --entry-offset 1 --skip-unsupported --foot-comp on --heading heading-only --yaw-moment off --trace-npz outputs/yawm/trace_sA1.npz --results-csv outputs/yawm/ladder_frames.csv,,1,1,step_up,1,4.681406100818085,,on,half-stance,0.0,0.0,0,0.0,4,4,heading-only,0.0,0,0.04,0,obstacle,0.02,15,skill.STEP_TROT_MAX,step_up_0p02,0,0,2026-09-01T07:59:39Z,goal,1,TROT,1.0,0.0,901,0.0,1,nan,15.756678581237793,,off,nan,0.0,0.0,
--headless --device cpu --params skill.STEP_TROT_MAX --reps 1 --entry-offset 1 --skip-unsupported --foot-comp on --heading heading-only --yaw-moment off --trace-npz outputs/yawm/trace_sA1.npz --results-csv outputs/yawm/ladder_frames.csv,,1,1,step_up,1,1.9145283599309255,,on,half-stance,0.0,0.0,0,0.0,4,4,heading-only,0.0,0,0.04,0,obstacle,0.04,15,skill.STEP_TROT_MAX,step_up_0p04,0,0,2026-09-01T07:59:39Z,goal,1,TROT,0.9999999999999982,0.0,901,0.0,1,nan,14.276167869567871,,off,nan,0.0,0.0,
--headless --device cpu --params skill.STEP_TROT_MAX --reps 1 --entry-offset 1 --skip-unsupported --foot-comp on --heading heading-only --yaw-moment off --trace-npz outputs/yawm/trace_sA1.npz --results-csv outputs/yawm/ladder_frames.csv,,1,1,step_up,0,1.558629985248308,,on,half-stance,0.0,0.0,0,0.0,4,4,heading-only,0.0,0,0.04,0,obstacle,0.06,15,skill.STEP_TROT_MAX,step_up_0p06,0,0,2026-09-01T07:59:39Z,goal,1,TROT,0.9999999999999964,0.0,901,0.0,1,nan,13.942312240600586,,off,nan,0.0,0.0,
--headless --device cpu --params skill.STEP_TROT_MAX --reps 1 --entry-offset 1 --skip-unsupported --foot-comp on --heading heading-only --yaw-moment off --trace-npz outputs/yawm/trace_sA1.npz --results-csv outputs/yawm/ladder_frames.csv,,1,1,step_up,1,2.147248176874585,,on,half-stance,0.0,0.0,0,0.0,4,4,heading-only,0.0,0,0.04,0,obstacle,0.08,15,skill.STEP_TROT_MAX,step_up_0p08,0,0,2026-09-01T07:59:39Z,goal,1,TROT,1.0,0.0,901,0.0,1,nan,13.953874588012695,,off,nan,0.0,0.0,
--headless --device cpu --params skill.STEP_TROT_MAX --reps 1 --entry-offset 1 --skip-unsupported --foot-comp on --heading heading-only --yaw-moment off --trace-npz outputs/yawm/trace_sA1.npz --results-csv outputs/yawm/ladder_frames.csv,,1,1,step_up,0,1.6604395791695408,,on,half-stance,0.0,0.0,0,0.0,4,4,heading-only,0.0,0,0.04,0,obstacle,0.1,15,skill.STEP_TROT_MAX,step_up_0p10,0,0,2026-09-01T07:59:39Z,goal,1,TROT,1.0,0.0,901,0.0,1,nan,13.939618110656738,,off,nan,0.0,0.0,
--headless --device cpu --params skill.STEP_TROT_MAX --reps 1 --entry-offset 1 --skip-unsupported --foot-comp on --heading heading-only --yaw-moment off --trace-npz outputs/yawm/trace_sA1.npz --results-csv outputs/yawm/ladder_frames.csv,,1,1,step_up,0,1.7761677901872175,,on,half-stance,0.0,0.0,0,0.0,4,4,heading-only,0.0,0,0.04,0,obstacle,0.12,15,skill.STEP_TROT_MAX,step_up_0p12,0,0,2026-09-01T07:59:39Z,goal,1,TROT,0.9999999999999982,0.0,901,0.0,1,nan,13.945418357849121,,off,nan,0.0,0.0,
--headless --device cpu --params skill.STEP_TROT_MAX --reps 1 --entry-offset 1 --skip-unsupported --foot-comp on --heading heading-only --yaw-moment off --trace-npz outputs/yawm/trace_sA1.npz --results-csv outputs/yawm/ladder_frames.csv,,1,1,step_up,0,1.6862106347598043,,on,half-stance,0.0,0.0,0,0.0,4,4,heading-only,0.0,0,0.04,0,obstacle,0.14,15,skill.STEP_TROT_MAX,step_up_0p14,0,0,2026-09-01T07:59:39Z,goal,1,TROT,0.9999999999999964,0.0,901,0.0,1,nan,13.941489219665527,,off,nan,0.0,0.0,
--headless --device cpu --params skill.STEP_TROT_MAX --reps 1 --entry-offset 1 --skip-unsupported --foot-comp on --heading heading-only --yaw-moment off --trace-npz outputs/yawm/trace_sA1.npz --results-csv outputs/yawm/ladder_frames.csv,,1,1,step_up,0,1.4595532923480012,,on,half-stance,0.0,0.0,0,0.0,4,4,heading-only,0.0,0,0.04,0,obstacle,0.16,15,skill.STEP_TROT_MAX,step_up_0p16,0,0,2026-09-01T07:59:39Z,goal,1,TROT,1.0,0.0,901,0.0,1,nan,13.94144058227539,,off,nan,0.0,0.0,
--headless --device cpu --params skill.STEP_TROT_MAX --reps 1 --entry-offset 1 --skip-unsupported --foot-comp on --heading heading-only --yaw-moment off --trace-npz outputs/yawm/trace_sA1.npz --results-csv outputs/yawm/ladder_frames.csv,,1,1,step_up,1,1.8519218254090075,,on,half-stance,0.0,0.0,0,0.0,4,4,heading-only,0.0,0,0.04,0,obstacle,0.18,15,skill.STEP_TROT_MAX,step_up_0p18,0,0,2026-09-01T07:59:39Z,goal,1,TROT,1.0,0.0,901,0.0,1,nan,17.194902420043945,,off,nan,0.0,0.0,
--headless --device cpu --params skill.STEP_TROT_MAX --reps 1 --entry-offset 1 --skip-unsupported --foot-comp on --heading heading-only --yaw-moment off --trace-npz outputs/yawm/trace_sA1.npz --results-csv outputs/yawm/ladder_frames.csv,,1,1,step_up,1,1.8285782609355563,,on,half-stance,0.0,0.0,0,0.0,4,4,heading-only,0.0,0,0.04,0,obstacle,0.2,15,skill.STEP_TROT_MAX,step_up_0p20,0,0,2026-09-01T07:59:39Z,goal,1,TROT,0.9999999999999982,0.0,901,0.0,1,nan,13.944395065307617,,off,nan,0.0,0.0,
--headless --device cpu --params skill.STEP_TROT_MAX --reps 1 --entry-offset 1 --skip-unsupported --foot-comp on --heading heading-only --yaw-moment off --trace-npz outputs/yawm/trace_sA1.npz --results-csv outputs/yawm/ladder_frames.csv,,1,1,step_up,1,1.6261702051880547,,on,half-stance,0.0,0.0,0,0.0,4,4,heading-only,0.0,0,0.04,0,obstacle,0.22,15,skill.STEP_TROT_MAX,step_up_0p22,0,0,2026-09-01T07:59:39Z,goal,1,TROT,0.9999999999999964,0.0,901,0.0,1,nan,16.161664962768555,,off,nan,0.0,0.0,
--headless --device cpu --params skill.STEP_TROT_MAX --reps 1 --entry-offset 1 --skip-unsupported --foot-comp on --heading heading-only --yaw-moment off --trace-npz outputs/yawm/trace_sA1.npz --results-csv outputs/yawm/ladder_frames.csv,,1,1,step_up,1,2.2370683985698583,,on,half-stance,0.0,0.0,0,0.0,4,4,heading-only,0.0,0,0.04,0,obstacle,0.24,15,skill.STEP_TROT_MAX,step_up_0p24,0,0,2026-09-01T07:59:39Z,goal,1,TROT,1.0,0.0,901,0.0,1,nan,13.947580337524414,,off,nan,0.0,0.0,
--headless --device cpu --params skill.STEP_TROT_MAX --reps 1 --entry-offset 1 --skip-unsupported --foot-comp on --heading heading-only --yaw-moment off --trace-npz outputs/yawm/trace_sA1.npz --results-csv outputs/yawm/ladder_frames.csv,,1,1,step_up,1,2.332514980522757,,on,half-stance,0.0,0.0,0,0.0,4,4,heading-only,0.0,0,0.04,0,obstacle,0.26,15,skill.STEP_TROT_MAX,step_up_0p26,0,0,2026-09-01T07:59:39Z,goal,1,TROT,1.0,0.0,901,0.0,1,nan,13.94681167602539,,off,nan,0.0,0.0,
--headless --device cpu --params skill.STEP_TROT_MAX --reps 1 --entry-offset 1 --skip-unsupported --foot-comp on --heading heading-only --yaw-moment off --trace-npz outputs/yawm/trace_sA1.npz --results-csv outputs/yawm/ladder_frames.csv,,1,1,step_up,1,2.1786493555505886,,on,half-stance,0.0,0.0,0,0.0,4,4,heading-only,0.0,0,0.04,0,obstacle,0.28,15,skill.STEP_TROT_MAX,step_up_0p28,0,0,2026-09-01T07:59:39Z,goal,1,TROT,0.9999999999999982,0.0,901,0.0,1,nan,13.954095840454102,,off,nan,0.0,0.0,
--headless --device cpu --params skill.STEP_TROT_MAX --reps 1 --entry-offset 1 --skip-unsupported --foot-comp on --heading heading-only --yaw-moment off --trace-npz outputs/yawm/trace_sA1.npz --results-csv outputs/yawm/ladder_frames.csv,,1,1,step_up,1,15.835486594529291,,on,half-stance,0.0,0.0,0,0.0,4,4,heading-only,0.0,0,0.04,0,obstacle,0.3,15,skill.STEP_TROT_MAX,step_up_0p30,0,0,2026-09-01T07:59:39Z,goal,1,TROT,0.9999999999999964,0.0,901,0.0,1,nan,13.940218925476074,,off,nan,0.0,0.0,
--headless --device cpu --params skill.STEP_TROT_MAX --reps 1 --entry-offset 16 --skip-unsupported --foot-comp on --heading heading-only --yaw-moment off --trace-npz outputs/yawm/trace_sA16.npz --results-csv outputs/yawm/ladder_frames.csv,,16,16,step_up,1,6.576937572319234,,on,half-stance,0.0,0.0,0,0.0,4,4,heading-only,0.0,0,0.04,0,obstacle,0.02,15,skill.STEP_TROT_MAX,step_up_0p02,0,0,2026-09-01T07:59:39Z,goal,1,TROT,1.0,0.0,901,0.0,1,nan,11.958829879760742,,off,nan,0.0,0.0,
--headless --device cpu --params skill.STEP_TROT_MAX --reps 1 --entry-offset 16 --skip-unsupported --foot-comp on --heading heading-only --yaw-moment off --trace-npz outputs/yawm/trace_sA16.npz --results-csv outputs/yawm/ladder_frames.csv,,16,16,step_up,1,1.6792263967638128,,on,half-stance,0.0,0.0,0,0.0,4,4,heading-only,0.0,0,0.04,0,obstacle,0.04,15,skill.STEP_TROT_MAX,step_up_0p04,0,0,2026-09-01T07:59:39Z,goal,1,TROT,0.9999999999999982,0.0,901,0.0,1,nan,22.768634796142578,,off,nan,0.0,0.0,
--headless --device cpu --params skill.STEP_TROT_MAX --reps 1 --entry-offset 16 --skip-unsupported --foot-comp on --heading heading-only --yaw-moment off --trace-npz outputs/yawm/trace_sA16.npz --results-csv outputs/yawm/ladder_frames.csv,,16,16,step_up,1,1.4294620122189428,,on,half-stance,0.0,0.0,0,0.0,4,4,heading-only,0.0,0,0.04,0,obstacle,0.06,15,skill.STEP_TROT_MAX,step_up_0p06,0,0,2026-09-01T07:59:39Z,goal,1,TROT,0.9999999999999964,0.0,901,0.0,1,nan,17.029560089111328,,off,nan,0.0,0.0,
--headless --device cpu --params skill.STEP_TROT_MAX --reps 1 --entry-offset 16 --skip-unsupported --foot-comp on --heading heading-only --yaw-moment off --trace-npz outputs/yawm/trace_sA16.npz --results-csv outputs/yawm/ladder_frames.csv,,16,16,step_up,0,1.4169134912554509,,on,half-stance,0.0,0.0,0,0.0,4,4,heading-only,0.0,0,0.04,0,obstacle,0.08,15,skill.STEP_TROT_MAX,step_up_0p08,0,0,2026-09-01T07:59:39Z,goal,1,TROT,1.0,0.0,901,0.0,1,nan,12.01888370513916,,off,nan,0.0,0.0,
--headless --device cpu --params skill.STEP_TROT_MAX --reps 1 --entry-offset 16 --skip-unsupported --foot-comp on --heading heading-only --yaw-moment off --trace-npz outputs/yawm/trace_sA16.npz --results-csv outputs/yawm/ladder_frames.csv,,16,16,step_up,0,1.432041564168329,,on,half-stance,0.0,0.0,0,0.0,4,4,heading-only,0.0,0,0.04,0,obstacle,0.1,15,skill.STEP_TROT_MAX,step_up_0p10,0,0,2026-09-01T07:59:39Z,goal,1,TROT,1.0,0.0,901,0.0,1,nan,16.553510665893555,,off,nan,0.0,0.0,
--headless --device cpu --params skill.STEP_TROT_MAX --reps 1 --entry-offset 16 --skip-unsupported --foot-comp on --heading heading-only --yaw-moment off --trace-npz outputs/yawm/trace_sA16.npz --results-csv outputs/yawm/ladder_frames.csv,,16,16,step_up,0,1.3259284960215003,,on,half-stance,0.0,0.0,0,0.0,4,4,heading-only,0.0,0,0.04,0,obstacle,0.12,15,skill.STEP_TROT_MAX,step_up_0p12,0,0,2026-09-01T07:59:39Z,goal,1,TROT,0.9999999999999982,0.0,901,0.0,1,nan,11.97311782836914,,off,nan,0.0,0.0,
--headless --device cpu --params skill.STEP_TROT_MAX --reps 1 --entry-offset 16 --skip-unsupported --foot-comp on --heading heading-only --yaw-moment off --trace-npz outputs/yawm/trace_sA16.npz --results-csv outputs/yawm/ladder_frames.csv,,16,16,step_up,0,1.7883051321917334,,on,half-stance,0.0,0.0,0,0.0,4,4,heading-only,0.0,0,0.04,0,obstacle,0.14,15,skill.STEP_TROT_MAX,step_up_0p14,0,0,2026-09-01T07:59:39Z,goal,1,TROT,0.9999999999999964,0.0,901,0.0,1,nan,20.244874954223633,,off,nan,0.0,0.0,
--headless --device cpu --params skill.STEP_TROT_MAX --reps 1 --entry-offset 16 --skip-unsupported --foot-comp on --heading heading-only --yaw-moment off --trace-npz outputs/yawm/trace_sA16.npz --results-csv outputs/yawm/ladder_frames.csv,,16,16,step_up,1,1.932414265669593,,on,half-stance,0.0,0.0,0,0.0,4,4,heading-only,0.0,0,0.04,0,obstacle,0.16,15,skill.STEP_TROT_MAX,step_up_0p16,0,0,2026-09-01T07:59:39Z,goal,1,TROT,1.0,0.0,901,0.0,1,nan,11.962108612060547,,off,nan,0.0,0.0,
--headless --device cpu --params skill.STEP_TROT_MAX --reps 1 --entry-offset 16 --skip-unsupported --foot-comp on --heading heading-only --yaw-moment off --trace-npz outputs/yawm/trace_sA16.npz --results-csv outputs/yawm/ladder_frames.csv,,16,16,step_up,1,2.0790551916292817,,on,half-stance,0.0,0.0,0,0.0,4,4,heading-only,0.0,0,0.04,0,obstacle,0.18,15,skill.STEP_TROT_MAX,step_up_0p18,0,0,2026-09-01T07:59:39Z,goal,1,TROT,1.0,0.0,901,0.0,1,nan,18.322526931762695,,off,nan,0.0,0.0,
--headless --device cpu --params skill.STEP_TROT_MAX --reps 1 --entry-offset 16 --skip-unsupported --foot-comp on --heading heading-only --yaw-moment off --trace-npz outputs/yawm/trace_sA16.npz --results-csv outputs/yawm/ladder_frames.csv,,16,16,step_up,1,1.7129749091723487,,on,half-stance,0.0,0.0,0,0.0,4,4,heading-only,0.0,0,0.04,0,obstacle,0.2,15,skill.STEP_TROT_MAX,step_up_0p20,0,0,2026-09-01T07:59:39Z,goal,1,TROT,0.9999999999999982,0.0,901,0.0,1,nan,19.841115951538086,,off,nan,0.0,0.0,
--headless --device cpu --params skill.STEP_TROT_MAX --reps 1 --entry-offset 16 --skip-unsupported --foot-comp on --heading heading-only --yaw-moment off --trace-npz outputs/yawm/trace_sA16.npz --results-csv outputs/yawm/ladder_frames.csv,,16,16,step_up,1,1.7861385058509867,,on,half-stance,0.0,0.0,0,0.0,4,4,heading-only,0.0,0,0.04,0,obstacle,0.22,15,skill.STEP_TROT_MAX,step_up_0p22,0,0,2026-09-01T07:59:39Z,goal,1,TROT,0.9999999999999964,0.0,901,0.0,1,nan,11.9677095413208,,off,nan,0.0,0.0,
--headless --device cpu --params skill.STEP_TROT_MAX --reps 1 --entry-offset 16 --skip-unsupported --foot-comp on --heading heading-only --yaw-moment off --trace-npz outputs/yawm/trace_sA16.npz --results-csv outputs/yawm/ladder_frames.csv,,16,16,step_up,1,1.8266475866581755,,on,half-stance,0.0,0.0,0,0.0,4,4,heading-only,0.0,0,0.04,0,obstacle,0.24,15,skill.STEP_TROT_MAX,step_up_0p24,0,0,2026-09-01T07:59:39Z,goal,1,TROT,1.0,0.0,901,0.0,1,nan,12.311284065246582,,off,nan,0.0,0.0,
--headless --device cpu --params skill.STEP_TROT_MAX --reps 1 --entry-offset 16 --skip-unsupported --foot-comp on --heading heading-only --yaw-moment off --trace-npz outputs/yawm/trace_sA16.npz --results-csv outputs/yawm/ladder_frames.csv,,16,16,step_up,0,1.2795768941335275,,on,half-stance,0.0,0.0,0,0.0,4,4,heading-only,0.0,0,0.04,0,obstacle,0.26,15,skill.STEP_TROT_MAX,step_up_0p26,0,0,2026-09-01T07:59:39Z,goal,1,TROT,1.0,0.0,901,0.0,1,nan,13.926192283630371,,off,nan,0.0,0.0,
--headless --device cpu --params skill.STEP_TROT_MAX --reps 1 --entry-offset 16 --skip-unsupported --foot-comp on --heading heading-only --yaw-moment off --trace-npz outputs/yawm/trace_sA16.npz --results-csv outputs/yawm/ladder_frames.csv,,16,16,step_up,1,1.9038377901071368,,on,half-stance,0.0,0.0,0,0.0,4,4,heading-only,0.0,0,0.04,0,obstacle,0.28,15,skill.STEP_TROT_MAX,step_up_0p28,0,0,2026-09-01T07:59:39Z,goal,1,TROT,0.9999999999999982,0.0,901,0.0,1,nan,12.785426139831543,,off,nan,0.0,0.0,
--headless --device cpu --params skill.STEP_TROT_MAX --reps 1 --entry-offset 16 --skip-unsupported --foot-comp on --heading heading-only --yaw-moment off --trace-npz outputs/yawm/trace_sA16.npz --results-csv outputs/yawm/ladder_frames.csv,,16,16,step_up,1,1.937125980281383,,on,half-stance,0.0,0.0,0,0.0,4,4,heading-only,0.0,0,0.04,0,obstacle,0.3,15,skill.STEP_TROT_MAX,step_up_0p30,0,0,2026-09-01T07:59:39Z,goal,1,TROT,0.9999999999999964,0.0,901,0.0,1,nan,18.247066497802734,,off,nan,0.0,0.0,
--headless --device cpu --params skill.STEP_TROT_MAX --reps 1 --entry-offset 13 --skip-unsupported --foot-comp on --heading heading-only --yaw-moment off --trace-npz outputs/yawm/trace_sA13.npz --results-csv outputs/yawm/ladder_frames.csv,,13,13,step_up,0,3.8663728977740996,,on,half-stance,0.0,0.0,0,0.0,4,4,heading-only,0.0,0,0.04,0,obstacle,0.02,15,skill.STEP_TROT_MAX,step_up_0p02,0,0,2026-09-01T07:59:39Z,goal,1,TROT,1.0,0.0,901,0.0,1,nan,18.301414489746094,,off,nan,0.0,0.0,
--headless --device cpu --params skill.STEP_TROT_MAX --reps 1 --entry-offset 13 --skip-unsupported --foot-comp on --heading heading-only --yaw-moment off --trace-npz outputs/yawm/trace_sA13.npz --results-csv outputs/yawm/ladder_frames.csv,,13,13,step_up,1,4.0967776747489975,,on,half-stance,0.0,0.0,0,0.0,4,4,heading-only,0.0,0,0.04,0,obstacle,0.04,15,skill.STEP_TROT_MAX,step_up_0p04,0,0,2026-09-01T07:59:39Z,goal,1,TROT,0.9999999999999982,0.0,901,0.0,1,nan,21.5743408203125,,off,nan,0.0,0.0,
--headless --device cpu --params skill.STEP_TROT_MAX --reps 1 --entry-offset 13 --skip-unsupported --foot-comp on --heading heading-only --yaw-moment off --trace-npz outputs/yawm/trace_sA13.npz --results-csv outputs/yawm/ladder_frames.csv,,13,13,step_up,1,4.3006988249413105,,on,half-stance,0.0,0.0,0,0.0,4,4,heading-only,0.0,0,0.04,0,obstacle,0.06,15,skill.STEP_TROT_MAX,step_up_0p06,0,0,2026-09-01T07:59:39Z,goal,1,TROT,0.9999999999999964,0.0,901,0.0,1,nan,18.707975387573242,,off,nan,0.0,0.0,
--headless --device cpu --params skill.STEP_TROT_MAX --reps 1 --entry-offset 13 --skip-unsupported --foot-comp on --heading heading-only --yaw-moment off --trace-npz outputs/yawm/trace_sA13.npz --results-csv outputs/yawm/ladder_frames.csv,,13,13,step_up,0,3.631585813368862,,on,half-stance,0.0,0.0,0,0.0,4,4,heading-only,0.0,0,0.04,0,obstacle,0.08,15,skill.STEP_TROT_MAX,step_up_0p08,0,0,2026-09-01T07:59:39Z,goal,1,TROT,1.0,0.0,901,0.0,1,nan,14.784780502319336,,off,nan,0.0,0.0,
--headless --device cpu --params skill.STEP_TROT_MAX --reps 1 --entry-offset 13 --skip-unsupported --foot-comp on --heading heading-only --yaw-moment off --trace-npz outputs/yawm/trace_sA13.npz --results-csv outputs/yawm/ladder_frames.csv,,13,13,step_up,1,17.308610300547166,,on,half-stance,0.0,0.0,0,0.0,4,4,heading-only,0.0,0,0.04,0,obstacle,0.1,15,skill.STEP_TROT_MAX,step_up_0p10,0,0,2026-09-01T07:59:39Z,goal,1,TROT,1.0,0.0,901,0.0,1,nan,17.82699203491211,,off,nan,0.0,0.0,
--headless --device cpu --params skill.STEP_TROT_MAX --reps 1 --entry-offset 13 --skip-unsupported --foot-comp on --heading heading-only --yaw-moment off --trace-npz outputs/yawm/trace_sA13.npz --results-csv outputs/yawm/ladder_frames.csv,,13,13,step_up,1,6.057648438861782,,on,half-stance,0.0,0.0,0,0.0,4,4,heading-only,0.0,0,0.04,0,obstacle,0.12,15,skill.STEP_TROT_MAX,step_up_0p12,0,0,2026-09-01T07:59:39Z,goal,1,TROT,0.9999999999999982,0.0,901,0.0,1,nan,16.628936767578125,,off,nan,0.0,0.0,
--headless --device cpu --params skill.STEP_TROT_MAX --reps 1 --entry-offset 13 --skip-unsupported --foot-comp on --heading heading-only --yaw-moment off --trace-npz outputs/yawm/trace_sA13.npz --results-csv outputs/yawm/ladder_frames.csv,,13,13,step_up,1,4.094109320660355,,on,half-stance,0.0,0.0,0,0.0,4,4,heading-only,0.0,0,0.04,0,obstacle,0.14,15,skill.STEP_TROT_MAX,step_up_0p14,0,0,2026-09-01T07:59:39Z,goal,1,TROT,0.9999999999999964,0.0,901,0.0,1,nan,21.39801788330078,,off,nan,0.0,0.0,
--headless --device cpu --params skill.STEP_TROT_MAX --reps 1 --entry-offset 13 --skip-unsupported --foot-comp on --heading heading-only --yaw-moment off --trace-npz outputs/yawm/trace_sA13.npz --results-csv outputs/yawm/ladder_frames.csv,,13,13,step_up,1,4.018043848115777,,on,half-stance,0.0,0.0,0,0.0,4,4,heading-only,0.0,0,0.04,0,obstacle,0.16,15,skill.STEP_TROT_MAX,step_up_0p16,0,0,2026-09-01T07:59:39Z,goal,1,TROT,1.0,0.0,901,0.0,1,nan,19.103586196899414,,off,nan,0.0,0.0,
--headless --device cpu --params skill.STEP_TROT_MAX --reps 1 --entry-offset 13 --skip-unsupported --foot-comp on --heading heading-only --yaw-moment off --trace-npz outputs/yawm/trace_sA13.npz --results-csv outputs/yawm/ladder_frames.csv,,13,13,step_up,1,4.429786299113814,,on,half-stance,0.0,0.0,0,0.0,4,4,heading-only,0.0,0,0.04,0,obstacle,0.18,15,skill.STEP_TROT_MAX,step_up_0p18,0,0,2026-09-01T07:59:39Z,goal,1,TROT,1.0,0.0,901,0.0,1,nan,18.355512619018555,,off,nan,0.0,0.0,
--headless --device cpu --params skill.STEP_TROT_MAX --reps 1 --entry-offset 13 --skip-unsupported --foot-comp on --heading heading-only --yaw-moment off --trace-npz outputs/yawm/trace_sA13.npz --results-csv outputs/yawm/ladder_frames.csv,,13,13,step_up,1,4.096368523816927,,on,half-stance,0.0,0.0,0,0.0,4,4,heading-only,0.0,0,0.04,0,obstacle,0.2,15,skill.STEP_TROT_MAX,step_up_0p20,0,0,2026-09-01T07:59:39Z,goal,1,TROT,0.9999999999999982,0.0,901,0.0,1,nan,20.83265495300293,,off,nan,0.0,0.0,
--headless --device cpu --params skill.STEP_TROT_MAX --reps 1 --entry-offset 13 --skip-unsupported --foot-comp on --heading heading-only --yaw-moment off --trace-npz outputs/yawm/trace_sA13.npz --results-csv outputs/yawm/ladder_frames.csv,,13,13,step_up,1,4.074526371888509,,on,half-stance,0.0,0.0,0,0.0,4,4,heading-only,0.0,0,0.04,0,obstacle,0.22,15,skill.STEP_TROT_MAX,step_up_0p22,0,0,2026-09-01T07:59:39Z,goal,1,TROT,0.9999999999999964,0.0,901,0.0,1,nan,21.32314109802246,,off,nan,0.0,0.0,
--headless --device cpu --params skill.STEP_TROT_MAX --reps 1 --entry-offset 13 --skip-unsupported --foot-comp on --heading heading-only --yaw-moment off --trace-npz outputs/yawm/trace_sA13.npz --results-csv outputs/yawm/ladder_frames.csv,,13,13,step_up,1,4.107261904265833,,on,half-stance,0.0,0.0,0,0.0,4,4,heading-only,0.0,0,0.04,0,obstacle,0.24,15,skill.STEP_TROT_MAX,step_up_0p24,0,0,2026-09-01T07:59:39Z,goal,1,TROT,1.0,0.0,901,0.0,1,nan,21.619417190551758,,off,nan,0.0,0.0,
--headless --device cpu --params skill.STEP_TROT_MAX --reps 1 --entry-offset 13 --skip-unsupported --foot-comp on --heading heading-only --yaw-moment off --trace-npz outputs/yawm/trace_sA13.npz --results-csv outputs/yawm/ladder_frames.csv,,13,13,step_up,1,4.096233270812825,,on,half-stance,0.0,0.0,0,0.0,4,4,heading-only,0.0,0,0.04,0,obstacle,0.26,15,skill.STEP_TROT_MAX,step_up_0p26,0,0,2026-09-01T07:59:39Z,goal,1,TROT,1.0,0.0,901,0.0,1,nan,21.47924041748047,,off,nan,0.0,0.0,
--headless --device cpu --params skill.STEP_TROT_MAX --reps 1 --entry-offset 13 --skip-unsupported --foot-comp on --heading heading-only --yaw-moment off --trace-npz outputs/yawm/trace_sA13.npz --results-csv outputs/yawm/ladder_frames.csv,,13,13,step_up,1,4.02747356604688,,on,half-stance,0.0,0.0,0,0.0,4,4,heading-only,0.0,0,0.04,0,obstacle,0.28,15,skill.STEP_TROT_MAX,step_up_0p28,0,0,2026-09-01T07:59:39Z,goal,1,TROT,0.9999999999999982,0.0,901,0.0,1,nan,18.74677085876465,,off,nan,0.0,0.0,
--headless --device cpu --params skill.STEP_TROT_MAX --reps 1 --entry-offset 13 --skip-unsupported --foot-comp on --heading heading-only --yaw-moment off --trace-npz outputs/yawm/trace_sA13.npz --results-csv outputs/yawm/ladder_frames.csv,,13,13,step_up,1,4.418392653406648,,on,half-stance,0.0,0.0,0,0.0,4,4,heading-only,0.0,0,0.04,0,obstacle,0.3,15,skill.STEP_TROT_MAX,step_up_0p30,0,0,2026-09-01T07:59:39Z,goal,1,TROT,0.9999999999999964,0.0,901,0.0,1,nan,18.35127067565918,,off,nan,0.0,0.0,
--headless --device cpu --params skill.STEP_TROT_MAX --reps 1 --entry-offset 0 --skip-unsupported --foot-comp on --heading heading-only --yaw-moment hold --yaw-moment-gain 5 --yaw-moment-cap-nm 2.0 --trace-npz outputs/yawm/trace_sB0.npz --results-csv outputs/yawm/ladder_frames.csv,,0,0,step_up,1,10.599903654562429,,on,half-stance,0.0,0.0,0,0.0,4,4,heading-only,0.0,0,0.04,0,obstacle,0.02,15,skill.STEP_TROT_MAX,step_up_0p02,0,0,2026-09-01T07:59:39Z,goal,1,TROT,1.0,0.0,901,0.0,1,nan,14.563233375549316,,hold,2.0,5.0,0.0,
--headless --device cpu --params skill.STEP_TROT_MAX --reps 1 --entry-offset 0 --skip-unsupported --foot-comp on --heading heading-only --yaw-moment hold --yaw-moment-gain 5 --yaw-moment-cap-nm 2.0 --trace-npz outputs/yawm/trace_sB0.npz --results-csv outputs/yawm/ladder_frames.csv,,0,0,step_up,1,1.0489062032881433,,on,half-stance,0.0,0.0,0,0.0,4,4,heading-only,0.0,0,0.04,0,obstacle,0.04,15,skill.STEP_TROT_MAX,step_up_0p04,0,0,2026-09-01T07:59:39Z,goal,1,TROT,0.9999999999999982,0.0,901,0.0,1,nan,16.753570556640625,,hold,2.0,5.0,0.0,
--headless --device cpu --params skill.STEP_TROT_MAX --reps 1 --entry-offset 0 --skip-unsupported --foot-comp on --heading heading-only --yaw-moment hold --yaw-moment-gain 5 --yaw-moment-cap-nm 2.0 --trace-npz outputs/yawm/trace_sB0.npz --results-csv outputs/yawm/ladder_frames.csv,,0,0,step_up,0,1.36079367552679,,on,half-stance,0.0,0.0,0,0.0,4,4,heading-only,0.0,0,0.04,0,obstacle,0.06,15,skill.STEP_TROT_MAX,step_up_0p06,0,0,2026-09-01T07:59:39Z,goal,1,TROT,0.9999999999999964,0.0,901,0.0,1,nan,18.029876708984375,,hold,2.0,5.0,0.0,
--headless --device cpu --params skill.STEP_TROT_MAX --reps 1 --entry-offset 0 --skip-unsupported --foot-comp on --heading heading-only --yaw-moment hold --yaw-moment-gain 5 --yaw-moment-cap-nm 2.0 --trace-npz outputs/yawm/trace_sB0.npz --results-csv outputs/yawm/ladder_frames.csv,,0,0,step_up,1,1.8870023896528216,,on,half-stance,0.0,0.0,0,0.0,4,4,heading-only,0.0,0,0.04,0,obstacle,0.08,15,skill.STEP_TROT_MAX,step_up_0p08,0,0,2026-09-01T07:59:39Z,goal,1,TROT,1.0,0.0,901,0.0,1,nan,15.518026351928711,,hold,2.0,5.0,0.0,
--headless --device cpu --params skill.STEP_TROT_MAX --reps 1 --entry-offset 0 --skip-unsupported --foot-comp on --heading heading-only --yaw-moment hold --yaw-moment-gain 5 --yaw-moment-cap-nm 2.0 --trace-npz outputs/yawm/trace_sB0.npz --results-csv outputs/yawm/ladder_frames.csv,,0,0,step_up,1,1.9131431998256307,,on,half-stance,0.0,0.0,0,0.0,4,4,heading-only,0.0,0,0.04,0,obstacle,0.1,15,skill.STEP_TROT_MAX,step_up_0p10,0,0,2026-09-01T07:59:39Z,goal,1,TROT,1.0,0.0,901,0.0,1,nan,14.487661361694336,,hold,2.0,5.0,0.0,
--headless --device cpu --params skill.STEP_TROT_MAX --reps 1 --entry-offset 0 --skip-unsupported --foot-comp on --heading heading-only --yaw-moment hold --yaw-moment-gain 5 --yaw-moment-cap-nm 2.0 --trace-npz outputs/yawm/trace_sB0.npz --results-csv outputs/yawm/ladder_frames.csv,,0,0,step_up,1,1.958981503209979,,on,half-stance,0.0,0.0,0,0.0,4,4,heading-only,0.0,0,0.04,0,obstacle,0.12,15,skill.STEP_TROT_MAX,step_up_0p12,0,0,2026-09-01T07:59:39Z,goal,1,TROT,0.9999999999999982,0.0,901,0.0,1,nan,15.426021575927734,,hold,2.0,5.0,0.0,
--headless --device cpu --params skill.STEP_TROT_MAX --reps 1 --entry-offset 0 --skip-unsupported --foot-comp on --heading heading-only --yaw-moment hold --yaw-moment-gain 5 --yaw-moment-cap-nm 2.0 --trace-npz outputs/yawm/trace_sB0.npz --results-csv outputs/yawm/ladder_frames.csv,,0,0,step_up,1,1.949239682857664,,on,half-stance,0.0,0.0,0,0.0,4,4,heading-only,0.0,0,0.04,0,obstacle,0.14,15,skill.STEP_TROT_MAX,step_up_0p14,0,0,2026-09-01T07:59:39Z,goal,1,TROT,0.9999999999999964,0.0,901,0.0,1,nan,14.589730262756348,,hold,2.0,5.0,0.0,
--headless --device cpu --params skill.STEP_TROT_MAX --reps 1 --entry-offset 0 --skip-unsupported --foot-comp on --heading heading-only --yaw-moment hold --yaw-moment-gain 5 --yaw-moment-cap-nm 2.0 --trace-npz outputs/yawm/trace_sB0.npz --results-csv outputs/yawm/ladder_frames.csv,,0,0,step_up,1,1.9167493681322867,,on,half-stance,0.0,0.0,0,0.0,4,4,heading-only,0.0,0,0.04,0,obstacle,0.16,15,skill.STEP_TROT_MAX,step_up_0p16,0,0,2026-09-01T07:59:39Z,goal,1,TROT,1.0,0.0,901,0.0,1,nan,15.17818832397461,,hold,2.0,5.0,0.0,
--headless --device cpu --params skill.STEP_TROT_MAX --reps 1 --entry-offset 0 --skip-unsupported --foot-comp on --heading heading-only --yaw-moment hold --yaw-moment-gain 5 --yaw-moment-cap-nm 2.0 --trace-npz outputs/yawm/trace_sB0.npz --results-csv outputs/yawm/ladder_frames.csv,,0,0,step_up,1,1.8986131101063073,,on,half-stance,0.0,0.0,0,0.0,4,4,heading-only,0.0,0,0.04,0,obstacle,0.18,15,skill.STEP_TROT_MAX,step_up_0p18,0,0,2026-09-01T07:59:39Z,goal,1,TROT,1.0,0.0,901,0.0,1,nan,14.695807456970215,,hold,2.0,5.0,0.0,
--headless --device cpu --params skill.STEP_TROT_MAX --reps 1 --entry-offset 0 --skip-unsupported --foot-comp on --heading heading-only --yaw-moment hold --yaw-moment-gain 5 --yaw-moment-cap-nm 2.0 --trace-npz outputs/yawm/trace_sB0.npz --results-csv outputs/yawm/ladder_frames.csv,,0,0,step_up,1,1.9259720109583183,,on,half-stance,0.0,0.0,0,0.0,4,4,heading-only,0.0,0,0.04,0,obstacle,0.2,15,skill.STEP_TROT_MAX,step_up_0p20,0,0,2026-09-01T07:59:39Z,goal,1,TROT,0.9999999999999982,0.0,901,0.0,1,nan,14.654830932617188,,hold,2.0,5.0,0.0,
--headless --device cpu --params skill.STEP_TROT_MAX --reps 1 --entry-offset 0 --skip-unsupported --foot-comp on --heading heading-only --yaw-moment hold --yaw-moment-gain 5 --yaw-moment-cap-nm 2.0 --trace-npz outputs/yawm/trace_sB0.npz --results-csv outputs/yawm/ladder_frames.csv,,0,0,step_up,1,1.2187009159270636,,on,half-stance,0.0,0.0,0,0.0,4,4,heading-only,0.0,0,0.04,0,obstacle,0.22,15,skill.STEP_TROT_MAX,step_up_0p22,0,0,2026-09-01T07:59:39Z,goal,1,TROT,0.9999999999999964,0.0,901,0.0,1,nan,14.509568214416504,,hold,2.0,5.0,0.0,
--headless --device cpu --params skill.STEP_TROT_MAX --reps 1 --entry-offset 0 --skip-unsupported --foot-comp on --heading heading-only --yaw-moment hold --yaw-moment-gain 5 --yaw-moment-cap-nm 2.0 --trace-npz outputs/yawm/trace_sB0.npz --results-csv outputs/yawm/ladder_frames.csv,,0,0,step_up,0,1.1335646093151337,,on,half-stance,0.0,0.0,0,0.0,4,4,heading-only,0.0,0,0.04,0,obstacle,0.24,15,skill.STEP_TROT_MAX,step_up_0p24,0,0,2026-09-01T07:59:39Z,goal,1,TROT,1.0,0.0,901,0.0,1,nan,14.528310775756836,,hold,2.0,5.0,0.0,
--headless --device cpu --params skill.STEP_TROT_MAX --reps 1 --entry-offset 0 --skip-unsupported --foot-comp on --heading heading-only --yaw-moment hold --yaw-moment-gain 5 --yaw-moment-cap-nm 2.0 --trace-npz outputs/yawm/trace_sB0.npz --results-csv outputs/yawm/ladder_frames.csv,,0,0,step_up,0,1.7453489079275701,,on,half-stance,0.0,0.0,0,0.0,4,4,heading-only,0.0,0,0.04,0,obstacle,0.26,15,skill.STEP_TROT_MAX,step_up_0p26,0,0,2026-09-01T07:59:39Z,goal,1,TROT,1.0,0.0,901,0.0,1,nan,14.57654857635498,,hold,2.0,5.0,0.0,
--headless --device cpu --params skill.STEP_TROT_MAX --reps 1 --entry-offset 0 --skip-unsupported --foot-comp on --heading heading-only --yaw-moment hold --yaw-moment-gain 5 --yaw-moment-cap-nm 2.0 --trace-npz outputs/yawm/trace_sB0.npz --results-csv outputs/yawm/ladder_frames.csv,,0,0,step_up,1,2.133374157880506,,on,half-stance,0.0,0.0,0,0.0,4,4,heading-only,0.0,0,0.04,0,obstacle,0.28,15,skill.STEP_TROT_MAX,step_up_0p28,0,0,2026-09-01T07:59:39Z,goal,1,TROT,0.9999999999999982,0.0,901,0.0,1,nan,14.545007705688477,,hold,2.0,5.0,0.0,
--headless --device cpu --params skill.STEP_TROT_MAX --reps 1 --entry-offset 0 --skip-unsupported --foot-comp on --heading heading-only --yaw-moment hold --yaw-moment-gain 5 --yaw-moment-cap-nm 2.0 --trace-npz outputs/yawm/trace_sB0.npz --results-csv outputs/yawm/ladder_frames.csv,,0,0,step_up,0,1.3886991318240616,,on,half-stance,0.0,0.0,0,0.0,4,4,heading-only,0.0,0,0.04,0,obstacle,0.3,15,skill.STEP_TROT_MAX,step_up_0p30,0,0,2026-09-01T07:59:39Z,goal,1,TROT,0.9999999999999964,0.0,901,0.0,1,nan,14.658554077148438,,hold,2.0,5.0,0.0,
--headless --device cpu --params skill.STEP_TROT_MAX --reps 1 --entry-offset 0 --skip-unsupported --foot-comp on --heading heading-only --yaw-moment off --trace-npz outputs/yawm/trace_sA0.npz --results-csv outputs/yawm/ladder_frames.csv,,0,0,step_up,1,1.5917477275484788,,on,half-stance,0.0,0.0,0,0.0,4,4,heading-only,0.0,0,0.04,0,obstacle,0.02,15,skill.STEP_TROT_MAX,step_up_0p02,0,0,2026-09-01T07:59:39Z,goal,1,TROT,1.0,0.0,901,0.0,1,nan,18.379222869873047,,off,nan,0.0,0.0,
--headless --device cpu --params skill.STEP_TROT_MAX --reps 1 --entry-offset 0 --skip-unsupported --foot-comp on --heading heading-only --yaw-moment off --trace-npz outputs/yawm/trace_sA0.npz --results-csv outputs/yawm/ladder_frames.csv,,0,0,step_up,0,1.4894551929436997,,on,half-stance,0.0,0.0,0,0.0,4,4,heading-only,0.0,0,0.04,0,obstacle,0.04,15,skill.STEP_TROT_MAX,step_up_0p04,0,0,2026-09-01T07:59:39Z,goal,1,TROT,0.9999999999999982,0.0,901,0.0,1,nan,14.798283576965332,,off,nan,0.0,0.0,
--headless --device cpu --params skill.STEP_TROT_MAX --reps 1 --entry-offset 0 --skip-unsupported --foot-comp on --heading heading-only --yaw-moment off --trace-npz outputs/yawm/trace_sA0.npz --results-csv outputs/yawm/ladder_frames.csv,,0,0,step_up,0,1.4469564597266256,,on,half-stance,0.0,0.0,0,0.0,4,4,heading-only,0.0,0,0.04,0,obstacle,0.06,15,skill.STEP_TROT_MAX,step_up_0p06,0,0,2026-09-01T07:59:39Z,goal,1,TROT,0.9999999999999964,0.0,901,0.0,1,nan,14.4834623336792,,off,nan,0.0,0.0,
--headless --device cpu --params skill.STEP_TROT_MAX --reps 1 --entry-offset 0 --skip-unsupported --foot-comp on --heading heading-only --yaw-moment off --trace-npz outputs/yawm/trace_sA0.npz --results-csv outputs/yawm/ladder_frames.csv,,0,0,step_up,1,1.9064519078533149,,on,half-stance,0.0,0.0,0,0.0,4,4,heading-only,0.0,0,0.04,0,obstacle,0.08,15,skill.STEP_TROT_MAX,step_up_0p08,0,0,2026-09-01T07:59:39Z,goal,1,TROT,1.0,0.0,901,0.0,1,nan,19.835046768188477,,off,nan,0.0,0.0,
--headless --device cpu --params skill.STEP_TROT_MAX --reps 1 --entry-offset 0 --skip-unsupported --foot-comp on --heading heading-only --yaw-moment off --trace-npz outputs/yawm/trace_sA0.npz --results-csv outputs/yawm/ladder_frames.csv,,0,0,step_up,0,1.4938548844866124,,on,half-stance,0.0,0.0,0,0.0,4,4,heading-only,0.0,0,0.04,0,obstacle,0.1,15,skill.STEP_TROT_MAX,step_up_0p10,0,0,2026-09-01T07:59:39Z,goal,1,TROT,1.0,0.0,901,0.0,1,nan,14.442471504211426,,off,nan,0.0,0.0,
--headless --device cpu --params skill.STEP_TROT_MAX --reps 1 --entry-offset 0 --skip-unsupported --foot-comp on --heading heading-only --yaw-moment off --trace-npz outputs/yawm/trace_sA0.npz --results-csv outputs/yawm/ladder_frames.csv,,0,0,step_up,0,1.555225920498583,,on,half-stance,0.0,0.0,0,0.0,4,4,heading-only,0.0,0,0.04,0,obstacle,0.12,15,skill.STEP_TROT_MAX,step_up_0p12,0,0,2026-09-01T07:59:39Z,goal,1,TROT,0.9999999999999982,0.0,901,0.0,1,nan,14.589400291442871,,off,nan,0.0,0.0,
--headless --device cpu --params skill.STEP_TROT_MAX --reps 1 --entry-offset 0 --skip-unsupported --foot-comp on --heading heading-only --yaw-moment off --trace-npz outputs/yawm/trace_sA0.npz --results-csv outputs/yawm/ladder_frames.csv,,0,0,step_up,1,1.1561229928163668,,on,half-stance,0.0,0.0,0,0.0,4,4,heading-only,0.0,0,0.04,0,obstacle,0.14,15,skill.STEP_TROT_MAX,step_up_0p14,0,0,2026-09-01T07:59:39Z,goal,1,TROT,0.9999999999999964,0.0,901,0.0,1,nan,23.66039276123047,,off,nan,0.0,0.0,
--headless --device cpu --params skill.STEP_TROT_MAX --reps 1 --entry-offset 0 --skip-unsupported --foot-comp on --heading heading-only --yaw-moment off --trace-npz outputs/yawm/trace_sA0.npz --results-csv outputs/yawm/ladder_frames.csv,,0,0,step_up,1,1.9496417613279526,,on,half-stance,0.0,0.0,0,0.0,4,4,heading-only,0.0,0,0.04,0,obstacle,0.16,15,skill.STEP_TROT_MAX,step_up_0p16,0,0,2026-09-01T07:59:39Z,goal,1,TROT,1.0,0.0,901,0.0,1,nan,14.621021270751953,,off,nan,0.0,0.0,
--headless --device cpu --params skill.STEP_TROT_MAX --reps 1 --entry-offset 0 --skip-unsupported --foot-comp on --heading heading-only --yaw-moment off --trace-npz outputs/yawm/trace_sA0.npz --results-csv outputs/yawm/ladder_frames.csv,,0,0,step_up,1,1.7290804790539986,,on,half-stance,0.0,0.0,0,0.0,4,4,heading-only,0.0,0,0.04,0,obstacle,0.18,15,skill.STEP_TROT_MAX,step_up_0p18,0,0,2026-09-01T07:59:39Z,goal,1,TROT,1.0,0.0,901,0.0,1,nan,14.648531913757324,,off,nan,0.0,0.0,
--headless --device cpu --params skill.STEP_TROT_MAX --reps 1 --entry-offset 0 --skip-unsupported --foot-comp on --heading heading-only --yaw-moment off --trace-npz outputs/yawm/trace_sA0.npz --results-csv outputs/yawm/ladder_frames.csv,,0,0,step_up,1,1.56818210551618,,on,half-stance,0.0,0.0,0,0.0,4,4,heading-only,0.0,0,0.04,0,obstacle,0.2,15,skill.STEP_TROT_MAX,step_up_0p20,0,0,2026-09-01T07:59:39Z,goal,1,TROT,0.9999999999999982,0.0,901,0.0,1,nan,14.60640811920166,,off,nan,0.0,0.0,
--headless --device cpu --params skill.STEP_TROT_MAX --reps 1 --entry-offset 0 --skip-unsupported --foot-comp on --heading heading-only --yaw-moment off --trace-npz outputs/yawm/trace_sA0.npz --results-csv outputs/yawm/ladder_frames.csv,,0,0,step_up,1,1.5530751563168435,,on,half-stance,0.0,0.0,0,0.0,4,4,heading-only,0.0,0,0.04,0,obstacle,0.22,15,skill.STEP_TROT_MAX,step_up_0p22,0,0,2026-09-01T07:59:39Z,goal,1,TROT,0.9999999999999964,0.0,901,0.0,1,nan,14.47083568572998,,off,nan,0.0,0.0,
--headless --device cpu --params skill.STEP_TROT_MAX --reps 1 --entry-offset 0 --skip-unsupported --foot-comp on --heading heading-only --yaw-moment off --trace-npz outputs/yawm/trace_sA0.npz --results-csv outputs/yawm/ladder_frames.csv,,0,0,step_up,1,1.9799933601274966,,on,half-stance,0.0,0.0,0,0.0,4,4,heading-only,0.0,0,0.04,0,obstacle,0.24,15,skill.STEP_TROT_MAX,step_up_0p24,0,0,2026-09-01T07:59:39Z,goal,1,TROT,1.0,0.0,901,0.0,1,nan,14.470088958740234,,off,nan,0.0,0.0,
--headless --device cpu --params skill.STEP_TROT_MAX --reps 1 --entry-offset 0 --skip-unsupported --foot-comp on --heading heading-only --yaw-moment off --trace-npz outputs/yawm/trace_sA0.npz --results-csv outputs/yawm/ladder_frames.csv,,0,0,step_up,1,2.0111348371284867,,on,half-stance,0.0,0.0,0,0.0,4,4,heading-only,0.0,0,0.04,0,obstacle,0.26,15,skill.STEP_TROT_MAX,step_up_0p26,0,0,2026-09-01T07:59:39Z,goal,1,TROT,1.0,0.0,901,0.0,1,nan,14.516373634338379,,off,nan,0.0,0.0,
--headless --device cpu --params skill.STEP_TROT_MAX --reps 1 --entry-offset 0 --skip-unsupported --foot-comp on --heading heading-only --yaw-moment off --trace-npz outputs/yawm/trace_sA0.npz --results-csv outputs/yawm/ladder_frames.csv,,0,0,step_up,1,2.1019339579287974,,on,half-stance,0.0,0.0,0,0.0,4,4,heading-only,0.0,0,0.04,0,obstacle,0.28,15,skill.STEP_TROT_MAX,step_up_0p28,0,0,2026-09-01T07:59:39Z,goal,1,TROT,0.9999999999999982,0.0,901,0.0,1,nan,14.571317672729492,,off,nan,0.0,0.0,
--headless --device cpu --params skill.STEP_TROT_MAX --reps 1 --entry-offset 0 --skip-unsupported --foot-comp on --heading heading-only --yaw-moment off --trace-npz outputs/yawm/trace_sA0.npz --results-csv outputs/yawm/ladder_frames.csv,,0,0,step_up,1,2.133374075738264,,on,half-stance,0.0,0.0,0,0.0,4,4,heading-only,0.0,0,0.04,0,obstacle,0.3,15,skill.STEP_TROT_MAX,step_up_0p30,0,0,2026-09-01T07:59:39Z,goal,1,TROT,0.9999999999999964,0.0,901,0.0,1,nan,14.600493431091309,,off,nan,0.0,0.0,
--headless --device cpu --params skill.STEP_TROT_MAX --reps 1 --entry-offset 16 --skip-unsupported --foot-comp on --heading heading-only --yaw-moment hold --yaw-moment-gain 5 --yaw-moment-cap-nm 2.0 --trace-npz outputs/yawm/trace_sB16.npz --results-csv outputs/yawm/ladder_frames.csv,,16,16,step_up,1,8.258223048911876,,on,half-stance,0.0,0.0,0,0.0,4,4,heading-only,0.0,0,0.04,0,obstacle,0.02,15,skill.STEP_TROT_MAX,step_up_0p02,1,0,2026-09-01T07:59:39Z,goal,1,TROT,1.0,0.0,901,0.0,1,6.24,13.324113845825195,,hold,2.0,5.0,0.0,
--headless --device cpu --params skill.STEP_TROT_MAX --reps 1 --entry-offset 16 --skip-unsupported --foot-comp on --heading heading-only --yaw-moment hold --yaw-moment-gain 5 --yaw-moment-cap-nm 2.0 --trace-npz outputs/yawm/trace_sB16.npz --results-csv outputs/yawm/ladder_frames.csv,,16,16,step_up,1,1.2065328919645575,,on,half-stance,0.0,0.0,0,0.0,4,4,heading-only,0.0,0,0.04,0,obstacle,0.04,15,skill.STEP_TROT_MAX,step_up_0p04,0,0,2026-09-01T07:59:39Z,goal,1,TROT,0.9999999999999982,0.0,901,0.0,1,nan,20.30635643005371,,hold,2.0,5.0,0.0,
--headless --device cpu --params skill.STEP_TROT_MAX --reps 1 --entry-offset 16 --skip-unsupported --foot-comp on --heading heading-only --yaw-moment hold --yaw-moment-gain 5 --yaw-moment-cap-nm 2.0 --trace-npz outputs/yawm/trace_sB16.npz --results-csv outputs/yawm/ladder_frames.csv,,16,16,step_up,1,1.6103065042178484,,on,half-stance,0.0,0.0,0,0.0,4,4,heading-only,0.0,0,0.04,0,obstacle,0.06,15,skill.STEP_TROT_MAX,step_up_0p06,0,0,2026-09-01T07:59:39Z,goal,1,TROT,0.9999999999999964,0.0,901,0.0,1,nan,12.045629501342773,,hold,2.0,5.0,0.0,
--headless --device cpu --params skill.STEP_TROT_MAX --reps 1 --entry-offset 16 --skip-unsupported --foot-comp on --heading heading-only --yaw-moment hold --yaw-moment-gain 5 --yaw-moment-cap-nm 2.0 --trace-npz outputs/yawm/trace_sB16.npz --results-csv outputs/yawm/ladder_frames.csv,,16,16,step_up,1,1.554135922679587,,on,half-stance,0.0,0.0,0,0.0,4,4,heading-only,0.0,0,0.04,0,obstacle,0.08,15,skill.STEP_TROT_MAX,step_up_0p08,0,0,2026-09-01T07:59:39Z,goal,1,TROT,1.0,0.0,901,0.0,1,nan,13.565420150756836,,hold,2.0,5.0,0.0,
--headless --device cpu --params skill.STEP_TROT_MAX --reps 1 --entry-offset 16 --skip-unsupported --foot-comp on --heading heading-only --yaw-moment hold --yaw-moment-gain 5 --yaw-moment-cap-nm 2.0 --trace-npz outputs/yawm/trace_sB16.npz --results-csv outputs/yawm/ladder_frames.csv,,16,16,step_up,0,1.243953361537928,,on,half-stance,0.0,0.0,0,0.0,4,4,heading-only,0.0,0,0.04,0,obstacle,0.1,15,skill.STEP_TROT_MAX,step_up_0p10,0,0,2026-09-01T07:59:39Z,goal,1,TROT,1.0,0.0,901,0.0,1,nan,11.957169532775879,,hold,2.0,5.0,0.0,
--headless --device cpu --params skill.STEP_TROT_MAX --reps 1 --entry-offset 16 --skip-unsupported --foot-comp on --heading heading-only --yaw-moment hold --yaw-moment-gain 5 --yaw-moment-cap-nm 2.0 --trace-npz outputs/yawm/trace_sB16.npz --results-csv outputs/yawm/ladder_frames.csv,,16,16,step_up,0,1.5763268527022471,,on,half-stance,0.0,0.0,0,0.0,4,4,heading-only,0.0,0,0.04,0,obstacle,0.12,15,skill.STEP_TROT_MAX,step_up_0p12,0,0,2026-09-01T07:59:39Z,goal,1,TROT,0.9999999999999982,0.0,901,0.0,1,nan,14.594924926757812,,hold,2.0,5.0,0.0,
--headless --device cpu --params skill.STEP_TROT_MAX --reps 1 --entry-offset 16 --skip-unsupported --foot-comp on --heading heading-only --yaw-moment hold --yaw-moment-gain 5 --yaw-moment-cap-nm 2.0 --trace-npz outputs/yawm/trace_sB16.npz --results-csv outputs/yawm/ladder_frames.csv,,16,16,step_up,0,1.3448740590829233,,on,half-stance,0.0,0.0,0,0.0,4,4,heading-only,0.0,0,0.04,0,obstacle,0.14,15,skill.STEP_TROT_MAX,step_up_0p14,0,0,2026-09-01T07:59:39Z,goal,1,TROT,0.9999999999999964,0.0,901,0.0,1,nan,12.431327819824219,,hold,2.0,5.0,0.0,
--headless --device cpu --params skill.STEP_TROT_MAX --reps 1 --entry-offset 16 --skip-unsupported --foot-comp on --heading heading-only --yaw-moment hold --yaw-moment-gain 5 --yaw-moment-cap-nm 2.0 --trace-npz outputs/yawm/trace_sB16.npz --results-csv outputs/yawm/ladder_frames.csv,,16,16,step_up,1,1.9927231587650813,,on,half-stance,0.0,0.0,0,0.0,4,4,heading-only,0.0,0,0.04,0,obstacle,0.16,15,skill.STEP_TROT_MAX,step_up_0p16,0,0,2026-09-01T07:59:39Z,goal,1,TROT,1.0,0.0,901,0.0,1,nan,14.889410972595215,,hold,2.0,5.0,0.0,
--headless --device cpu --params skill.STEP_TROT_MAX --reps 1 --entry-offset 16 --skip-unsupported --foot-comp on --heading heading-only --yaw-moment hold --yaw-moment-gain 5 --yaw-moment-cap-nm 2.0 --trace-npz outputs/yawm/trace_sB16.npz --results-csv outputs/yawm/ladder_frames.csv,,16,16,step_up,1,1.7136784646246905,,on,half-stance,0.0,0.0,0,0.0,4,4,heading-only,0.0,0,0.04,0,obstacle,0.18,15,skill.STEP_TROT_MAX,step_up_0p18,0,0,2026-09-01T07:59:39Z,goal,1,TROT,1.0,0.0,901,0.0,1,nan,11.953091621398926,,hold,2.0,5.0,0.0,
--headless --device cpu --params skill.STEP_TROT_MAX --reps 1 --entry-offset 16 --skip-unsupported --foot-comp on --heading heading-only --yaw-moment hold --yaw-moment-gain 5 --yaw-moment-cap-nm 2.0 --trace-npz outputs/yawm/trace_sB16.npz --results-csv outputs/yawm/ladder_frames.csv,,16,16,step_up,1,1.7688879540508382,,on,half-stance,0.0,0.0,0,0.0,4,4,heading-only,0.0,0,0.04,0,obstacle,0.2,15,skill.STEP_TROT_MAX,step_up_0p20,0,0,2026-09-01T07:59:39Z,goal,1,TROT,0.9999999999999982,0.0,901,0.0,1,nan,13.151008605957031,,hold,2.0,5.0,0.0,
--headless --device cpu --params skill.STEP_TROT_MAX --reps 1 --entry-offset 16 --skip-unsupported --foot-comp on --heading heading-only --yaw-moment hold --yaw-moment-gain 5 --yaw-moment-cap-nm 2.0 --trace-npz outputs/yawm/trace_sB16.npz --results-csv outputs/yawm/ladder_frames.csv,,16,16,step_up,1,1.6184292885703249,,on,half-stance,0.0,0.0,0,0.0,4,4,heading-only,0.0,0,0.04,0,obstacle,0.22,15,skill.STEP_TROT_MAX,step_up_0p22,0,0,2026-09-01T07:59:39Z,goal,1,TROT,0.9999999999999964,0.0,901,0.0,1,nan,12.590195655822754,,hold,2.0,5.0,0.0,
--headless --device cpu --params skill.STEP_TROT_MAX --reps 1 --entry-offset 16 --skip-unsupported --foot-comp on --heading heading-only --yaw-moment hold --yaw-moment-gain 5 --yaw-moment-cap-nm 2.0 --trace-npz outputs/yawm/trace_sB16.npz --results-csv outputs/yawm/ladder_frames.csv,,16,16,step_up,1,1.5967793298325537,,on,half-stance,0.0,0.0,0,0.0,4,4,heading-only,0.0,0,0.04,0,obstacle,0.24,15,skill.STEP_TROT_MAX,step_up_0p24,0,0,2026-09-01T07:59:39Z,goal,1,TROT,1.0,0.0,901,0.0,1,nan,13.966697692871094,,hold,2.0,5.0,0.0,
--headless --device cpu --params skill.STEP_TROT_MAX --reps 1 --entry-offset 16 --skip-unsupported --foot-comp on --heading heading-only --yaw-moment hold --yaw-moment-gain 5 --yaw-moment-cap-nm 2.0 --trace-npz outputs/yawm/trace_sB16.npz --results-csv outputs/yawm/ladder_frames.csv,,16,16,step_up,1,1.6036538351446217,,on,half-stance,0.0,0.0,0,0.0,4,4,heading-only,0.0,0,0.04,0,obstacle,0.26,15,skill.STEP_TROT_MAX,step_up_0p26,0,0,2026-09-01T07:59:39Z,goal,1,TROT,1.0,0.0,901,0.0,1,nan,12.286726951599121,,hold,2.0,5.0,0.0,
--headless --device cpu --params skill.STEP_TROT_MAX --reps 1 --entry-offset 16 --skip-unsupported --foot-comp on --heading heading-only --yaw-moment hold --yaw-moment-gain 5 --yaw-moment-cap-nm 2.0 --trace-npz outputs/yawm/trace_sB16.npz --results-csv outputs/yawm/ladder_frames.csv,,16,16,step_up,1,1.6470310759952111,,on,half-stance,0.0,0.0,0,0.0,4,4,heading-only,0.0,0,0.04,0,obstacle,0.28,15,skill.STEP_TROT_MAX,step_up_0p28,0,0,2026-09-01T07:59:39Z,goal,1,TROT,0.9999999999999982,0.0,901,0.0,1,nan,13.605474472045898,,hold,2.0,5.0,0.0,
--headless --device cpu --params skill.STEP_TROT_MAX --reps 1 --entry-offset 16 --skip-unsupported --foot-comp on --heading heading-only --yaw-moment hold --yaw-moment-gain 5 --yaw-moment-cap-nm 2.0 --trace-npz outputs/yawm/trace_sB16.npz --results-csv outputs/yawm/ladder_frames.csv,,16,16,step_up,1,1.5664426972805876,,on,half-stance,0.0,0.0,0,0.0,4,4,heading-only,0.0,0,0.04,0,obstacle,0.3,15,skill.STEP_TROT_MAX,step_up_0p30,0,0,2026-09-01T07:59:39Z,goal,1,TROT,0.9999999999999964,0.0,901,0.0,1,nan,14.382355690002441,,hold,2.0,5.0,0.0,
--headless --device cpu --params skill.STEP_TROT_MAX --reps 1 --entry-offset 1 --skip-unsupported --foot-comp on --heading heading-only --yaw-moment hold --yaw-moment-gain 5 --yaw-moment-cap-nm 2.0 --trace-npz outputs/yawm/trace_sB1.npz --results-csv outputs/yawm/ladder_frames.csv,,1,1,step_up,1,5.965391670197455,,on,half-stance,0.0,0.0,0,0.0,4,4,heading-only,0.0,0,0.04,0,obstacle,0.02,15,skill.STEP_TROT_MAX,step_up_0p02,0,0,2026-09-01T07:59:39Z,goal,1,TROT,1.0,0.0,901,0.0,1,nan,13.905153274536133,,hold,2.0,5.0,0.0,
--headless --device cpu --params skill.STEP_TROT_MAX --reps 1 --entry-offset 1 --skip-unsupported --foot-comp on --heading heading-only --yaw-moment hold --yaw-moment-gain 5 --yaw-moment-cap-nm 2.0 --trace-npz outputs/yawm/trace_sB1.npz --results-csv outputs/yawm/ladder_frames.csv,,1,1,step_up,1,1.0864069935398377,,on,half-stance,0.0,0.0,0,0.0,4,4,heading-only,0.0,0,0.04,0,obstacle,0.04,15,skill.STEP_TROT_MAX,step_up_0p04,0,0,2026-09-01T07:59:39Z,goal,1,TROT,0.9999999999999982,0.0,901,0.0,1,nan,18.47416114807129,,hold,2.0,5.0,0.0,
--headless --device cpu --params skill.STEP_TROT_MAX --reps 1 --entry-offset 1 --skip-unsupported --foot-comp on --heading heading-only --yaw-moment hold --yaw-moment-gain 5 --yaw-moment-cap-nm 2.0 --trace-npz outputs/yawm/trace_sB1.npz --results-csv outputs/yawm/ladder_frames.csv,,1,1,step_up,1,1.9046086691743072,,on,half-stance,0.0,0.0,0,0.0,4,4,heading-only,0.0,0,0.04,0,obstacle,0.06,15,skill.STEP_TROT_MAX,step_up_0p06,0,0,2026-09-01T07:59:39Z,goal,1,TROT,0.9999999999999964,0.0,901,0.0,1,nan,13.904448509216309,,hold,2.0,5.0,0.0,
--headless --device cpu --params skill.STEP_TROT_MAX --reps 1 --entry-offset 1 --skip-unsupported --foot-comp on --heading heading-only --yaw-moment hold --yaw-moment-gain 5 --yaw-moment-cap-nm 2.0 --trace-npz outputs/yawm/trace_sB1.npz --results-csv outputs/yawm/ladder_frames.csv,,1,1,step_up,0,1.4348442564956498,,on,half-stance,0.0,0.0,0,0.0,4,4,heading-only,0.0,0,0.04,0,obstacle,0.08,15,skill.STEP_TROT_MAX,step_up_0p08,0,0,2026-09-01T07:59:39Z,goal,1,TROT,1.0,0.0,901,0.0,1,nan,13.912049293518066,,hold,2.0,5.0,0.0,
--headless --device cpu --params skill.STEP_TROT_MAX --reps 1 --entry-offset 1 --skip-unsupported --foot-comp on --heading heading-only --yaw-moment hold --yaw-moment-gain 5 --yaw-moment-cap-nm 2.0 --trace-npz outputs/yawm/trace_sB1.npz --results-csv outputs/yawm/ladder_frames.csv,,1,1,step_up,1,1.9550599738536147,,on,half-stance,0.0,0.0,0,0.0,4,4,heading-only,0.0,0,0.04,0,obstacle,0.1,15,skill.STEP_TROT_MAX,step_up_0p10,0,0,2026-09-01T07:59:39Z,goal,1,TROT,1.0,0.0,901,0.0,1,nan,14.765371322631836,,hold,2.0,5.0,0.0,
--headless --device cpu --params skill.STEP_TROT_MAX --reps 1 --entry-offset 1 --skip-unsupported --foot-comp on --heading heading-only --yaw-moment hold --yaw-moment-gain 5 --yaw-moment-cap-nm 2.0 --trace-npz outputs/yawm/trace_sB1.npz --results-csv outputs/yawm/ladder_frames.csv,,1,1,step_up,0,1.2459083223232037,,on,half-stance,0.0,0.0,0,0.0,4,4,heading-only,0.0,0,0.04,0,obstacle,0.12,15,skill.STEP_TROT_MAX,step_up_0p12,0,0,2026-09-01T07:59:39Z,goal,1,TROT,0.9999999999999982,0.0,901,0.0,1,nan,22.99941635131836,,hold,2.0,5.0,0.0,
--headless --device cpu --params skill.STEP_TROT_MAX --reps 1 --entry-offset 1 --skip-unsupported --foot-comp on --heading heading-only --yaw-moment hold --yaw-moment-gain 5 --yaw-moment-cap-nm 2.0 --trace-npz outputs/yawm/trace_sB1.npz --results-csv outputs/yawm/ladder_frames.csv,,1,1,step_up,1,1.990712150030103,,on,half-stance,0.0,0.0,0,0.0,4,4,heading-only,0.0,0,0.04,0,obstacle,0.14,15,skill.STEP_TROT_MAX,step_up_0p14,0,0,2026-09-01T07:59:39Z,goal,1,TROT,0.9999999999999964,0.0,901,0.0,1,nan,13.909588813781738,,hold,2.0,5.0,0.0,
--headless --device cpu --params skill.STEP_TROT_MAX --reps 1 --entry-offset 1 --skip-unsupported --foot-comp on --heading heading-only --yaw-moment hold --yaw-moment-gain 5 --yaw-moment-cap-nm 2.0 --trace-npz outputs/yawm/trace_sB1.npz --results-csv outputs/yawm/ladder_frames.csv,,1,1,step_up,1,1.8698118112846744,,on,half-stance,0.0,0.0,0,0.0,4,4,heading-only,0.0,0,0.04,0,obstacle,0.16,15,skill.STEP_TROT_MAX,step_up_0p16,0,0,2026-09-01T07:59:39Z,goal,1,TROT,1.0,0.0,901,0.0,1,nan,14.043692588806152,,hold,2.0,5.0,0.0,
--headless --device cpu --params skill.STEP_TROT_MAX --reps 1 --entry-offset 1 --skip-unsupported --foot-comp on --heading heading-only --yaw-moment hold --yaw-moment-gain 5 --yaw-moment-cap-nm 2.0 --trace-npz outputs/yawm/trace_sB1.npz --results-csv outputs/yawm/ladder_frames.csv,,1,1,step_up,1,1.6211528848493377,,on,half-stance,0.0,0.0,0,0.0,4,4,heading-only,0.0,0,0.04,0,obstacle,0.18,15,skill.STEP_TROT_MAX,step_up_0p18,0,0,2026-09-01T07:59:39Z,goal,1,TROT,1.0,0.0,901,0.0,1,nan,13.90027141571045,,hold,2.0,5.0,0.0,
--headless --device cpu --params skill.STEP_TROT_MAX --reps 1 --entry-offset 1 --skip-unsupported --foot-comp on --heading heading-only --yaw-moment hold --yaw-moment-gain 5 --yaw-moment-cap-nm 2.0 --trace-npz outputs/yawm/trace_sB1.npz --results-csv outputs/yawm/ladder_frames.csv,,1,1,step_up,1,2.0012555743131895,,on,half-stance,0.0,0.0,0,0.0,4,4,heading-only,0.0,0,0.04,0,obstacle,0.2,15,skill.STEP_TROT_MAX,step_up_0p20,0,0,2026-09-01T07:59:39Z,goal,1,TROT,0.9999999999999982,0.0,901,0.0,1,nan,15.774374008178711,,hold,2.0,5.0,0.0,
--headless --device cpu --params skill.STEP_TROT_MAX --reps 1 --entry-offset 1 --skip-unsupported --foot-comp on --heading heading-only --yaw-moment hold --yaw-moment-gain 5 --yaw-moment-cap-nm 2.0 --trace-npz outputs/yawm/trace_sB1.npz --results-csv outputs/yawm/ladder_frames.csv,,1,1,step_up,1,1.168189173988391,,on,half-stance,0.0,0.0,0,0.0,4,4,heading-only,0.0,0,0.04,0,obstacle,0.22,15,skill.STEP_TROT_MAX,step_up_0p22,0,0,2026-09-01T07:59:39Z,goal,1,TROT,0.9999999999999964,0.0,901,0.0,1,nan,14.011507034301758,,hold,2.0,5.0,0.0,
--headless --device cpu --params skill.STEP_TROT_MAX --reps 1 --entry-offset 1 --skip-unsupported --foot-comp on --heading heading-only --yaw-moment hold --yaw-moment-gain 5 --yaw-moment-cap-nm 2.0 --trace-npz outputs/yawm/trace_sB1.npz --results-csv outputs/yawm/ladder_frames.csv,,1,1,step_up,0,1.1848956144402862,,on,half-stance,0.0,0.0,0,0.0,4,4,heading-only,0.0,0,0.04,0,obstacle,0.24,15,skill.STEP_TROT_MAX,step_up_0p24,0,0,2026-09-01T07:59:39Z,goal,1,TROT,1.0,0.0,901,0.0,1,nan,14.304397583007812,,hold,2.0,5.0,0.0,
--headless --device cpu --params skill.STEP_TROT_MAX --reps 1 --entry-offset 1 --skip-unsupported --foot-comp on --heading heading-only --yaw-moment hold --yaw-moment-gain 5 --yaw-moment-cap-nm 2.0 --trace-npz outputs/yawm/trace_sB1.npz --results-csv outputs/yawm/ladder_frames.csv,,1,1,step_up,1,2.002792445537626,,on,half-stance,0.0,0.0,0,0.0,4,4,heading-only,0.0,0,0.04,0,obstacle,0.26,15,skill.STEP_TROT_MAX,step_up_0p26,0,0,2026-09-01T07:59:39Z,goal,1,TROT,1.0,0.0,901,0.0,1,nan,13.914281845092773,,hold,2.0,5.0,0.0,
--headless --device cpu --params skill.STEP_TROT_MAX --reps 1 --entry-offset 1 --skip-unsupported --foot-comp on --heading heading-only --yaw-moment hold --yaw-moment-gain 5 --yaw-moment-cap-nm 2.0 --trace-npz outputs/yawm/trace_sB1.npz --results-csv outputs/yawm/ladder_frames.csv,,1,1,step_up,1,2.0189705103199986,,on,half-stance,0.0,0.0,0,0.0,4,4,heading-only,0.0,0,0.04,0,obstacle,0.28,15,skill.STEP_TROT_MAX,step_up_0p28,0,0,2026-09-01T07:59:39Z,goal,1,TROT,0.9999999999999982,0.0,901,0.0,1,nan,14.09239387512207,,hold,2.0,5.0,0.0,
--headless --device cpu --params skill.STEP_TROT_MAX --reps 1 --entry-offset 1 --skip-unsupported --foot-comp on --heading heading-only --yaw-moment hold --yaw-moment-gain 5 --yaw-moment-cap-nm 2.0 --trace-npz outputs/yawm/trace_sB1.npz --results-csv outputs/yawm/ladder_frames.csv,,1,1,step_up,0,1.7374283286434742,,on,half-stance,0.0,0.0,0,0.0,4,4,heading-only,0.0,0,0.04,0,obstacle,0.3,15,skill.STEP_TROT_MAX,step_up_0p30,0,0,2026-09-01T07:59:39Z,goal,1,TROT,0.9999999999999964,0.0,901,0.0,1,nan,13.899556159973145,,hold,2.0,5.0,0.0,
