argv,curv_deg_per_m,dt,duty,entry_turn,executed_switches,foot_comp,gate_deferrals,heading,hip_effort_limit_nm,hip_sat_frac,initial,main_skill,main_verdict,max_cmd_jump_rad,min_switch_gap_s,n_steps,pairs,planner_switches,refused_skills,refused_ticks,run_utc,schedule,seg_not_ok,seg_ok,segments,speed_gate,speed_refusals,stride_hz,switch_blend_s,switch_entry,switch_gate,tau_hip_peak_nm,term_reason,terminated_s,vx_mean,vy_mean,yaw_moment,yaw_moment_cap_nm,yaw_moment_gain,yaw_moment_nm,yaw_moment_skill,yaw_rate_deg_s
--schedule hold --initial TROT --headless --device cpu --heading heading-only --results-csv outputs/yawm/phase32.csv --entry-offset 7 --yaw-moment hold --yaw-moment-gain 5 --yaw-moment-cap-nm 2.0,32.06081028439331,0.02,0.49603174603174605,rule,0,on,0,heading-only,23.700000762939453,0.0,TROT,TROT,FAIL,,,63,,0,,0,2026-09-01T07:42:46Z,hold,1,0,1,off,0,2.272727272727273,0.0,contact,off,13.08396,roll,1.24,0.23754706978797913,0.27167537808418274,hold,2.0,5.0,0.0,TROT,-7.6159515380859375
--schedule hold --initial TROT --headless --device cpu --heading heading-only --results-csv outputs/yawm/phase32.csv --entry-offset 6 --yaw-moment off,15.627579961839102,0.02,0.45394736842105265,rule,0,on,0,heading-only,23.700000762939453,0.0,TROT,TROT,ok,,,114,,0,,0,2026-09-01T07:42:47Z,hold,0,1,1,off,0,1.6949152542372878,0.0,contact,off,0.0,roll,2.2600000000000002,0.4434475004673004,-0.17467136681079865,off,nan,0.0,0.0,TROT,-6.93001127243042
--schedule hold --initial TROT --headless --device cpu --heading heading-only --results-csv outputs/yawm/phase32.csv --entry-offset 3 --yaw-moment hold --yaw-moment-gain 5 --yaw-moment-cap-nm 2.0,790.7295604854218,0.02,0.4548611111111111,rule,0,on,0,heading-only,23.700000762939453,0.0,TROT,TROT,FAIL,,,72,,0,,0,2026-09-01T07:42:46Z,hold,1,0,1,off,0,nan,0.0,contact,off,18.59282,roll,1.42,-0.022762082517147064,-0.22759710252285004,hold,2.0,5.0,0.0,TROT,-17.9986515045166
--schedule hold --initial TROT --headless --device cpu --heading heading-only --results-csv outputs/yawm/phase32.csv --entry-offset 1 --yaw-moment hold --yaw-moment-gain 5 --yaw-moment-cap-nm 2.0,75.81460055988406,0.02,0.5120967741935484,rule,0,on,0,heading-only,23.700000762939453,0.0,TROT,TROT,FAIL,,,62,,0,,0,2026-09-01T07:42:46Z,hold,1,0,1,off,0,nan,0.0,contact,off,12.007127,roll,1.22,0.24437110126018524,-0.34159156680107117,hold,2.0,5.0,0.0,TROT,-18.526897430419922
--schedule hold --initial TROT --headless --device cpu --heading heading-only --results-csv outputs/yawm/phase32.csv --entry-offset 2 --yaw-moment hold --yaw-moment-gain 5 --yaw-moment-cap-nm 2.0,1147.2931564803196,0.02,0.4897959183673469,rule,0,on,0,heading-only,23.700000762939453,0.0,TROT,TROT,FAIL,,,49,,0,,0,2026-09-01T07:42:46Z,hold,1,0,1,off,0,nan,0.0,contact,off,11.7924595,roll,0.96,0.01472986489534378,-0.4226264953613281,hold,2.0,5.0,0.0,TROT,16.899473190307617
--schedule hold --initial TROT --headless --device cpu --heading heading-only --results-csv outputs/yawm/phase32.csv --entry-offset 5 --yaw-moment off,1516.0951351420188,0.02,0.44029850746268656,rule,0,on,0,heading-only,23.700000762939453,0.0,TROT,TROT,FAIL,,,67,,0,,0,2026-09-01T07:42:46Z,hold,1,0,1,off,0,nan,0.0,contact,off,0.0,roll,1.32,-0.022232668474316597,-0.22463448345661163,off,nan,0.0,0.0,TROT,-33.70684051513672
--schedule hold --initial TROT --headless --device cpu --heading heading-only --results-csv outputs/yawm/phase32.csv --entry-offset 2 --yaw-moment off,1554.7760585172728,0.02,0.485,rule,0,on,0,heading-only,23.700000762939453,0.0,TROT,TROT,FAIL,,,50,,0,,0,2026-09-01T07:42:46Z,hold,1,0,1,off,0,nan,0.0,contact,off,0.0,roll,0.98,0.010531120002269745,-0.41290074586868286,off,nan,0.0,0.0,TROT,16.373533248901367
--schedule hold --initial TROT --headless --device cpu --heading heading-only --results-csv outputs/yawm/phase32.csv --entry-offset 7 --yaw-moment off,7.685050103005607,0.02,0.4153225806451613,rule,0,on,0,heading-only,23.700000762939453,0.0,TROT,TROT,FAIL,,,62,,0,,0,2026-09-01T07:42:47Z,hold,1,0,1,off,0,6.25,0.0,contact,off,0.0,roll,1.22,0.25974348187446594,0.3050766587257385,off,nan,0.0,0.0,TROT,1.9961416721343994
--schedule hold --initial TROT --headless --device cpu --heading heading-only --results-csv outputs/yawm/phase32.csv --entry-offset 1 --yaw-moment off,92.39810866643406,0.02,0.5,rule,0,on,0,heading-only,23.700000762939453,0.0,TROT,TROT,FAIL,,,65,,0,,0,2026-09-01T07:42:46Z,hold,1,0,1,off,0,nan,0.0,contact,off,0.0,roll,1.28,0.25905641913414,-0.3354635536670685,off,nan,0.0,0.0,TROT,-23.936323165893555
--schedule hold --initial TROT --headless --device cpu --heading heading-only --results-csv outputs/yawm/phase32.csv --entry-offset 5 --yaw-moment hold --yaw-moment-gain 5 --yaw-moment-cap-nm 2.0,1183.7693777190611,0.02,0.463768115942029,rule,0,on,0,heading-only,23.700000762939453,0.0,TROT,TROT,FAIL,,,69,,0,,0,2026-09-01T07:42:47Z,hold,1,0,1,off,0,nan,0.0,contact,off,20.894356,roll,1.36,-0.02093973010778427,-0.21012337505817413,hold,2.0,5.0,0.0,TROT,-24.787811279296875
--schedule hold --initial TROT --headless --device cpu --heading heading-only --results-csv outputs/yawm/phase32.csv --entry-offset 3 --yaw-moment off,2612.896828966962,0.02,0.4264705882352941,rule,0,on,0,heading-only,23.700000762939453,0.0,TROT,TROT,FAIL,,,68,,0,,0,2026-09-01T07:42:46Z,hold,1,0,1,off,0,nan,0.0,contact,off,0.0,roll,1.34,0.014436583034694195,-0.2541080415248871,off,nan,0.0,0.0,TROT,-37.7213020324707
--schedule hold --initial TROT --headless --device cpu --heading heading-only --results-csv outputs/yawm/phase32.csv --entry-offset 4 --yaw-moment off,107.64506567270254,0.02,0.5038461538461538,rule,0,on,0,heading-only,23.700000762939453,0.0,TROT,TROT,ok,,,130,,0,,0,2026-09-01T07:42:46Z,hold,0,1,1,off,0,1.5384615384615383,0.0,contact,off,0.0,roll,2.58,0.24233300983905792,-0.1865142285823822,off,nan,0.0,0.0,TROT,-26.085952758789062
--schedule hold --initial TROT --headless --device cpu --heading heading-only --results-csv outputs/yawm/phase32.csv --entry-offset 6 --yaw-moment hold --yaw-moment-gain 5 --yaw-moment-cap-nm 2.0,19.68360927626756,0.02,0.494,rule,0,on,0,heading-only,23.700000762939453,0.0,TROT,TROT,FAIL,,,125,,0,,0,2026-09-01T07:42:46Z,hold,1,0,1,off,0,2.0833333333333335,0.0,contact,off,13.795054,roll,2.48,0.42224007844924927,-0.1736152023077011,hold,2.0,5.0,0.0,TROT,-8.311208724975586
--schedule hold --initial TROT --headless --device cpu --heading heading-only --results-csv outputs/yawm/phase32.csv --entry-offset 4 --yaw-moment hold --yaw-moment-gain 5 --yaw-moment-cap-nm 2.0,103.45574371492941,0.02,0.541095890410959,rule,0,on,0,heading-only,23.700000762939453,0.0,TROT,TROT,ok,,,146,,0,,0,2026-09-01T07:42:46Z,hold,0,1,1,off,0,1.5625,0.0,contact,off,19.424496,roll,2.9,0.16850095987319946,0.12954920530319214,hold,2.0,5.0,0.0,TROT,17.432392120361328
--schedule hold --initial TROT --headless --device cpu --heading heading-only --results-csv outputs/yawm/phase32.csv --entry-offset 0 --yaw-moment off,3.2044688992401897,0.02,0.551875,rule,0,on,0,heading-only,23.700000762939453,0.0,TROT,TROT,ok,,,2000,,0,,0,2026-09-01T07:42:46Z,hold,0,1,1,off,0,1.5625,0.0,contact,off,0.0,,,0.662945568561554,0.044927582144737244,off,nan,0.0,0.0,TROT,2.1243884563446045
--schedule hold --initial TROT --headless --device cpu --heading heading-only --results-csv outputs/yawm/phase32.csv --entry-offset 0 --yaw-moment hold --yaw-moment-gain 5 --yaw-moment-cap-nm 2.0,0.01393141631497434,0.02,0.547875,rule,0,on,0,heading-only,23.700000762939453,0.0,TROT,TROT,ok,,,2000,,0,,0,2026-09-01T07:42:46Z,hold,0,1,1,off,0,1.5625,0.0,contact,off,11.950871,,,0.6638371348381042,0.04386506602168083,hold,2.0,5.0,0.0,TROT,0.009248191490769386
--schedule hold --initial TROT --headless --device cpu --heading heading-only --results-csv outputs/yawm/phase32.csv --entry-offset 9 --yaw-moment hold --yaw-moment-gain 5 --yaw-moment-cap-nm 2.0,866.2396781523275,0.02,0.4695121951219512,rule,0,on,0,heading-only,23.700000762939453,0.0,TROT,TROT,FAIL,,,41,,0,,0,2026-09-01T07:43:28Z,hold,1,0,1,off,0,nan,0.0,contact,off,12.910056,roll,0.8,0.07471515238285065,0.396072655916214,hold,2.0,5.0,0.0,TROT,64.72122955322266
--schedule hold --initial TROT --headless --device cpu --heading heading-only --results-csv outputs/yawm/phase32.csv --entry-offset 12 --yaw-moment off,367.5380401688683,0.02,0.5104166666666666,rule,0,on,0,heading-only,23.700000762939453,0.0,TROT,TROT,FAIL,,,48,,0,,0,2026-09-01T07:43:28Z,hold,1,0,1,off,0,2.6315789473684212,0.0,contact,off,0.0,roll,0.9400000000000001,0.15781430900096893,0.33733925223350525,off,nan,0.0,0.0,TROT,58.00276184082031
--schedule hold --initial TROT --headless --device cpu --heading heading-only --results-csv outputs/yawm/phase32.csv --entry-offset 9 --yaw-moment off,804.6526705096466,0.02,0.4634146341463415,rule,0,on,0,heading-only,23.700000762939453,0.0,TROT,TROT,FAIL,,,41,,0,,0,2026-09-01T07:43:28Z,hold,1,0,1,off,0,nan,0.0,contact,off,0.0,roll,0.8,0.08658461272716522,0.4046873152256012,off,nan,0.0,0.0,TROT,69.67053985595703
--schedule hold --initial TROT --headless --device cpu --heading heading-only --results-csv outputs/yawm/phase32.csv --entry-offset 13 --yaw-moment off,408.9924553522611,0.02,0.5106382978723404,rule,0,on,0,heading-only,23.700000762939453,0.0,TROT,TROT,FAIL,,,47,,0,,0,2026-09-01T07:43:28Z,hold,1,0,1,off,0,2.6315789473684212,0.0,contact,off,0.0,roll,0.92,0.1473061889410019,0.34864526987075806,off,nan,0.0,0.0,TROT,60.24711990356445
--schedule hold --initial TROT --headless --device cpu --heading heading-only --results-csv outputs/yawm/phase32.csv --entry-offset 14 --yaw-moment hold --yaw-moment-gain 5 --yaw-moment-cap-nm 2.0,425.69227254032813,0.02,0.5625,rule,0,on,0,heading-only,23.700000762939453,0.11363636363636363,TROT,TROT,FAIL,,,44,,0,,0,2026-09-01T07:43:28Z,hold,1,0,1,off,0,nan,0.0,contact,off,23.7,roll,0.86,0.15130209922790527,0.3781130015850067,hold,2.0,5.0,0.0,TROT,64.40813446044922
--schedule hold --initial TROT --headless --device cpu --heading heading-only --results-csv outputs/yawm/phase32.csv --entry-offset 13 --yaw-moment hold --yaw-moment-gain 5 --yaw-moment-cap-nm 2.0,409.82478215996684,0.02,0.5489130434782609,rule,0,on,0,heading-only,23.700000762939453,0.10869565217391304,TROT,TROT,FAIL,,,46,,0,,0,2026-09-01T07:43:28Z,hold,1,0,1,off,0,nan,0.0,contact,off,23.7,roll,0.9,0.14043883979320526,0.36008259654045105,hold,2.0,5.0,0.0,TROT,57.55531692504883
--schedule hold --initial TROT --headless --device cpu --heading heading-only --results-csv outputs/yawm/phase32.csv --entry-offset 10 --yaw-moment hold --yaw-moment-gain 5 --yaw-moment-cap-nm 2.0,445.2818316154553,0.02,0.5625,rule,0,on,0,heading-only,23.700000762939453,0.0625,TROT,TROT,FAIL,,,48,,0,,0,2026-09-01T07:43:28Z,hold,1,0,1,off,0,nan,0.0,contact,off,23.7,roll,0.9400000000000001,0.12610070407390594,0.3700789511203766,hold,2.0,5.0,0.0,TROT,56.150352478027344
--schedule hold --initial TROT --headless --device cpu --heading heading-only --results-csv outputs/yawm/phase32.csv --entry-offset 15 --yaw-moment hold --yaw-moment-gain 5 --yaw-moment-cap-nm 2.0,47.77724864206475,0.02,0.49,rule,0,on,0,heading-only,23.700000762939453,0.0,TROT,TROT,FAIL,,,100,,0,,0,2026-09-01T07:43:28Z,hold,1,0,1,off,0,nan,0.0,contact,off,18.30338,roll,1.98,0.28862226009368896,0.26302093267440796,hold,2.0,5.0,0.0,TROT,13.78957748413086
--schedule hold --initial TROT --headless --device cpu --heading heading-only --results-csv outputs/yawm/phase32.csv --entry-offset 10 --yaw-moment off,485.9438554778732,0.02,0.5416666666666666,rule,0,on,0,heading-only,23.700000762939453,0.0,TROT,TROT,FAIL,,,48,,0,,0,2026-09-01T07:43:29Z,hold,1,0,1,off,0,nan,0.0,contact,off,0.0,roll,0.9400000000000001,0.1292814463376999,0.36028191447257996,off,nan,0.0,0.0,TROT,62.823524475097656
--schedule hold --initial TROT --headless --device cpu --heading heading-only --results-csv outputs/yawm/phase32.csv --entry-offset 11 --yaw-moment hold --yaw-moment-gain 5 --yaw-moment-cap-nm 2.0,366.4821209968975,0.02,0.5052083333333334,rule,0,on,0,heading-only,23.700000762939453,0.125,TROT,TROT,FAIL,,,48,,0,,0,2026-09-01T07:43:28Z,hold,1,0,1,off,0,2.6315789473684212,0.0,contact,off,23.7,roll,0.9400000000000001,0.15204574167728424,0.355167031288147,hold,2.0,5.0,0.0,TROT,55.7220458984375
--schedule hold --initial TROT --headless --device cpu --heading heading-only --results-csv outputs/yawm/phase32.csv --entry-offset 11 --yaw-moment off,370.362682333387,0.02,0.49489795918367346,rule,0,on,0,heading-only,23.700000762939453,0.0,TROT,TROT,FAIL,,,49,,0,,0,2026-09-01T07:43:29Z,hold,1,0,1,off,0,2.7777777777777777,0.0,contact,off,0.0,roll,0.96,0.15509836375713348,0.3447399139404297,off,nan,0.0,0.0,TROT,57.44264602661133
--schedule hold --initial TROT --headless --device cpu --heading heading-only --results-csv outputs/yawm/phase32.csv --entry-offset 8 --yaw-moment off,115.8949902177934,0.02,0.5263157894736842,rule,0,on,0,heading-only,23.700000762939453,0.0,TROT,TROT,FAIL,,,57,,0,,0,2026-09-01T07:43:29Z,hold,1,0,1,off,0,3.846153846153846,0.0,contact,off,0.0,roll,1.12,0.2335892766714096,0.26589035987854004,off,nan,0.0,0.0,TROT,27.071826934814453
--schedule hold --initial TROT --headless --device cpu --heading heading-only --results-csv outputs/yawm/phase32.csv --entry-offset 12 --yaw-moment hold --yaw-moment-gain 5 --yaw-moment-cap-nm 2.0,363.83158947357015,0.02,0.4946808510638298,rule,0,on,0,heading-only,23.700000762939453,0.1276595744680851,TROT,TROT,FAIL,,,47,,0,,0,2026-09-01T07:43:29Z,hold,1,0,1,off,0,2.6315789473684212,0.0,contact,off,23.7,roll,0.92,0.15539099276065826,0.35109296441078186,hold,2.0,5.0,0.0,TROT,56.53615188598633
--schedule hold --initial TROT --headless --device cpu --heading heading-only --results-csv outputs/yawm/phase32.csv --entry-offset 8 --yaw-moment hold --yaw-moment-gain 5 --yaw-moment-cap-nm 2.0,50.455416635799615,0.02,0.4956896551724138,rule,0,on,0,heading-only,23.700000762939453,0.13793103448275862,TROT,TROT,FAIL,,,58,,0,,0,2026-09-01T07:43:28Z,hold,1,0,1,off,0,3.846153846153846,0.0,contact,off,23.7,roll,1.1400000000000001,0.19752642512321472,0.2790028750896454,hold,2.0,5.0,0.0,TROT,9.966278076171875
--schedule hold --initial TROT --headless --device cpu --heading heading-only --results-csv outputs/yawm/phase32.csv --entry-offset 15 --yaw-moment off,33.5788486227999,0.02,0.5331858407079646,rule,0,on,0,heading-only,23.700000762939453,0.0,TROT,TROT,FAIL,,,113,,0,,0,2026-09-01T07:43:29Z,hold,1,0,1,off,0,0.9615384615384615,0.0,contact,off,0.0,roll,2.24,0.2166830152273178,-0.14454928040504456,off,nan,0.0,0.0,TROT,-7.275966167449951
--schedule hold --initial TROT --headless --device cpu --heading heading-only --results-csv outputs/yawm/phase32.csv --entry-offset 14 --yaw-moment off,422.1668981352132,0.02,0.5055555555555555,rule,0,on,0,heading-only,23.700000762939453,0.0,TROT,TROT,FAIL,,,45,,0,,0,2026-09-01T07:43:29Z,hold,1,0,1,off,0,2.7777777777777777,0.0,contact,off,0.0,roll,0.88,0.15706820785999298,0.3643498718738556,off,nan,0.0,0.0,TROT,66.30899810791016
--schedule hold --initial TROT --headless --device cpu --heading heading-only --results-csv outputs/yawm/phase32.csv --entry-offset 22 --yaw-moment hold --yaw-moment-gain 5 --yaw-moment-cap-nm 2.0,13.549932993604815,0.02,0.5122950819672131,rule,0,on,0,heading-only,23.700000762939453,0.0,TROT,TROT,FAIL,,,61,,0,,0,2026-09-01T07:44:00Z,hold,1,0,1,off,0,2.1739130434782608,0.0,contact,off,11.656244,roll,1.2,0.2770906686782837,0.37494683265686035,hold,2.0,5.0,0.0,TROT,3.7545599937438965
--schedule hold --initial TROT --headless --device cpu --heading heading-only --results-csv outputs/yawm/phase32.csv --entry-offset 18 --yaw-moment hold --yaw-moment-gain 5 --yaw-moment-cap-nm 2.0,112.23706815017535,0.02,0.49074074074074076,rule,0,on,0,heading-only,23.700000762939453,0.0,TROT,TROT,FAIL,,,54,,0,,0,2026-09-01T07:44:00Z,hold,1,0,1,off,0,2.0833333333333335,0.0,contact,off,12.464283,roll,1.06,0.20678626000881195,0.3267374038696289,hold,2.0,5.0,0.0,TROT,-23.209083557128906
--schedule hold --initial TROT --headless --device cpu --heading heading-only --results-csv outputs/yawm/phase32.csv --entry-offset 18 --yaw-moment off,125.33329903416944,0.02,0.5,rule,0,on,0,heading-only,23.700000762939453,0.0,TROT,TROT,FAIL,,,54,,0,,0,2026-09-01T07:44:01Z,hold,1,0,1,off,0,2.0833333333333335,0.0,contact,off,0.0,roll,1.06,0.199266254901886,0.3089515268802643,off,nan,0.0,0.0,TROT,-24.97469711303711
--schedule hold --initial TROT --headless --device cpu --heading heading-only --results-csv outputs/yawm/phase32.csv --entry-offset 23 --yaw-moment off,5.027468314888983,0.02,0.4975247524752475,rule,0,on,0,heading-only,23.700000762939453,0.0,TROT,TROT,ok,,,101,,0,,0,2026-09-01T07:44:01Z,hold,0,1,1,off,0,1.6129032258064517,0.0,contact,off,0.0,roll,2.0,0.405661940574646,-0.23020070791244507,off,nan,0.0,0.0,TROT,2.03945255279541
--schedule hold --initial TROT --headless --device cpu --heading heading-only --results-csv outputs/yawm/phase32.csv --entry-offset 21 --yaw-moment off,100.1049198371906,0.02,0.49603174603174605,rule,0,on,0,heading-only,23.700000762939453,0.0,TROT,TROT,FAIL,,,126,,0,,0,2026-09-01T07:44:01Z,hold,1,0,1,off,0,0.6944444444444444,0.0,contact,off,0.0,roll,2.5,0.2302553951740265,0.1985877901315689,off,nan,0.0,0.0,TROT,23.049697875976562
--schedule hold --initial TROT --headless --device cpu --heading heading-only --results-csv outputs/yawm/phase32.csv --entry-offset 21 --yaw-moment hold --yaw-moment-gain 5 --yaw-moment-cap-nm 2.0,31.031723735613816,0.02,0.5291878172588832,rule,0,on,0,heading-only,23.700000762939453,0.005076142131979695,TROT,TROT,ok,,,197,,0,,0,2026-09-01T07:44:01Z,hold,0,1,1,off,0,1.5873015873015872,0.0,contact,off,23.7,roll,3.92,0.2401106059551239,0.11392544209957123,hold,2.0,5.0,0.0,TROT,7.451045989990234
--schedule hold --initial TROT --headless --device cpu --heading heading-only --results-csv outputs/yawm/phase32.csv --entry-offset 19 --yaw-moment off,2011.1771241394645,0.02,0.5396825396825397,rule,0,on,0,heading-only,23.700000762939453,0.0,TROT,TROT,FAIL,,,63,,0,,0,2026-09-01T07:44:01Z,hold,1,0,1,off,0,nan,0.0,contact,off,0.0,roll,1.24,-0.006794152781367302,0.3076474070549011,off,nan,0.0,0.0,TROT,13.664244651794434
--schedule hold --initial TROT --headless --device cpu --heading heading-only --results-csv outputs/yawm/phase32.csv --entry-offset 19 --yaw-moment hold --yaw-moment-gain 5 --yaw-moment-cap-nm 2.0,370.46163809515497,0.02,0.5053191489361702,rule,0,on,0,heading-only,23.700000762939453,0.0,TROT,TROT,FAIL,,,47,,0,,0,2026-09-01T07:44:01Z,hold,1,0,1,off,0,1.7857142857142856,0.0,contact,off,15.325117,roll,0.92,0.06829120218753815,0.42751938104629517,hold,2.0,5.0,0.0,TROT,-25.299270629882812
--schedule hold --initial TROT --headless --device cpu --heading heading-only --results-csv outputs/yawm/phase32.csv --entry-offset 20 --yaw-moment hold --yaw-moment-gain 5 --yaw-moment-cap-nm 2.0,64.0328446336425,0.02,0.540650406504065,rule,0,on,0,heading-only,23.700000762939453,0.032520325203252036,TROT,TROT,FAIL,,,123,,0,,0,2026-09-01T07:44:01Z,hold,1,0,1,off,0,1.2987012987012987,0.0,contact,off,23.7,roll,2.44,0.14253735542297363,-0.10553079098463058,hold,2.0,5.0,0.0,TROT,-9.12707233428955
--schedule hold --initial TROT --headless --device cpu --heading heading-only --results-csv outputs/yawm/phase32.csv --entry-offset 20 --yaw-moment off,43.88277179855425,0.02,0.4868421052631579,rule,0,on,0,heading-only,23.700000762939453,0.0,TROT,TROT,FAIL,,,95,,0,,0,2026-09-01T07:44:01Z,hold,1,0,1,off,0,0.9803921568627451,0.0,contact,off,0.0,roll,1.8800000000000001,0.16407112777233124,-0.14071418344974518,off,nan,0.0,0.0,TROT,7.199895858764648
--schedule hold --initial TROT --headless --device cpu --heading heading-only --results-csv outputs/yawm/phase32.csv --entry-offset 22 --yaw-moment off,27.333979410991997,0.02,0.4870689655172414,rule,0,on,0,heading-only,23.700000762939453,0.0,TROT,TROT,FAIL,,,58,,0,,0,2026-09-01T07:44:01Z,hold,1,0,1,off,0,nan,0.0,contact,off,0.0,roll,1.1400000000000001,0.24638545513153076,0.39377468824386597,off,nan,0.0,0.0,TROT,-6.734694957733154
--schedule hold --initial TROT --headless --device cpu --heading heading-only --results-csv outputs/yawm/phase32.csv --entry-offset 23 --yaw-moment hold --yaw-moment-gain 5 --yaw-moment-cap-nm 2.0,43.829624450010186,0.02,0.4789473684210526,rule,0,on,0,heading-only,23.700000762939453,0.0,TROT,TROT,ok,,,95,,0,,0,2026-09-01T07:44:01Z,hold,0,1,1,off,0,1.6129032258064517,0.0,contact,off,14.162348,roll,1.8800000000000001,0.3549861013889313,-0.21586748957633972,hold,2.0,5.0,0.0,TROT,15.558907508850098
--schedule hold --initial TROT --headless --device cpu --heading heading-only --results-csv outputs/yawm/phase32.csv --entry-offset 16 --yaw-moment off,2.7200663689002313,0.02,0.552,rule,0,on,0,heading-only,23.700000762939453,0.0,TROT,TROT,ok,,,2000,,0,,0,2026-09-01T07:44:01Z,hold,0,1,1,off,0,1.5625,0.0,contact,off,0.0,,,0.6652265191078186,0.04675320163369179,off,nan,0.0,0.0,TROT,1.8094602823257446
--schedule hold --initial TROT --headless --device cpu --heading heading-only --results-csv outputs/yawm/phase32.csv --entry-offset 17 --yaw-moment off,2.813796979591288,0.02,0.553375,rule,0,on,0,heading-only,23.700000762939453,0.0,TROT,TROT,ok,,,2000,,0,,0,2026-09-01T07:44:01Z,hold,0,1,1,off,0,1.5625,0.0,contact,off,0.0,,,0.6649360060691833,0.04662014916539192,off,nan,0.0,0.0,TROT,1.8709949254989624
--schedule hold --initial TROT --headless --device cpu --heading heading-only --results-csv outputs/yawm/phase32.csv --entry-offset 17 --yaw-moment hold --yaw-moment-gain 5 --yaw-moment-cap-nm 2.0,0.0038744778207890876,0.02,0.55425,rule,0,on,0,heading-only,23.700000762939453,0.0,TROT,TROT,ok,,,2000,,0,,0,2026-09-01T07:44:01Z,hold,0,1,1,off,0,1.5625,0.0,contact,off,13.903454,,,0.6649251580238342,0.04734581708908081,hold,2.0,5.0,0.0,TROT,0.002576237777248025
--schedule hold --initial TROT --headless --device cpu --heading heading-only --results-csv outputs/yawm/phase32.csv --entry-offset 16 --yaw-moment hold --yaw-moment-gain 5 --yaw-moment-cap-nm 2.0,0.16980557983893377,0.02,0.55275,rule,0,on,0,heading-only,23.700000762939453,0.0,TROT,TROT,ok,,,2000,,0,,0,2026-09-01T07:44:01Z,hold,0,1,1,off,0,1.5625,0.0,contact,off,14.562981,,,0.6644998788833618,0.04615452140569687,hold,2.0,5.0,0.0,TROT,0.11283578723669052
--schedule hold --initial TROT --headless --device cpu --heading heading-only --results-csv outputs/yawm/phase32.csv --entry-offset 26 --yaw-moment off,705.2521417572029,0.02,0.5454545454545454,rule,0,on,0,heading-only,23.700000762939453,0.0,TROT,TROT,FAIL,,,44,,0,,0,2026-09-01T07:44:42Z,hold,1,0,1,off,0,nan,0.0,contact,off,0.0,roll,0.86,0.08700721710920334,-0.36957594752311707,off,nan,0.0,0.0,TROT,-61.36202621459961
--schedule hold --initial TROT --headless --device cpu --heading heading-only --results-csv outputs/yawm/phase32.csv --entry-offset 24 --yaw-moment hold --yaw-moment-gain 5 --yaw-moment-cap-nm 2.0,51.27198468204796,0.02,0.532608695652174,rule,0,on,0,heading-only,23.700000762939453,0.0,TROT,TROT,FAIL,,,69,,0,,0,2026-09-01T07:44:42Z,hold,1,0,1,off,0,1.5151515151515151,0.0,contact,off,22.660519,roll,1.36,0.11253631860017776,-0.27436408400535583,hold,2.0,5.0,0.0,TROT,5.769960403442383
--schedule hold --initial TROT --headless --device cpu --heading heading-only --results-csv outputs/yawm/phase32.csv --entry-offset 24 --yaw-moment off,14.508979416632448,0.02,0.5321428571428571,rule,0,on,0,heading-only,23.700000762939453,0.0,TROT,TROT,FAIL,,,70,,0,,0,2026-09-01T07:44:42Z,hold,1,0,1,off,0,1.5625,0.0,contact,off,0.0,roll,1.3800000000000001,0.1312897503376007,-0.2591453492641449,off,nan,0.0,0.0,TROT,1.9048802852630615
--schedule hold --initial TROT --headless --device cpu --heading heading-only --results-csv outputs/yawm/phase32.csv --entry-offset 28 --yaw-moment off,590.5663210111163,0.02,0.48936170212765956,rule,0,on,0,heading-only,23.700000762939453,0.0,TROT,TROT,FAIL,,,47,,0,,0,2026-09-01T07:44:42Z,hold,1,0,1,off,0,nan,0.0,contact,off,0.0,roll,0.92,0.09986254572868347,-0.34430551528930664,off,nan,0.0,0.0,TROT,-58.97545623779297
--schedule hold --initial TROT --headless --device cpu --heading heading-only --results-csv outputs/yawm/phase32.csv --entry-offset 28 --yaw-moment hold --yaw-moment-gain 5 --yaw-moment-cap-nm 2.0,620.4605997590286,0.02,0.5,rule,0,on,0,heading-only,23.700000762939453,0.0,TROT,TROT,FAIL,,,47,,0,,0,2026-09-01T07:44:42Z,hold,1,0,1,off,0,nan,0.0,contact,off,21.558989,roll,0.92,0.08059947192668915,-0.3462677001953125,hold,2.0,5.0,0.0,TROT,-50.00879669189453
--schedule hold --initial TROT --headless --device cpu --heading heading-only --results-csv outputs/yawm/phase32.csv --entry-offset 26 --yaw-moment hold --yaw-moment-gain 5 --yaw-moment-cap-nm 2.0,730.9762914314098,0.02,0.5397727272727273,rule,0,on,0,heading-only,23.700000762939453,0.0,TROT,TROT,FAIL,,,44,,0,,0,2026-09-01T07:44:42Z,hold,1,0,1,off,0,nan,0.0,contact,off,17.208344,roll,0.86,0.07388870418071747,-0.367550253868103,hold,2.0,5.0,0.0,TROT,-54.01089096069336
--schedule hold --initial TROT --headless --device cpu --heading heading-only --results-csv outputs/yawm/phase32.csv --entry-offset 30 --yaw-moment off,102.09834924320322,0.02,0.5189393939393939,rule,0,on,0,heading-only,23.700000762939453,0.0,TROT,TROT,FAIL,,,66,,0,,0,2026-09-01T07:44:42Z,hold,1,0,1,off,0,2.6315789473684212,0.0,contact,off,0.0,roll,1.3,0.2534310817718506,0.22977353632450104,off,nan,0.0,0.0,TROT,25.874895095825195
--schedule hold --initial TROT --headless --device cpu --heading heading-only --results-csv outputs/yawm/phase32.csv --entry-offset 25 --yaw-moment off,76.00265610064861,0.02,0.4698275862068966,rule,0,on,0,heading-only,23.700000762939453,0.0,TROT,TROT,ok,,,58,,0,,0,2026-09-01T07:44:43Z,hold,0,1,1,off,0,1.5151515151515151,0.0,contact,off,0.0,roll,1.1400000000000001,0.20077656209468842,-0.2919079661369324,off,nan,0.0,0.0,TROT,-15.259552001953125
--schedule hold --initial TROT --headless --device cpu --heading heading-only --results-csv outputs/yawm/phase32.csv --entry-offset 29 --yaw-moment hold --yaw-moment-gain 5 --yaw-moment-cap-nm 2.0,29.483989685949044,0.02,0.51953125,rule,0,on,0,heading-only,23.700000762939453,0.0,TROT,TROT,ok,,,128,,0,,0,2026-09-01T07:44:43Z,hold,0,1,1,off,0,1.6666666666666667,0.0,contact,off,18.710049,roll,2.54,0.3687448501586914,-0.2210068702697754,hold,2.0,5.0,0.0,TROT,-10.872069358825684
--schedule hold --initial TROT --headless --device cpu --heading heading-only --results-csv outputs/yawm/phase32.csv --entry-offset 27 --yaw-moment hold --yaw-moment-gain 5 --yaw-moment-cap-nm 2.0,625.7040033988227,0.02,0.5388888888888889,rule,0,on,0,heading-only,23.700000762939453,0.0,TROT,TROT,FAIL,,,45,,0,,0,2026-09-01T07:44:43Z,hold,1,0,1,off,0,nan,0.0,contact,off,19.296232,roll,0.88,0.0830194503068924,-0.3613429665565491,hold,2.0,5.0,0.0,TROT,-51.94560241699219
--schedule hold --initial TROT --headless --device cpu --heading heading-only --results-csv outputs/yawm/phase32.csv --entry-offset 27 --yaw-moment off,601.1161303734849,0.02,0.5388888888888889,rule,0,on,0,heading-only,23.700000762939453,0.0,TROT,TROT,FAIL,,,45,,0,,0,2026-09-01T07:44:43Z,hold,1,0,1,off,0,nan,0.0,contact,off,0.0,roll,0.88,0.09751798957586288,-0.35875388979911804,off,nan,0.0,0.0,TROT,-58.61963653564453
--schedule hold --initial TROT --headless --device cpu --heading heading-only --results-csv outputs/yawm/phase32.csv --entry-offset 31 --yaw-moment off,43.43201010955855,0.02,0.4867021276595745,rule,0,on,0,heading-only,23.700000762939453,0.0,TROT,TROT,FAIL,,,94,,0,,0,2026-09-01T07:44:43Z,hold,1,0,1,off,0,1.8181818181818181,0.0,contact,off,0.0,roll,1.86,0.34986093640327454,0.21242184937000275,off,nan,0.0,0.0,TROT,15.19516372680664
--schedule hold --initial TROT --headless --device cpu --heading heading-only --results-csv outputs/yawm/phase32.csv --entry-offset 25 --yaw-moment hold --yaw-moment-gain 5 --yaw-moment-cap-nm 2.0,25.65459030496529,0.02,0.5127118644067796,rule,0,on,0,heading-only,23.700000762939453,0.05084745762711865,TROT,TROT,FAIL,,,59,,0,,0,2026-09-01T07:44:42Z,hold,1,0,1,off,0,1.3888888888888888,0.0,contact,off,23.7,roll,1.16,0.16195252537727356,-0.2895060181617737,hold,2.0,5.0,0.0,TROT,4.154825687408447
--schedule hold --initial TROT --headless --device cpu --heading heading-only --results-csv outputs/yawm/phase32.csv --entry-offset 30 --yaw-moment hold --yaw-moment-gain 5 --yaw-moment-cap-nm 2.0,83.56871752378284,0.02,0.5,rule,0,on,0,heading-only,23.700000762939453,0.12307692307692308,TROT,TROT,FAIL,,,65,,0,,0,2026-09-01T07:44:43Z,hold,1,0,1,off,0,2.6315789473684212,0.0,contact,off,23.7,roll,1.28,0.24723070859909058,0.2368094027042389,hold,2.0,5.0,0.0,TROT,20.66075325012207
--schedule hold --initial TROT --headless --device cpu --heading heading-only --results-csv outputs/yawm/phase32.csv --entry-offset 31 --yaw-moment hold --yaw-moment-gain 5 --yaw-moment-cap-nm 2.0,47.802508478219046,0.02,0.5142045454545454,rule,0,on,0,heading-only,23.700000762939453,0.0,TROT,TROT,FAIL,,,88,,0,,0,2026-09-01T07:44:42Z,hold,1,0,1,off,0,1.7543859649122806,0.0,contact,off,21.573875,roll,1.74,0.3821597397327423,0.24954648315906525,hold,2.0,5.0,0.0,TROT,18.2681941986084
--schedule hold --initial TROT --headless --device cpu --heading heading-only --results-csv outputs/yawm/phase32.csv --entry-offset 29 --yaw-moment off,1.8257460566308175,0.02,0.551875,rule,0,on,0,heading-only,23.700000762939453,0.0,TROT,TROT,ok,,,2000,,0,,0,2026-09-01T07:44:42Z,hold,0,1,1,off,0,1.5625,0.0,contact,off,0.0,,,0.6589528322219849,0.027377506718039513,off,nan,0.0,0.0,TROT,1.2030805349349976
