task,task_name,level,episode,goals,settle_ok,heading,heading_cap_rad,final_x_m,final_y_m,travelled_m,dist_to_next_goal_m,dist_to_last_goal_m,alive_at_end,end_cause,upright_s,yaw_cum_deg,yaw_rate_deg_s,base_h_max_m,vx_mean_ms,end_roll_deg,end_pitch_deg,peak_roll_deg,peak_pitch_deg,switches,refused_ticks,steps_alive,frac_WALK,frac_TROT,frac_TURN,yaw_moment,yaw_moment_gain,terrain,planner_set,perception,turn_target,swing_lift_mm,foot_yaw_turn,roll_couple,roll_gain,roll_damp,roll_cap_nm,roll_sign,partial,skill,start_phase,foot_comp,steps
0,jump_on_and_off_box,0,0,1,1,off,0.0,1.389930009841919,2.509528398513794,0.6416109424467062,1.2477891435741038,16.717836530630205,0,roll,7.6000000000000005,42.19729892510213,5.552276174355543,0.32736727595329285,0.05130658024235775,-90.39151038199223,0.12202686908915988,90.39151038199223,19.599226608922187,,,,,,,off,5.0,legged_eval-seed1-no-roughness,,n/a,settle,0.0,auto,hold,8.0,0.8,2.0,1.0,0,WALK,first,on,1000
0,jump_on_and_off_box,1,0,1,1,off,0.0,1.2992492675781264,2.458657741546631,0.5476468278249232,1.3222440757987894,16.607085590310117,0,roll,7.62,53.86885390575284,7.069403399705098,0.3287837505340576,0.039271557424950976,-89.32072194794667,3.3107827596211425,89.32072194794667,17.809148443385585,,,,,,,off,5.0,legged_eval-seed1-no-roughness,,n/a,settle,0.0,auto,hold,8.0,0.8,2.0,1.0,0,WALK,first,on,1000
0,jump_on_and_off_box,2,0,1,1,off,0.0,2.195857238769534,0.38535213470458984,2.009269087111161,1.6658361482059882,15.190201324555696,1,timeout,20.0,-59.258948624764145,-2.962947431238207,0.32635313272476196,0.0597928619384767,-5.024343207444403,-6.224876405208558,11.604571560682183,7.7047127385336145,,,,,,,off,5.0,legged_eval-seed1-no-roughness,,n/a,settle,0.0,auto,hold,8.0,0.8,2.0,1.0,0,WALK,first,on,1000
0,jump_on_and_off_box,3,0,1,1,off,0.0,1.8517196655273551,1.1362534761428833,1.213047586091033,1.1009974993484144,15.272724420225105,1,timeout,20.0,-69.39878229704692,-3.469939114852346,0.32709643244743347,0.042585983276367756,-2.713674319750284,-2.7620297803781333,12.587774469501278,9.323815837509901,,,,,,,off,5.0,legged_eval-seed1-no-roughness,,n/a,settle,0.0,auto,hold,8.0,0.8,2.0,1.0,0,WALK,first,on,1000
0,jump_on_and_off_box,4,0,1,1,off,0.0,1.6878112792968807,1.730299949645996,0.7387979920715566,0.9460944411999842,15.714503253751023,1,timeout,20.0,-49.259012082277906,-2.462950604113895,0.32361242175102234,0.03439056396484404,8.650375089164752,-4.8815555651737705,9.230414883054301,7.174368137014482,,,,,,,off,5.0,legged_eval-seed1-no-roughness,,n/a,settle,0.0,auto,hold,8.0,0.8,2.0,1.0,0,WALK,first,on,1000
0,jump_on_and_off_box,5,0,1,1,off,0.0,1.735107421875,1.476477861404419,0.9024734629314038,0.9369611331620189,15.123956264081754,1,timeout,20.0,-71.35544853530473,-3.5677724267652366,0.3253081738948822,0.03675537109375,4.218858549583429,-2.751630237301135,10.066808211403885,7.69216613325942,,,,,,,off,5.0,legged_eval-seed1-no-roughness,,n/a,settle,0.0,auto,hold,8.0,0.8,2.0,1.0,0,WALK,first,on,1000
0,jump_on_and_off_box,6,0,1,1,off,0.0,1.6835876464843977,1.7101459503173828,0.7425008017123558,0.9398800010976367,14.519305871405061,1,timeout,20.0,-52.398814597582174,-2.619940729879109,0.32245051860809326,0.03417938232421989,8.494554817804117,-4.724414823945634,9.562768172400023,7.78847807707414,,,,,,,off,5.0,legged_eval-seed1-no-roughness,,n/a,settle,0.0,auto,hold,8.0,0.8,2.0,1.0,0,WALK,first,on,1000
0,jump_on_and_off_box,7,0,1,1,off,0.0,1.704852294921892,1.7751679420471191,0.7398420182309096,0.8537706049523874,14.746861710169185,1,timeout,20.0,-43.60656242850371,-2.1803281214251853,0.3215809762477875,0.0352426147460946,5.766662101532814,-2.750532006537819,9.35990922621776,7.456116905318021,,,,,,,off,5.0,legged_eval-seed1-no-roughness,,n/a,settle,0.0,auto,hold,8.0,0.8,2.0,1.0,0,WALK,first,on,1000
0,jump_on_and_off_box,8,0,1,1,off,0.0,1.6620605468750114,1.8577831983566284,0.6771630426995475,0.7415043703436263,14.588632667481564,1,timeout,20.0,-29.751470693554012,-1.4875735346777006,0.32324862480163574,0.03310302734375057,7.366473828206228,-5.076969971393286,9.003365597590113,7.257007909264458,,,,,,,off,5.0,legged_eval-seed1-no-roughness,,n/a,settle,0.0,auto,hold,8.0,0.8,2.0,1.0,0,WALK,first,on,1000
0,jump_on_and_off_box,9,0,1,1,off,0.0,1.703161621093784,1.765844464302063,0.7411242003046631,0.7732064471780543,13.698839746225795,1,timeout,20.0,-44.752585896358596,-2.2376292948179297,0.3221759796142578,0.035158081054689205,7.049814373622609,-1.842672810822477,10.83871952203375,8.071486335990024,,,,,,,off,5.0,legged_eval-seed1-no-roughness,,n/a,settle,0.0,auto,hold,8.0,0.8,2.0,1.0,0,WALK,first,on,1000
1,forward_ramp_lips,0,0,1,1,off,0.0,1.3894158601760864,2.526117897033691,0.6545569140539537,1.3199782144522243,12.871341206691303,0,roll,7.74,37.20664557622189,4.8070601519666525,0.328532874584198,0.050312126637737264,-90.4377564075993,0.07628575241023741,90.4377564075993,14.209760865273017,,,,,,,off,5.0,legged_eval-seed1-no-roughness,,n/a,settle,0.0,auto,hold,8.0,0.8,2.0,1.0,0,WALK,first,on,1000
1,forward_ramp_lips,1,0,1,1,off,0.0,1.9881492614746108,0.3892255783081051,1.8897177568435126,1.794539584173982,11.673516468379058,1,timeout,20.0,-66.11235907987,-3.3056179539935,0.32737603783607483,0.04940746307373054,-0.8344965625737483,-3.156434027970473,11.97406804055132,7.636760415444705,,,,,,,off,5.0,legged_eval-seed1-no-roughness,,n/a,settle,0.0,auto,hold,8.0,0.8,2.0,1.0,0,WALK,first,on,1000
1,forward_ramp_lips,2,0,1,1,off,0.0,1.8739044189453153,0.9761215209960934,1.3461188926760899,1.1592883201187194,11.52167943163107,1,timeout,20.0,-70.04752574146977,-3.5023762870734885,0.3271541893482208,0.043695220947265766,-0.48475930268864864,-1.0093540819748175,10.540550696622741,7.450083652620423,,,,,,,off,5.0,legged_eval-seed1-no-roughness,,n/a,settle,0.0,auto,hold,8.0,0.8,2.0,1.0,0,WALK,first,on,1000
1,forward_ramp_lips,3,0,1,1,off,0.0,1.1149871826171989,1.4471317291259762,0.5646993687843771,1.6228462310516585,13.196599043673636,0,roll,14.38,-73.37633893669309,-5.102666129116348,0.3244767487049103,0.007996327024839977,87.68707334033488,-1.2680477374391605,87.68707334033488,17.852824706139067,,,,,,,off,5.0,legged_eval-seed1-no-roughness,,n/a,settle,0.0,auto,hold,8.0,0.8,2.0,1.0,0,WALK,first,on,1000
1,forward_ramp_lips,4,0,1,1,off,0.0,1.6010955810546932,1.2111097335815426,0.9917982405778223,1.072133136613152,11.875137211070495,1,timeout,20.0,-97.56505760636094,-4.878252880318047,0.33744752407073975,0.03005477905273466,13.95749315070622,-1.1429399017808477,19.06668825200688,11.91933696910595,,,,,,,off,5.0,legged_eval-seed1-no-roughness,,n/a,settle,0.0,auto,hold,8.0,0.8,2.0,1.0,0,WALK,first,on,1000
1,forward_ramp_lips,5,0,1,1,off,0.0,1.7047119140625,1.112123107910156,1.1335538175705435,1.195626773002473,12.27743481689517,1,timeout,20.0,-72.70867370727458,-3.6354336853637292,0.32593750953674316,0.035235595703125,10.659965105205064,-7.7663264965396515,14.60237734975172,9.076492015125497,,,,,,,off,5.0,legged_eval-seed1-no-roughness,,n/a,settle,0.0,auto,hold,8.0,0.8,2.0,1.0,0,WALK,first,on,1000
1,forward_ramp_lips,6,0,1,1,off,0.0,1.6687561035156477,1.6851116180419918,0.7391815873529076,0.8558371004031631,11.985381095323412,1,timeout,20.0,-55.19168254713313,-2.759584127356656,0.3237783908843994,0.03343780517578239,11.988140311409953,-6.4315146467395765,12.093386563137429,7.527506960702218,,,,,,,off,5.0,legged_eval-seed1-no-roughness,,n/a,settle,0.0,auto,hold,8.0,0.8,2.0,1.0,0,WALK,first,on,1000
1,forward_ramp_lips,7,0,1,1,off,0.0,1.727130126953142,1.1695142745971676,1.1038227944832275,1.1697028061968675,11.652502333227744,1,timeout,20.0,-81.66161557881253,-4.0830807789406265,0.3264503479003906,0.0363565063476571,-0.30980737840758044,-1.1082787669278178,16.038982655943283,10.558860258478388,,,,,,,off,5.0,legged_eval-seed1-no-roughness,,n/a,settle,0.0,auto,hold,8.0,0.8,2.0,1.0,0,WALK,first,on,1000
1,forward_ramp_lips,8,0,1,1,off,0.0,1.7731140136718864,1.01130256652832,1.2550808312970687,1.1800846185125353,12.216958497882656,1,timeout,20.0,-78.1301008240278,-3.9065050412013904,0.32507970929145813,0.03865570068359432,1.8215443753815914,-1.5796743914127542,12.568771081123774,8.303472738523846,,,,,,,off,5.0,legged_eval-seed1-no-roughness,,n/a,settle,0.0,auto,hold,8.0,0.8,2.0,1.0,0,WALK,first,on,1000
1,forward_ramp_lips,9,0,1,1,off,0.0,1.869787597656284,0.656519508361816,1.6004594016872362,1.3868355146896327,11.657883989592937,1,timeout,20.0,-72.20389979477991,-3.6101949897389956,0.3286943733692169,0.043489379882814205,1.3199641634828627,-1.4311247391033866,14.295900084182511,12.653304181930237,,,,,,,off,5.0,legged_eval-seed1-no-roughness,,n/a,settle,0.0,auto,hold,8.0,0.8,2.0,1.0,0,WALK,first,on,1000
2,sphere_bump_lips,0,0,0,1,off,0.0,2.9924697875976562,0.31132431030273366,2.6118119073669885,2.2536840177510093,13.463849336657626,1,timeout,20.0,-10.99410461745785,-0.5497052308728925,0.3290274143218994,0.09962348937988282,-5.6019854038328445,-5.309835754322212,15.003986684366627,6.948343819830629,,,,,,,off,5.0,legged_eval-seed1-no-roughness,,n/a,settle,0.0,auto,hold,8.0,0.8,2.0,1.0,0,WALK,first,on,1000
2,sphere_bump_lips,1,0,0,1,off,0.0,1.1369567871093764,1.9885284423828118,0.13743637862475686,0.36322440867886496,14.86304763986472,1,timeout,20.0,3.194677792721592,0.1597338896360796,0.32077017426490784,0.006847839355468821,0.5106071566854089,-3.126548537923087,8.347311683965724,5.78114462909263,,,,,,,off,5.0,legged_eval-seed1-no-roughness,,n/a,settle,0.0,auto,hold,8.0,0.8,2.0,1.0,0,WALK,first,on,1000
2,sphere_bump_lips,2,0,1,1,off,0.0,4.868815612792972,3.109984588623046,4.024897518294265,2.391810830242207,10.937652374041637,1,timeout,20.0,35.54153073875128,1.7770765369375638,0.3314773142337799,0.1934407806396486,1.5494843059066703,-1.3308191961083458,11.187343280740508,8.06926096478386,,,,,,,off,5.0,legged_eval-seed1-no-roughness,,n/a,settle,0.0,auto,hold,8.0,0.8,2.0,1.0,0,WALK,first,on,1000
2,sphere_bump_lips,3,0,1,1,off,0.0,1.8582351684570426,1.3146125793457024,1.0983276017507888,1.2640727499839508,13.658971543843021,0,roll,15.8,-29.01769532963533,-1.83656299554654,0.3229289650917053,0.05431868154791409,89.51062356140454,-5.059113823145828,89.51062356140454,17.74962986859111,,,,,,,off,5.0,legged_eval-seed1-no-roughness,,n/a,settle,0.0,auto,hold,8.0,0.8,2.0,1.0,0,WALK,first,on,1000
2,sphere_bump_lips,4,0,1,1,off,0.0,3.1520141601562557,1.5659877777099602,2.195343151903632,1.1350270310123463,11.70603431219479,0,roll,12.14,21.547270999607832,1.7748987643828527,0.32397544384002686,0.1772664052846998,90.86270990465731,-6.771013814506722,90.86270990465731,14.850144747525658,,,,,,,off,5.0,legged_eval-seed1-no-roughness,,n/a,settle,0.0,auto,hold,8.0,0.8,2.0,1.0,0,WALK,first,on,1000
2,sphere_bump_lips,5,0,1,1,off,0.0,4.5251617431640625,0.9475643157958977,3.6789110052913276,2.0348600470125433,10.079930701404042,1,timeout,20.0,-20.096062315851725,-1.0048031157925863,0.32831454277038574,0.17625808715820312,-0.1011803597372063,-2.1046040735331712,11.759161724913172,7.259648801247683,,,,,,,off,5.0,legged_eval-seed1-no-roughness,,n/a,settle,0.0,auto,hold,8.0,0.8,2.0,1.0,0,WALK,first,on,1000
2,sphere_bump_lips,6,0,1,1,off,0.0,3.5763946533203352,0.7371170043945305,2.8692652143444417,1.746345997686492,10.648755959637837,1,timeout,20.0,-28.25320195903211,-1.4126600979516055,0.3253207802772522,0.12881973266601676,0.4937948673065719,-1.713916299118025,10.8075581323197,8.221938713823134,,,,,,,off,5.0,legged_eval-seed1-no-roughness,,n/a,settle,0.0,auto,hold,8.0,0.8,2.0,1.0,0,WALK,first,on,1000
2,sphere_bump_lips,7,0,1,1,off,0.0,4.141314697265642,2.166615676879882,3.1457302508383127,1.193596903147694,9.510144950010943,1,timeout,20.0,8.752097664016475,0.43760488320082375,0.32335320115089417,0.1570657348632821,0.7132654892032466,-4.545587116990047,9.04733650412156,5.484637452147457,,,,,,,off,5.0,legged_eval-seed1-no-roughness,,n/a,settle,0.0,auto,hold,8.0,0.8,2.0,1.0,0,WALK,first,on,1000
2,sphere_bump_lips,8,0,1,1,off,0.0,5.173352050781261,1.732167434692382,4.1819375441055335,2.852627198366115,8.28098035007606,1,timeout,20.0,7.925085509599995,0.39625427547999975,0.32460036873817444,0.20866760253906308,0.05405862441884924,-2.2634545872843583,16.528501372568304,9.759810179133009,,,,,,,off,5.0,legged_eval-seed1-no-roughness,,n/a,settle,0.0,auto,hold,8.0,0.8,2.0,1.0,0,WALK,first,on,1000
2,sphere_bump_lips,9,0,1,1,off,0.0,5.263006591796909,2.7458774566650384,4.327765980510615,2.313461526528172,7.922183928778715,1,timeout,20.0,26.241915875984915,1.3120957937992457,0.3234354555606842,0.21315032958984545,0.8235940396175452,-1.4498397001837027,8.931084340375579,5.099661171765632,,,,,,,off,5.0,legged_eval-seed1-no-roughness,,n/a,settle,0.0,auto,hold,8.0,0.8,2.0,1.0,0,WALK,first,on,1000
3,forward_ramp_no_lips,0,0,1,1,off,0.0,1.4840812683105469,2.44874458312988,0.6600805823666966,1.0350255151149763,9.226837473912337,0,roll,7.62,61.65633545003507,8.091382604991479,0.34983593225479126,0.06352772550007177,-88.47037728762231,4.495831360781172,88.47037728762231,20.09043869226139,,,,,,,off,5.0,legged_eval-seed1-no-roughness,,n/a,settle,0.0,auto,hold,8.0,0.8,2.0,1.0,0,WALK,first,on,1000
3,forward_ramp_no_lips,1,0,1,1,off,0.0,1.4671875000000014,2.374201583862302,0.5985741270062603,1.1186604986962256,9.390271414369305,0,roll,7.6000000000000005,71.93240242097434,9.464789792233466,0.3492826819419861,0.061472039473684396,-87.07350854535848,4.375907787417101,87.07350854535848,20.06565703553764,,,,,,,off,5.0,legged_eval-seed1-no-roughness,,n/a,settle,0.0,auto,hold,8.0,0.8,2.0,1.0,0,WALK,first,on,1000
3,forward_ramp_no_lips,2,0,1,1,off,0.0,2.0404769897460966,2.479609298706052,1.1456951800528838,0.64489682467488,8.622871421023094,0,roll,9.66,-28.667246129474563,-2.9676238229269734,0.34948962926864624,0.10770983330704934,-87.01639649801157,-10.61537616158401,87.01639649801157,26.167811068791217,,,,,,,off,5.0,legged_eval-seed1-no-roughness,,n/a,settle,0.0,auto,hold,8.0,0.8,2.0,1.0,0,WALK,first,on,1000
3,forward_ramp_no_lips,3,0,1,1,off,0.0,1.5584991455078239,1.4106224060058565,0.8119650508705992,0.9955720434892404,9.409976314966455,0,roll,7.46,-36.02089148552932,-4.828537732644681,0.3385851979255676,0.07486583719944019,87.84573104873076,-2.7856312053429955,87.84573104873076,21.721230211632683,,,,,,,off,5.0,legged_eval-seed1-no-roughness,,n/a,settle,0.0,auto,hold,8.0,0.8,2.0,1.0,0,WALK,first,on,1000
3,forward_ramp_no_lips,4,0,1,1,off,0.0,1.4041046142578182,1.6131504058837862,0.5594221552033307,1.0414451407163166,8.854350218054552,0,roll,7.92,-68.56785715508107,-8.657557721601146,0.3464542627334595,0.05102330988103765,90.0937856533431,7.14090710634179,90.0937856533431,18.644689331071014,,,,,,,off,5.0,legged_eval-seed1-no-roughness,,n/a,settle,0.0,auto,hold,8.0,0.8,2.0,1.0,0,WALK,first,on,1000
3,forward_ramp_no_lips,5,0,1,1,off,0.0,1.426513671875,1.3913524627685518,0.743213116726422,1.1632944466381798,9.343331800557642,0,roll,7.5600000000000005,-53.31554292974002,-7.0523204933518535,0.3479277193546295,0.05641715236441799,88.80033101124361,-2.322102789313316,88.80033101124361,19.045258646072394,,,,,,,off,5.0,legged_eval-seed1-no-roughness,,n/a,settle,0.0,auto,hold,8.0,0.8,2.0,1.0,0,WALK,first,on,1000
3,forward_ramp_no_lips,6,0,1,1,off,0.0,1.4005065917968977,2.458468246459958,0.6087681521604392,1.1758108353883043,9.610435308930958,0,roll,8.38,52.24080444254872,6.233986210328009,0.3386642336845398,0.04779314937910474,-88.0661668037304,3.571571310163208,88.0661668037304,24.18744116172509,,,,,,,off,5.0,legged_eval-seed1-no-roughness,,n/a,settle,0.0,auto,hold,8.0,0.8,2.0,1.0,0,WALK,first,on,1000
3,forward_ramp_no_lips,7,0,1,1,off,0.0,1.7418243408203296,1.3995025634765597,0.9544110874799914,0.988168136540839,9.87644796971632,0,roll,6.68,-10.88322458009867,-1.629225236541717,0.3377188444137573,0.11105154802699545,89.79160690856843,-2.954791089178099,89.79160690856843,21.641276452510173,,,,,,,off,5.0,legged_eval-seed1-no-roughness,,n/a,settle,0.0,auto,hold,8.0,0.8,2.0,1.0,0,WALK,first,on,1000
3,forward_ramp_no_lips,8,0,1,1,off,0.0,1.6301086425781364,2.5889766693115206,0.862514010578932,0.9267708732341773,9.887449060516271,0,roll,6.0,20.218303521795207,3.3697172536325346,0.3275045156478882,0.10501810709635606,-87.3907618351341,4.5403363423601935,87.3907618351341,20.62960008269071,,,,,,,off,5.0,legged_eval-seed1-no-roughness,,n/a,settle,0.0,auto,hold,8.0,0.8,2.0,1.0,0,WALK,first,on,1000
3,forward_ramp_no_lips,9,0,1,1,off,0.0,1.690222167968784,2.5980823516845675,0.913295757436807,0.9138547646033438,9.478665472036942,0,roll,7.6000000000000005,6.565837161737221,0.8639259423338448,0.34738999605178833,0.09081870631168211,-89.42223711039108,-2.1244248435187667,89.42223711039108,19.281841669978988,,,,,,,off,5.0,legged_eval-seed1-no-roughness,,n/a,settle,0.0,auto,hold,8.0,0.8,2.0,1.0,0,WALK,first,on,1000
4,flush_a_frame,0,0,1,1,off,0.0,1.805314302444458,2.467642211914061,0.9312466719862572,0.8920134478292937,12.303576132167457,0,roll,5.86,-17.259429510358302,-2.9452951382863994,0.33915185928344727,0.13742564888130682,-90.15947893320751,-13.84805182897564,90.15947893320751,20.081271427931544,,,,,,,off,5.0,legged_eval-seed1-no-roughness,,n/a,settle,0.0,auto,hold,8.0,0.8,2.0,1.0,0,WALK,first,on,1000
4,flush_a_frame,1,0,1,1,off,0.0,1.6417175292968764,2.5978340148925767,0.8770444098045805,1.2887167327303164,12.672392063753104,0,roll,5.62,7.964984508515215,1.4172570299849137,0.33187171816825867,0.1141846137538926,-87.42240513894437,-10.271195914184132,87.42240513894437,21.710706178024154,,,,,,,off,5.0,legged_eval-seed1-no-roughness,,n/a,settle,0.0,auto,hold,8.0,0.8,2.0,1.0,0,WALK,first,on,1000
4,flush_a_frame,2,0,1,1,off,0.0,1.5730697631835966,2.597952270507811,0.8282245295092086,1.280897894771775,11.74216503447998,0,roll,5.5600000000000005,10.100762053833506,1.8166838226319253,0.3321099579334259,0.10307010129201377,-89.79325198109461,-5.058525878741882,89.79325198109461,19.894068681702578,,,,,,,off,5.0,legged_eval-seed1-no-roughness,,n/a,settle,0.0,auto,hold,8.0,0.8,2.0,1.0,0,WALK,first,on,1000
4,flush_a_frame,3,0,1,1,off,0.0,1.4296920776367301,2.5972045898437486,0.7357231841625013,1.226843198173992,13.283739145152914,0,roll,7.04,27.818701071585224,3.9515200385774465,0.3475904166698456,0.061035806482490074,-90.88686758749101,-4.103864681753476,90.88686758749101,16.802741576147213,,,,,,,off,5.0,legged_eval-seed1-no-roughness,,n/a,settle,0.0,auto,hold,8.0,0.8,2.0,1.0,0,WALK,first,on,1000
4,flush_a_frame,4,0,1,1,off,0.0,1.7532562255859432,2.6096252441406236,0.9690396687842537,0.9462548663436268,12.461664155489359,0,roll,5.78,-7.359795911527527,-1.2733210919597797,0.3327951729297638,0.13032114629514588,-91.12160752260597,-16.62620764344429,91.12160752260597,19.731232878898233,,,,,,,off,5.0,legged_eval-seed1-no-roughness,,n/a,settle,0.0,auto,hold,8.0,0.8,2.0,1.0,0,WALK,first,on,1000
4,flush_a_frame,5,0,1,1,off,0.0,1.7362823486328125,2.6209701538085923,0.9631799566173069,1.2896944506653452,13.178355980046875,0,roll,5.82,-3.4262718917949258,-0.5887065106176848,0.3332351744174957,0.12650899461044887,-89.23260298453053,-11.720692958171446,89.23260298453053,18.030938908286707,,,,,,,off,5.0,legged_eval-seed1-no-roughness,,n/a,settle,0.0,auto,hold,8.0,0.8,2.0,1.0,0,WALK,first,on,1000
4,flush_a_frame,6,0,1,1,off,0.0,1.4678741455078352,2.524160766601561,0.7026028218552949,1.4626585433944679,13.742125926975643,0,roll,5.48,28.233787082790627,5.152150927516537,0.3352712094783783,0.08537849370580934,-89.99117336885614,1.9648374123591674,89.99117336885614,18.007431886175617,,,,,,,off,5.0,legged_eval-seed1-no-roughness,,n/a,settle,0.0,auto,hold,8.0,0.8,2.0,1.0,0,WALK,first,on,1000
4,flush_a_frame,7,0,1,1,off,0.0,1.5990020751953296,2.60795440673828,0.8534705892769856,1.2537602270713843,12.116260121704215,0,roll,5.66,6.616598588437711,1.169010351314083,0.3284388780593872,0.10583075533486387,-90.91041189089387,-14.925981282860565,90.91041189089387,16.91158727917945,,,,,,,off,5.0,legged_eval-seed1-no-roughness,,n/a,settle,0.0,auto,hold,8.0,0.8,2.0,1.0,0,WALK,first,on,1000
4,flush_a_frame,8,0,1,1,off,0.0,1.4119689941406364,2.5261215209960923,0.668223246369422,1.1811182177093458,12.399198202181804,0,roll,7.12,32.95586675125739,4.628632970682218,0.33903905749320984,0.05786081378379724,-90.91354892471276,-9.191612463101624,90.91354892471276,19.38035316295215,,,,,,,off,5.0,legged_eval-seed1-no-roughness,,n/a,settle,0.0,auto,hold,8.0,0.8,2.0,1.0,0,WALK,first,on,1000
4,flush_a_frame,9,0,1,1,off,0.0,1.481634521484409,2.5986579895019517,0.768350961917817,1.138404776034046,12.53267192748958,0,roll,6.7,18.860231697602103,2.8149599548659854,0.3372175097465515,0.07188574947528494,-90.14583770219505,0.12659828919725266,90.14583770219505,15.901395276299455,,,,,,,off,5.0,legged_eval-seed1-no-roughness,,n/a,settle,0.0,auto,hold,8.0,0.8,2.0,1.0,0,WALK,first,on,1000
5,sphere_bump,0,0,0,1,off,0.0,0.9287807941436768,2.068347930908203,0.09870975099876331,0.5752936822167971,15.021374699741909,1,timeout,20.0,7.369449953659711,0.3684724976829855,0.33962804079055786,-0.003560960292816162,-10.590773385425313,-0.8180571831179859,15.81213192799036,7.347521163436192,,,,,,,off,5.0,legged_eval-seed1-no-roughness,,n/a,settle,0.0,auto,hold,8.0,0.8,2.0,1.0,0,WALK,first,on,1000
5,sphere_bump,1,0,1,1,off,0.0,1.9521537780761733,1.4800186157226562,1.0848859189332827,1.243726963637205,13.607784629214382,0,roll,7.86,-47.52561003044406,-6.046515271048862,0.32270538806915283,0.12113915751605257,89.90384041600419,7.74724647442046,89.90384041600419,13.798758242516508,,,,,,,off,5.0,legged_eval-seed1-no-roughness,,n/a,settle,0.0,auto,hold,8.0,0.8,2.0,1.0,0,WALK,first,on,1000
5,sphere_bump,2,0,1,1,off,0.0,2.088465881347659,2.5806732177734375,1.2336690644971584,1.343327331456309,13.27424079056952,0,roll,7.78,16.069306914541528,2.0654636136942837,0.32249218225479126,0.1399056402760487,-89.6998574992713,-4.480461481135269,89.6998574992713,15.64163762375029,,,,,,,off,5.0,legged_eval-seed1-no-roughness,,n/a,settle,0.0,auto,hold,8.0,0.8,2.0,1.0,0,WALK,first,on,1000
5,sphere_bump,3,0,1,1,off,0.0,3.4706848144531364,2.7100372314453125,2.570687908402701,1.6446363851920744,11.201840959763594,0,roll,15.02,26.860014852950485,1.788283279157822,0.3263114094734192,0.16449299696758565,-86.66952406013569,-0.2871972208600378,86.66952406013569,17.203835011767033,,,,,,,off,5.0,legged_eval-seed1-no-roughness,,n/a,settle,0.0,auto,hold,8.0,0.8,2.0,1.0,0,WALK,first,on,1000
5,sphere_bump,4,0,1,1,off,0.0,1.7210449218750057,2.608356475830078,0.9433999051548212,1.3044911001375643,12.843371286318627,0,roll,8.040000000000001,42.770946167596975,5.3197694238304685,0.32865026593208313,0.08968220421330915,-86.78567170931015,3.417017217069314,86.78567170931015,13.762384470229943,,,,,,,off,5.0,legged_eval-seed1-no-roughness,,n/a,settle,0.0,auto,hold,8.0,0.8,2.0,1.0,0,WALK,first,on,1000
5,sphere_bump,5,0,1,1,off,0.0,5.2593994140625,2.728912353515625,4.321318848178604,2.462378463198141,8.97026488217452,1,timeout,20.0,26.727956939459574,1.3363978469729787,0.32336947321891785,0.212969970703125,-0.6906900198872605,-2.166056347594609,8.93919216365115,4.9073751272002335,,,,,,,off,5.0,legged_eval-seed1-no-roughness,,n/a,settle,0.0,auto,hold,8.0,0.8,2.0,1.0,0,WALK,first,on,1000
5,sphere_bump,6,0,1,1,off,0.0,1.7767272949218977,2.68963623046875,1.0387027587581712,1.2827788051897169,12.29263279462909,0,roll,6.72,17.429129565096986,2.5936204709965756,0.33656343817710876,0.11558441888718717,-90.50499955308428,5.7356082159114985,90.50499955308428,10.743301546654287,,,,,,,off,5.0,legged_eval-seed1-no-roughness,,n/a,settle,0.0,auto,hold,8.0,0.8,2.0,1.0,0,WALK,first,on,1000
5,sphere_bump,7,0,1,1,off,0.0,2.195635986328142,1.3916130065917969,1.3415215784888226,1.2512022600780095,11.570370024082326,0,roll,7.48,-6.076277174055946,-0.8123365205957146,0.3231440782546997,0.15984438319894947,86.8055457115224,-7.117932841147624,86.8055457115224,14.517989759207902,,,,,,,off,5.0,legged_eval-seed1-no-roughness,,n/a,settle,0.0,auto,hold,8.0,0.8,2.0,1.0,0,WALK,first,on,1000
5,sphere_bump,8,0,1,1,off,0.0,4.888531494140636,3.3764381408691406,4.124955652678329,2.6655492173687447,8.6220460496262,1,timeout,20.0,39.804340060515614,1.9902170030257806,0.3331444561481476,0.1944265747070318,-1.5255701267042194,-2.4223984483134475,14.10880655271831,9.46674354215328,,,,,,,off,5.0,legged_eval-seed1-no-roughness,,n/a,settle,0.0,auto,hold,8.0,0.8,2.0,1.0,0,WALK,first,on,1000
5,sphere_bump,9,0,1,1,off,0.0,3.637976074218784,0.8876533508300781,2.8629063617363215,1.8646017625870857,9.676172746376022,0,roll,18.3,-32.766810539834864,-1.7905360950729434,0.3304707705974579,0.1441516980447423,89.13890775820663,-0.8371617198303836,89.13890775820663,15.83648041679465,,,,,,,off,5.0,legged_eval-seed1-no-roughness,,n/a,settle,0.0,auto,hold,8.0,0.8,2.0,1.0,0,WALK,first,on,1000
6,box_jump_even,0,0,2,1,off,0.0,3.1375069618225098,2.665135955810541,2.2386026560226577,1.1758537313712705,8.339061478935221,0,below,9.36,-39.98300247047743,-4.2716882981279305,0.3229304850101471,0.2283661283998408,-65.48013228786704,64.46700095624993,65.48013228786704,64.46700095624993,,,,,,,off,5.0,legged_eval-seed1-no-roughness,,n/a,settle,0.0,auto,hold,8.0,0.8,2.0,1.0,0,WALK,first,on,1000
6,box_jump_even,1,0,2,1,off,0.0,3.1640144348144545,2.6188255310058537,2.2507562089017994,1.0208493536284795,8.10963054634511,0,below,9.4,-41.88954104192521,-4.456334153396299,0.32359904050827026,0.23021430157600578,-56.09374018935733,67.76771370328586,56.09374018935733,67.76771370328586,,,,,,,off,5.0,legged_eval-seed1-no-roughness,,n/a,settle,0.0,auto,hold,8.0,0.8,2.0,1.0,0,WALK,first,on,1000
6,box_jump_even,2,0,2,1,off,0.0,3.012965393066409,2.0220542907714787,2.013086204171206,0.8451231979382018,8.487063261872734,0,below,8.4,17.322814850107306,2.0622398631080125,0.32407763600349426,0.2396387372698106,24.229326555530307,65.83362993627985,24.91933012891731,65.83362993627985,,,,,,,off,5.0,legged_eval-seed1-no-roughness,,n/a,settle,0.0,auto,hold,8.0,0.8,2.0,1.0,0,WALK,first,on,1000
6,box_jump_even,3,0,2,1,off,0.0,2.9312866210937614,1.1758323669433537,2.09979053721888,1.2681437403340035,8.458958992899362,0,below,8.28,28.3918082625444,3.428962350548841,0.32262957096099854,0.23324717646059923,85.76458711501915,62.220589432642406,85.76458711501915,62.220589432642406,,,,,,,off,5.0,legged_eval-seed1-no-roughness,,n/a,settle,0.0,auto,hold,8.0,0.8,2.0,1.0,0,WALK,first,on,1000
6,box_jump_even,4,0,2,1,off,0.0,3.212973022460943,2.051438903808588,2.213570771167019,0.9541187052682178,8.987174186352439,0,below,9.22,0.28239611808254494,0.030628646212857366,0.324817419052124,0.2400187659935947,0.42491099294890955,65.2794569776963,17.256691698228348,67.40950520535064,,,,,,,off,5.0,legged_eval-seed1-no-roughness,,n/a,settle,0.0,auto,hold,8.0,0.8,2.0,1.0,0,WALK,first,on,1000
6,box_jump_even,5,0,2,1,off,0.0,2.8889007568359375,1.1806427001953068,2.058954213652799,1.4431148485052965,9.247469689172314,0,roll,9.02,22.598733028500817,2.505402774778361,0.32289889454841614,0.20941250075786447,89.53203638155289,26.75725560435555,89.53203638155289,26.75725560435555,,,,,,,off,5.0,legged_eval-seed1-no-roughness,,n/a,settle,0.0,auto,hold,8.0,0.8,2.0,1.0,0,WALK,first,on,1000
6,box_jump_even,6,0,2,1,off,0.0,3.1860595703125227,2.6198364257812443,2.272235383863265,0.9573871586627883,8.63621253333485,0,below,8.700000000000001,-17.15484919796714,-1.9718217468927743,0.32241296768188477,0.25127121497845084,-44.45302727693011,63.60613645851229,44.45302727693011,63.60613645851229,,,,,,,off,5.0,legged_eval-seed1-no-roughness,,n/a,settle,0.0,auto,hold,8.0,0.8,2.0,1.0,0,WALK,first,on,1000
6,box_jump_even,7,0,2,1,off,0.0,3.229815673828142,1.5209251403808537,2.280699598888191,0.9594273015149007,8.583564067779806,0,roll,8.24,24.101851126264194,2.9249819327990525,0.3237621486186981,0.2706086982801143,91.4272927398199,28.992687784837354,91.4272927398199,28.992687784837354,,,,,,,off,5.0,legged_eval-seed1-no-roughness,,n/a,settle,0.0,auto,hold,8.0,0.8,2.0,1.0,0,WALK,first,on,1000
6,box_jump_even,8,0,2,1,off,0.0,2.8805053710937614,2.242204284667963,1.896038862002571,1.1114373928073273,9.272658388554639,0,below,7.96,-16.25233409454711,-2.0417505143903405,0.322640597820282,0.2362443933534876,-58.59055398592047,63.08460478725763,58.59055398592047,63.08460478725763,,,,,,,off,5.0,legged_eval-seed1-no-roughness,,n/a,settle,0.0,auto,hold,8.0,0.8,2.0,1.0,0,WALK,first,on,1000
6,box_jump_even,9,0,2,1,off,0.0,3.067205810546909,1.5202117919921818,2.1221537615597645,0.9101998268673301,9.145388260290062,0,roll,7.5600000000000005,22.922785666259244,3.0321145061189476,0.32227465510368347,0.27343992203001444,87.68926776521283,32.32044015321465,87.68926776521283,32.32044015321465,,,,,,,off,5.0,legged_eval-seed1-no-roughness,,n/a,settle,0.0,auto,hold,8.0,0.8,2.0,1.0,0,WALK,first,on,1000
7,box_jump_uneven,0,0,2,1,off,0.0,3.26505446434021,2.5968009948730426,2.3423584597385965,1.0649438326791003,9.054634849612668,0,below,10.18,-41.96258816741664,-4.122061706033069,0.3379642069339752,0.2225004385402957,-69.37178686214594,67.61841007075164,69.37178686214594,67.61841007075164,,,,,,,off,5.0,legged_eval-seed1-no-roughness,,n/a,settle,0.0,auto,hold,8.0,0.8,2.0,1.0,0,WALK,first,on,1000
7,box_jump_uneven,1,0,2,1,off,0.0,3.3148513793945327,1.3996269226074176,2.3914398885906816,1.184895004644391,9.304538287243998,0,roll,13.280000000000001,47.759902144491235,3.596378173530966,0.36041709780693054,0.17431109784597382,89.18111488287292,28.692968083546653,89.18111488287292,28.692968083546653,,,,,,,off,5.0,legged_eval-seed1-no-roughness,,n/a,settle,0.0,auto,hold,8.0,0.8,2.0,1.0,0,WALK,first,on,1000
7,box_jump_uneven,2,0,1,1,off,0.0,1.8290283203125028,2.9153854370117145,1.2349973498648883,1.2261531893492164,10.461098472299264,0,roll,7.38,13.125034581905737,1.7784599704479318,0.3442953824996948,0.11233446074695161,-86.64560171724452,23.97250938055714,86.64560171724452,24.04738218320459,,,,,,,off,5.0,legged_eval-seed1-no-roughness,,n/a,settle,0.0,auto,hold,8.0,0.8,2.0,1.0,0,WALK,first,on,1000
7,box_jump_uneven,3,0,1,1,off,0.0,1.5216567993164176,2.6185638427734332,0.8091644108953914,1.2797437959377984,11.445070971391893,0,roll,6.0200000000000005,27.20584661805907,4.5192436242623035,0.3363332748413086,0.0866539533748202,-88.63576455066226,8.953525026355802,88.63576455066226,12.6741401161713,,,,,,,off,5.0,legged_eval-seed1-no-roughness,,n/a,settle,0.0,auto,hold,8.0,0.8,2.0,1.0,0,WALK,first,on,1000
7,box_jump_uneven,4,0,1,1,off,0.0,1.4010528564453182,2.5371887207031207,0.6703843041969318,1.183741105866529,11.161881298931064,0,roll,6.92,37.09021325418465,5.359857406674082,0.33134615421295166,0.05795561509325407,-87.19734889201,4.379044987554983,87.19734889201,16.586307196099558,,,,,,,off,5.0,legged_eval-seed1-no-roughness,,n/a,settle,0.0,auto,hold,8.0,0.8,2.0,1.0,0,WALK,first,on,1000
7,box_jump_uneven,5,0,1,1,off,0.0,1.3773651123046875,2.496150207519527,0.6233533960815478,1.1972812390869774,11.283548304487702,0,roll,6.9,42.761554557968026,6.197326747531598,0.33049264550209045,0.05469059598618659,-88.41429446982602,2.6416276612381777,88.41429446982602,16.03943455216402,,,,,,,off,5.0,legged_eval-seed1-no-roughness,,n/a,settle,0.0,auto,hold,8.0,0.8,2.0,1.0,0,WALK,first,on,1000
7,box_jump_uneven,6,0,1,1,off,0.0,1.3997589111328352,2.5214569091796832,0.6570574519487155,1.1463738021096455,10.86276433485844,0,roll,6.94,36.1607144925824,5.210477592591124,0.3284823000431061,0.05760214857821833,-89.46969013923514,0.22366405401410722,89.46969013923514,15.057760502042061,,,,,,,off,5.0,legged_eval-seed1-no-roughness,,n/a,settle,0.0,auto,hold,8.0,0.8,2.0,1.0,0,WALK,first,on,1000
7,box_jump_uneven,7,0,1,1,off,0.0,1.4054901123047046,2.509474945068355,0.651142803714581,1.2044660716274935,10.207232561765673,0,roll,6.9,37.33340889895936,5.410638970863675,0.3288411498069763,0.0587666829427108,-88.23359622541842,1.2065609284608976,88.23359622541842,16.127594303510048,,,,,,,off,5.0,legged_eval-seed1-no-roughness,,n/a,settle,0.0,auto,hold,8.0,0.8,2.0,1.0,0,WALK,first,on,1000
7,box_jump_uneven,8,0,1,1,off,0.0,1.3055847167968864,2.5722953796386676,0.648771162040669,1.3663132667128421,11.658470280840868,0,roll,8.68,46.67950344751446,5.3778229778242475,0.328199565410614,0.0352056125342035,-86.35890416836834,-3.1142286827084757,86.35890416836834,21.422613716236285,,,,,,,off,5.0,legged_eval-seed1-no-roughness,,n/a,settle,0.0,auto,hold,8.0,0.8,2.0,1.0,0,WALK,first,on,1000
7,box_jump_uneven,9,0,1,1,off,0.0,2.067602539062534,1.1864082336425739,1.3422767016145987,0.8183573491465319,11.211955428767334,1,timeout,20.0,-25.31170844259168,-1.265585422129584,0.3271278142929077,0.0533801269531267,-39.1333962955683,46.02359372183462,43.6897821897904,54.18698210729932,,,,,,,off,5.0,legged_eval-seed1-no-roughness,,n/a,settle,0.0,auto,hold,8.0,0.8,2.0,1.0,0,WALK,first,on,1000
8,flat_circle_jump,0,0,1,1,off,0.0,1.3828632831573486,2.598728942871091,0.710676185489255,1.2629972805363907,7.4412628916983525,0,roll,7.88,24.2919283656,3.082732026091371,0.3235059380531311,0.048586711060577235,-86.36027972198366,-4.771383039211322,86.36027972198366,20.40817215187435,,,,,,,off,5.0,legged_eval-seed1-no-roughness,,n/a,settle,0.0,auto,hold,8.0,0.8,2.0,1.0,0,WALK,first,on,1000
8,flat_circle_jump,1,0,1,1,off,0.0,1.8744064331054702,1.9544799804687472,0.8755904764411024,0.8399219023595363,7.42573308791015,1,timeout,20.0,-6.595160183747794,-0.3297580091873897,0.32206642627716064,0.04372032165527351,-0.8060392675053867,10.555700121569481,9.452638124594658,11.272074310017768,,,,,,,off,5.0,legged_eval-seed1-no-roughness,,n/a,settle,0.0,auto,hold,8.0,0.8,2.0,1.0,0,WALK,first,on,1000
8,flat_circle_jump,2,0,1,1,off,0.0,2.163752746582034,1.9651611328124972,1.164274109410725,0.6465853802805632,7.686326208751633,1,timeout,20.0,51.13059375851253,2.5565296879256265,0.32195398211479187,0.058187637329101705,69.21532958347431,58.39156417591362,70.69416787926576,60.16761489845033,,,,,,,off,5.0,legged_eval-seed1-no-roughness,,n/a,settle,0.0,auto,hold,8.0,0.8,2.0,1.0,0,WALK,first,on,1000
8,flat_circle_jump,3,0,1,1,off,0.0,1.9271896362304801,2.031895446777341,0.927738077831419,0.7817829262918878,8.322871479891688,1,timeout,20.0,1.7843727029175227,0.08921863514587614,0.32207998633384705,0.04635948181152401,2.957197047384157,15.476534942332297,11.048688874760991,16.55676652702011,,,,,,,off,5.0,legged_eval-seed1-no-roughness,,n/a,settle,0.0,auto,hold,8.0,0.8,2.0,1.0,0,WALK,first,on,1000
8,flat_circle_jump,4,0,1,1,off,0.0,1.8681091308593807,1.996678161621091,0.8681154863793439,0.831897501360433,9.231891466776029,1,timeout,20.0,2.2399752945590308,0.11199876472795153,0.3230969309806824,0.04340545654296903,0.7104683736123539,9.980890291291049,9.006474667089645,10.56156815614539,,,,,,,off,5.0,legged_eval-seed1-no-roughness,,n/a,settle,0.0,auto,hold,8.0,0.8,2.0,1.0,0,WALK,first,on,1000
8,flat_circle_jump,5,0,1,1,off,0.0,2.22998046875,2.0190322875976534,1.2301277094178757,0.9001555804019841,9.320038964020101,0,below,4.76,2.319556375830132,0.487301759628179,0.32230961322784424,0.2583992581407563,17.655226552537016,63.91476563090385,25.434627799104984,65.833648811125,,,,,,,off,5.0,legged_eval-seed1-no-roughness,,n/a,settle,0.0,auto,hold,8.0,0.8,2.0,1.0,0,WALK,first,on,1000
8,flat_circle_jump,6,0,1,1,off,0.0,2.6148773193359602,1.1715591430664034,1.8149774130667766,0.8917970144443109,9.52123240555991,0,roll,4.5600000000000005,19.272031701132136,4.226322741476345,0.3223533034324646,0.35413976301227196,87.7176851408718,26.275932732048805,87.7176851408718,26.275932732048805,,,,,,,off,5.0,legged_eval-seed1-no-roughness,,n/a,settle,0.0,auto,hold,8.0,0.8,2.0,1.0,0,WALK,first,on,1000
8,flat_circle_jump,7,0,1,1,off,0.0,2.2351715087890796,1.9020584106445284,1.2390485103698592,0.8208116785448653,10.265295734117958,0,below,4.68,8.24114248421364,1.7609278812422309,0.3217519521713257,0.26392553606604263,35.50068151653167,63.24294168404771,42.586123264478886,63.24294168404771,,,,,,,off,5.0,legged_eval-seed1-no-roughness,,n/a,settle,0.0,auto,hold,8.0,0.8,2.0,1.0,0,WALK,first,on,1000
8,flat_circle_jump,8,0,1,1,off,0.0,2.2466247558593864,2.013432312011716,1.24669711996437,0.9554831313776839,10.853383556160301,0,below,4.66,13.174118659643142,2.8270640900521764,0.32207921147346497,0.26751604202991125,39.31144295030967,62.313254784850066,39.31144295030967,63.066846441714965,,,,,,,off,5.0,legged_eval-seed1-no-roughness,,n/a,settle,0.0,auto,hold,8.0,0.8,2.0,1.0,0,WALK,first,on,1000
8,flat_circle_jump,9,0,1,1,off,0.0,2.218054199218784,1.874363708496091,1.2245164392434136,1.350922407935548,11.732618495042383,0,below,4.72,7.944354381219995,1.6831259282245752,0.3242720365524292,0.2580623303429627,32.377915527495475,60.79400234930815,35.288062884585905,61.856663559832995,,,,,,,off,5.0,legged_eval-seed1-no-roughness,,n/a,settle,0.0,auto,hold,8.0,0.8,2.0,1.0,0,WALK,first,on,1000
9,bump_jump,0,0,1,1,off,0.0,1.8411563634872437,1.316671752929679,1.0837349865531156,1.0033654256730724,8.935011607887146,0,roll,5.88,-12.742895163106596,-2.167159041344659,0.3249729573726654,0.1430538033141571,87.17660272384721,29.26218515729308,87.17660272384721,29.372232350748863,,,,,,,off,5.0,legged_eval-seed1-no-roughness,,n/a,settle,0.0,auto,hold,8.0,0.8,2.0,1.0,0,WALK,first,on,1000
9,bump_jump,1,0,1,1,off,0.0,2.55641326904297,2.445120239257804,1.6188126177695643,0.6045592468920508,8.155742570239473,0,roll,4.92,-28.543351902015388,-5.801494289027518,0.32433614134788513,0.31634416037458746,-87.7796846458367,11.493276600306007,87.7796846458367,21.21709523613981,,,,,,,off,5.0,legged_eval-seed1-no-roughness,,n/a,settle,0.0,auto,hold,8.0,0.8,2.0,1.0,0,WALK,first,on,1000
9,bump_jump,2,0,1,1,off,0.0,1.9477035522460966,2.0143798828124915,0.9478126418072144,0.5354965446488876,8.902308061661405,1,timeout,20.0,-3.2162746049611712,-0.16081373024805856,0.325207382440567,0.04738517761230483,-2.6305334541014167,15.537518874821172,16.02079809669936,17.895416153826744,,,,,,,off,5.0,legged_eval-seed1-no-roughness,,n/a,settle,0.0,auto,hold,8.0,0.8,2.0,1.0,0,WALK,first,on,1000
9,bump_jump,3,0,1,1,off,0.0,1.9421279907226676,2.0175842285156165,0.9422920757364036,0.5619508934766264,9.057889077568916,1,timeout,20.0,-1.6815335564646432,-0.08407667782323217,0.3227757215499878,0.04710639953613338,-4.25865063570718,14.696623178390157,15.258728309753188,17.06036716426625,,,,,,,off,5.0,legged_eval-seed1-no-roughness,,n/a,settle,0.0,auto,hold,8.0,0.8,2.0,1.0,0,WALK,first,on,1000
9,bump_jump,4,0,1,1,off,0.0,2.0359252929687557,2.2796463012695227,1.0730066478946563,0.6699766776566612,9.268294461834387,0,roll,19.32,-29.863923392171074,-1.545751728373244,0.3226265013217926,0.05361932158223373,-86.2862913953166,8.41452110559564,86.2862913953166,18.988909468233093,,,,,,,off,5.0,legged_eval-seed1-no-roughness,,n/a,settle,0.0,auto,hold,8.0,0.8,2.0,1.0,0,WALK,first,on,1000
9,bump_jump,5,0,1,1,off,0.0,1.98565673828125,1.985800170898429,0.985759017643636,0.6203058217890787,9.41435397064588,1,timeout,20.0,-11.03283627694617,-0.5516418138473085,0.321651816368103,0.0492828369140625,-10.385292522516393,20.15640031046593,19.582721546586146,20.309938940491804,,,,,,,off,5.0,legged_eval-seed1-no-roughness,,n/a,settle,0.0,auto,hold,8.0,0.8,2.0,1.0,0,WALK,first,on,1000
9,bump_jump,6,0,1,1,off,0.0,1.9737945556640852,2.0420211791992102,0.9747007828776507,0.6329306091011446,9.32630011148378,1,timeout,20.0,-3.5564682934059135,-0.17782341467029567,0.32265228033065796,0.04868972778320426,-4.366997993830731,18.921621509318786,18.57562628810756,21.782243609246358,,,,,,,off,5.0,legged_eval-seed1-no-roughness,,n/a,settle,0.0,auto,hold,8.0,0.8,2.0,1.0,0,WALK,first,on,1000
9,bump_jump,7,0,1,1,off,0.0,1.983477783203142,2.0366043090820227,0.9841587399894077,0.672125116206335,9.766590811876446,1,timeout,20.0,-4.250781419414807,-0.21253907097074035,0.3213818073272705,0.0491738891601571,-4.071147004218734,21.210325452828478,21.058840815320696,23.79489600731241,,,,,,,off,5.0,legged_eval-seed1-no-roughness,,n/a,settle,0.0,auto,hold,8.0,0.8,2.0,1.0,0,WALK,first,on,1000
9,bump_jump,8,0,1,1,off,0.0,2.0103881835937614,1.8069900512695227,1.0286579226617767,0.7161126291555243,10.191439633798277,1,timeout,20.0,26.10633708341345,1.3053168541706726,0.32309621572494507,0.05051940917968807,71.01483058822708,15.123039674855576,84.70521685004238,24.201082858609496,,,,,,,off,5.0,legged_eval-seed1-no-roughness,,n/a,settle,0.0,auto,hold,8.0,0.8,2.0,1.0,0,WALK,first,on,1000
9,bump_jump,9,0,1,1,off,0.0,2.011297607421909,1.8271850585937415,1.0259570433261456,0.710053511727123,10.090182405188946,1,timeout,20.0,25.072783188133144,1.2536391594066572,0.32337334752082825,0.05056488037109545,74.72314520856806,14.7494173085041,79.52411668167055,26.34106556281611,,,,,,,off,5.0,legged_eval-seed1-no-roughness,,n/a,settle,0.0,auto,hold,8.0,0.8,2.0,1.0,0,WALK,first,on,1000
10,sideways_ramp,0,0,1,1,off,0.0,1.5448416471481323,2.6710128784179688,0.8643556579729537,1.1347495804991763,8.880545463938855,0,roll,8.700000000000001,18.842618392585223,2.1658182060442783,0.34008651971817017,0.06262547668369337,-87.75985765030397,-12.823776875872499,87.75985765030397,17.871374680711412,,,,,,,off,5.0,legged_eval-seed1-no-roughness,,n/a,settle,0.0,auto,hold,8.0,0.8,2.0,1.0,0,WALK,first,on,1000
10,sideways_ramp,1,0,1,1,off,0.0,1.4238525390625014,2.6139373779296875,0.7460362450235974,1.154662384516398,9.047002657820306,0,roll,7.28,30.82430733303704,4.2341081501424505,0.3398948311805725,0.05822150261847547,-88.65840399123333,-5.869890038583286,88.65840399123333,13.606476429746431,,,,,,,off,5.0,legged_eval-seed1-no-roughness,,n/a,settle,0.0,auto,hold,8.0,0.8,2.0,1.0,0,WALK,first,on,1000
10,sideways_ramp,2,0,1,1,off,0.0,2.7106735229492216,2.6055908203125,1.8147022190338193,1.224036305997378,7.912535150199419,0,roll,4.76,-33.67894779990911,-7.075409201661578,0.32275980710983276,0.3593851938968953,-91.45664743592684,13.32142027555339,91.45664743592684,15.257517751592554,,,,,,,off,5.0,legged_eval-seed1-no-roughness,,n/a,settle,0.0,auto,hold,8.0,0.8,2.0,1.0,0,WALK,first,on,1000
10,sideways_ramp,3,0,1,1,off,0.0,2.1345718383789176,2.3424148559570312,1.1851165301448594,0.9811772467030506,8.622230009784806,0,below,5.0,-22.48937769228587,-4.4978755384571745,0.324022501707077,0.22691436767578352,-63.82521191008661,64.10597063409422,67.42457433848948,64.10597063409422,,,,,,,off,5.0,legged_eval-seed1-no-roughness,,n/a,settle,0.0,auto,hold,8.0,0.8,2.0,1.0,0,WALK,first,on,1000
10,sideways_ramp,4,0,1,1,off,0.0,1.3432220458984432,2.537994384765625,0.6381530622272813,1.232145997132262,9.172568912728845,0,roll,7.42,44.976230629757055,6.061486607783969,0.3306560516357422,0.04625634041757994,-89.49036998404519,9.95951675172505,89.49036998404519,21.532407802597614,,,,,,,off,5.0,legged_eval-seed1-no-roughness,,n/a,settle,0.0,auto,hold,8.0,0.8,2.0,1.0,0,WALK,first,on,1000
10,sideways_ramp,5,0,1,1,off,0.0,1.427154541015625,2.5754623413085938,0.7166714087883217,1.1555494113032785,9.290684571788631,0,roll,10.72,31.47570261515503,2.936166288727148,0.3306041955947876,0.03984650569175606,-87.93846068072752,-0.7385915523214936,87.93846068072752,22.819765991419803,,,,,,,off,5.0,legged_eval-seed1-no-roughness,,n/a,settle,0.0,auto,hold,8.0,0.8,2.0,1.0,0,WALK,first,on,1000
10,sideways_ramp,6,0,1,1,off,0.0,2.1525665283203352,2.7045059204101562,1.350828706423339,1.2273800551083258,8.676084038263978,0,roll,5.68,-47.2087737609356,-8.311403831150635,0.33212703466415405,0.20291664230991818,-89.7188458218674,61.49189441055251,89.7188458218674,61.49189441055251,,,,,,,off,5.0,legged_eval-seed1-no-roughness,,n/a,settle,0.0,auto,hold,8.0,0.8,2.0,1.0,0,WALK,first,on,1000
10,sideways_ramp,7,0,1,1,off,0.0,1.5278045654297046,2.5510711669921875,0.7630577241458019,1.0331898044302683,9.388382538801373,0,roll,13.0,16.760787672282703,1.2892913594063617,0.3241596221923828,0.04060035118690035,-87.89201183664032,-4.898895331924799,87.89201183664032,20.861259083825114,,,,,,,off,5.0,legged_eval-seed1-no-roughness,,n/a,settle,0.0,auto,hold,8.0,0.8,2.0,1.0,0,WALK,first,on,1000
10,sideways_ramp,8,0,1,1,off,0.0,3.0695617675781364,2.6815719604492188,2.1789048274515643,1.4052695366310795,7.95967278821994,0,roll,5.04,-14.488612757019325,-2.8747247533768503,0.32216596603393555,0.4106273348369318,-89.96983108361103,16.53933517087457,89.96983108361103,16.53933517087457,,,,,,,off,5.0,legged_eval-seed1-no-roughness,,n/a,settle,0.0,auto,hold,8.0,0.8,2.0,1.0,0,WALK,first,on,1000
10,sideways_ramp,9,0,1,1,off,0.0,2.571478271484409,2.7309341430664062,1.733149929823686,1.2644899936821041,8.46015621898081,0,roll,5.0200000000000005,-27.154533511439666,-5.4092696237927615,0.3311869204044342,0.31304348037538027,-91.02073392023424,19.828416508220972,91.02073392023424,19.828416508220972,,,,,,,off,5.0,legged_eval-seed1-no-roughness,,n/a,settle,0.0,auto,hold,8.0,0.8,2.0,1.0,0,WALK,first,on,1000
11,stepping_stones_cylinder,0,0,2,1,off,0.0,2.1431000232696533,2.6308914184570256,1.305642234718914,0.918299846577468,4.501331068079939,0,roll,7.28,17.520095261789294,2.4066064920040238,0.32278311252593994,0.1570192339656117,-89.39800578084494,-1.9049706248881864,89.39800578084494,21.950951593478408,,,,,,,off,5.0,legged_eval-seed1-no-roughness,,n/a,settle,0.0,auto,hold,8.0,0.8,2.0,1.0,0,WALK,first,on,1000
11,stepping_stones_cylinder,1,0,1,1,off,0.0,2.126035308837892,2.620683288574213,1.2857695211292524,0.4944536126176568,4.2693237704464995,0,roll,4.82,-35.94447685444081,-7.45736034324498,0.3226277530193329,0.23361728399126389,-88.17810721154751,16.122142068163015,88.17810721154751,16.329714382518418,,,,,,,off,5.0,legged_eval-seed1-no-roughness,,n/a,settle,0.0,auto,hold,8.0,0.8,2.0,1.0,0,WALK,first,on,1000
11,stepping_stones_cylinder,2,0,2,1,off,0.0,2.141833496093753,2.568093872070307,1.2753487288916379,0.8576214358896096,4.097736694922029,0,roll,7.54,5.54694464532804,0.7356690511045145,0.3219362199306488,0.15143680319545794,-88.9632135203943,1.9486640791104652,88.9632135203943,21.68842742351754,,,,,,,off,5.0,legged_eval-seed1-no-roughness,,n/a,settle,0.0,auto,hold,8.0,0.8,2.0,1.0,0,WALK,first,on,1000
11,stepping_stones_cylinder,3,0,1,1,off,0.0,2.0790222167968864,2.586557006835932,1.2281441554677506,0.4852138036666819,3.7669251101341876,0,roll,4.96,-26.429272682524868,-5.328482395670337,0.3223329484462738,0.2175448017735658,-87.77049187482052,14.21792437662069,87.77049187482052,15.271216341932996,,,,,,,off,5.0,legged_eval-seed1-no-roughness,,n/a,settle,0.0,auto,hold,8.0,0.8,2.0,1.0,0,WALK,first,on,1000
11,stepping_stones_cylinder,4,0,1,1,off,0.0,2.1307739257812557,2.5985427856445256,1.2794151544646724,0.48694918562633854,4.063549150918071,0,roll,4.76,-33.34804023672905,-7.005890806035515,0.3218052387237549,0.23755754743303692,-88.2543814086332,14.19372714844096,88.2543814086332,16.03822763629634,,,,,,,off,5.0,legged_eval-seed1-no-roughness,,n/a,settle,0.0,auto,hold,8.0,0.8,2.0,1.0,0,WALK,first,on,1000
11,stepping_stones_cylinder,5,0,1,1,off,0.0,2.043853759765625,2.562913513183588,1.1859604947474096,0.5036136984878,4.293210039304622,0,roll,4.96,-27.202164377019812,-5.484307334076576,0.3237004280090332,0.21045438704952116,-89.67167254345709,15.844046862507646,89.67167254345709,15.94878762864703,,,,,,,off,5.0,legged_eval-seed1-no-roughness,,n/a,settle,0.0,auto,hold,8.0,0.8,2.0,1.0,0,WALK,first,on,1000
11,stepping_stones_cylinder,6,0,1,1,off,0.0,2.0300384521484602,2.5547805786132756,1.1699404699859206,0.49023145796084117,4.008537910738312,0,roll,4.94,-26.827075254010083,-5.430582035224713,0.3231143057346344,0.20850980812721864,-86.41249087156753,4.124202361300073,86.41249087156753,12.554556843710357,,,,,,,off,5.0,legged_eval-seed1-no-roughness,,n/a,settle,0.0,auto,hold,8.0,0.8,2.0,1.0,0,WALK,first,on,1000
11,stepping_stones_cylinder,7,0,1,1,off,0.0,2.0483428955078296,2.551950073242182,1.1847665212664436,0.49122293367296194,3.841516057950012,0,roll,4.9,-37.15647096652492,-7.582953258474473,0.3220016360282898,0.2139475296954754,-86.7556967240693,6.135811258350883,86.7556967240693,14.705837793324227,,,,,,,off,5.0,legged_eval-seed1-no-roughness,,n/a,settle,0.0,auto,hold,8.0,0.8,2.0,1.0,0,WALK,first,on,1000
11,stepping_stones_cylinder,8,0,1,1,off,0.0,2.0598876953125114,2.5524307250976506,1.195216144764947,0.4987005746220246,3.5829561587928813,0,roll,5.0200000000000005,-24.520597648728966,-4.884581204926088,0.3219521641731262,0.2111330070343648,-86.76638727326173,2.929960060687893,86.76638727326173,14.857740426996854,,,,,,,off,5.0,legged_eval-seed1-no-roughness,,n/a,settle,0.0,auto,hold,8.0,0.8,2.0,1.0,0,WALK,first,on,1000
11,stepping_stones_cylinder,9,0,1,1,off,0.0,1.997564697265659,2.553628540039057,1.1408943358508288,0.537804062699609,3.941510605386324,0,roll,4.92,-25.675092812395206,-5.218514799267319,0.32816630601882935,0.20275705228976812,-85.98664450484797,3.9475051121981566,85.98664450484797,11.48838856040573,,,,,,,off,5.0,legged_eval-seed1-no-roughness,,n/a,settle,0.0,auto,hold,8.0,0.8,2.0,1.0,0,WALK,first,on,1000
12,stepping_stones_randomly_arranged,0,0,2,1,off,0.0,2.5409677028656006,1.2522613525390511,1.7128031253420852,0.9619752037957434,3.930806959802673,0,roll,7.24,7.029490613457625,0.9709241178808874,0.3232322931289673,0.21284084293723765,89.83929615492612,11.338364120025936,89.83929615492612,19.597808006777015,,,,,,,off,5.0,legged_eval-seed1-no-roughness,,n/a,settle,0.0,auto,hold,8.0,0.8,2.0,1.0,0,WALK,first,on,1000
12,stepping_stones_randomly_arranged,1,0,2,1,off,0.0,2.521230316162111,2.917575073242176,1.7765375565537758,0.8524822665528963,3.6945279082708984,0,roll,7.16,6.855078704223985,0.9574132268469252,0.3218785226345062,0.21246233465951267,-90.05537367917111,-6.886235245064905,90.05537367917111,22.384950192974774,,,,,,,off,5.0,legged_eval-seed1-no-roughness,,n/a,settle,0.0,auto,hold,8.0,0.8,2.0,1.0,0,WALK,first,on,1000
12,stepping_stones_randomly_arranged,2,0,2,1,off,0.0,2.6507293701171903,2.866915893554676,1.8645242341855466,0.6321148421110812,3.556544818313108,0,roll,8.56,7.513576267923526,0.8777542369069539,0.3221319019794464,0.1928422161351858,-88.00367617601549,0.2838288864957038,88.00367617601549,14.315614876455575,,,,,,,off,5.0,legged_eval-seed1-no-roughness,,n/a,settle,0.0,auto,hold,8.0,0.8,2.0,1.0,0,WALK,first,on,1000
12,stepping_stones_randomly_arranged,3,0,2,1,off,0.0,2.4428604125976676,2.83178253173827,1.665445390982976,0.7840026748628554,3.7505375803810024,0,roll,7.74,-0.40724413069031584,-0.052615520761022716,0.32795554399490356,0.18641607397902682,-91.25856696409113,-2.6580970077452757,91.25856696409113,16.456070809467988,,,,,,,off,5.0,legged_eval-seed1-no-roughness,,n/a,settle,0.0,auto,hold,8.0,0.8,2.0,1.0,0,WALK,first,on,1000
12,stepping_stones_randomly_arranged,4,0,2,1,off,0.0,2.472219848632818,3.533511352539051,2.1258147499428515,1.2970396224385417,4.12353706853313,0,roll,7.68,-23.82625578685463,-3.10237705558003,0.3218073546886444,0.19169529279073155,-87.69043921718166,-2.587372796916738,87.69043921718166,23.587018242336505,,,,,,,off,5.0,legged_eval-seed1-no-roughness,,n/a,settle,0.0,auto,hold,8.0,0.8,2.0,1.0,0,WALK,first,on,1000
12,stepping_stones_randomly_arranged,5,0,2,1,off,0.0,2.6678314208984375,1.3926269531249886,1.7749827229036164,0.703420348278178,3.3378934374410054,0,roll,7.16,17.693491587778965,2.471158042985889,0.32333993911743164,0.23293734928749127,88.91497206264901,-1.568194003903045,88.91497206264901,16.136703229191166,,,,,,,off,5.0,legged_eval-seed1-no-roughness,,n/a,settle,0.0,auto,hold,8.0,0.8,2.0,1.0,0,WALK,first,on,1000
12,stepping_stones_randomly_arranged,6,0,2,1,off,0.0,2.0257354736328352,2.4485580444335824,1.1195256053770528,0.6797430433094989,3.949817260599495,0,roll,5.32,-43.68276060857542,-8.21104522717583,0.3230220675468445,0.19280741985579608,-86.31982656949599,0.9251086505030589,86.31982656949599,22.63701024201665,,,,,,,off,5.0,legged_eval-seed1-no-roughness,,n/a,settle,0.0,auto,hold,8.0,0.8,2.0,1.0,0,WALK,first,on,1000
12,stepping_stones_randomly_arranged,7,0,2,1,off,0.0,2.039538574218767,2.4489013671874886,1.1323218997933333,0.6654662864025884,3.936142908989195,0,roll,5.38,-44.23074301265606,-8.221327697519715,0.3218158781528473,0.1932227833120385,-87.16754901158492,-0.049480588103962275,87.16754901158492,22.93828450029516,,,,,,,off,5.0,legged_eval-seed1-no-roughness,,n/a,settle,0.0,auto,hold,8.0,0.8,2.0,1.0,0,WALK,first,on,1000
12,stepping_stones_randomly_arranged,8,0,2,1,off,0.0,2.0162475585937614,2.4420272827148324,1.108218037667696,0.6554909024908149,3.90882605711651,0,roll,5.36,-37.644624759670506,-7.023250887998229,0.32276108860969543,0.18959842511077638,-86.39086982050618,0.7088970778206093,86.39086982050618,24.578156279975037,,,,,,,off,5.0,legged_eval-seed1-no-roughness,,n/a,settle,0.0,auto,hold,8.0,0.8,2.0,1.0,0,WALK,first,on,1000
12,stepping_stones_randomly_arranged,9,0,2,1,off,0.0,1.995611572265659,2.4637634277343636,1.0983255071850166,0.6618459303858619,3.634101326998096,0,roll,5.08,-32.859847794262464,-6.468473975248516,0.3227599263191223,0.19598652997355495,-86.33110436656827,2.4133065088028616,86.33110436656827,14.912769730830394,,,,,,,off,5.0,legged_eval-seed1-no-roughness,,n/a,settle,0.0,auto,hold,8.0,0.8,2.0,1.0,0,WALK,first,on,1000
13,staircase_walking_full_width,0,0,0,1,off,0.0,1.6900078058242798,2.680432128906247,0.9690710263682042,0.7477185583478353,14.076447292634958,0,roll,5.8,5.9436936861762035,1.0247747734786559,0.3365400731563568,0.11896686307315169,-90.13424676077469,-10.327106513465429,90.13424676077469,13.742355925431282,,,,,,,off,5.0,legged_eval-seed1-no-roughness,,n/a,settle,0.0,auto,hold,8.0,0.8,2.0,1.0,0,WALK,first,on,1000
13,staircase_walking_full_width,1,0,1,1,off,0.0,1.8359390258789077,1.3971221923828097,1.0306578995499365,2.2120852779604894,13.92711579769756,0,roll,9.18,-16.187083215261225,-1.7632988251918547,0.3539118468761444,0.0910608960652405,87.14928169051542,-4.872122585819025,87.14928169051542,21.297956305097003,,,,,,,off,5.0,legged_eval-seed1-no-roughness,,n/a,settle,0.0,auto,hold,8.0,0.8,2.0,1.0,0,WALK,first,on,1000
13,staircase_walking_full_width,2,0,0,1,off,0.0,1.4883148193359403,2.605595397949216,0.7779441810312365,0.7928224959778075,11.527603457993244,0,roll,7.26,27.883173238402293,3.8406574708543104,0.3322063386440277,0.06726099439888986,-89.20407503109635,-0.20137500290333882,89.20407503109635,21.275032821413,,,,,,,off,5.0,legged_eval-seed1-no-roughness,,n/a,settle,0.0,auto,hold,8.0,0.8,2.0,1.0,0,WALK,first,on,1000
13,staircase_walking_full_width,3,0,0,1,off,0.0,1.4376266479492301,2.541577148437497,0.6962922451851451,0.7807493802792994,11.575050036173643,0,roll,6.92,31.142179926074675,4.500315018218884,0.33160367608070374,0.06324084507936852,-87.37321398699605,4.619110092118628,87.37321398699605,15.551103576986327,,,,,,,off,5.0,legged_eval-seed1-no-roughness,,n/a,settle,0.0,auto,hold,8.0,0.8,2.0,1.0,0,WALK,first,on,1000
13,staircase_walking_full_width,4,0,0,1,off,0.0,1.4678405761718807,2.552227783203122,0.7237612377395406,0.7669088452420603,11.545373813832498,0,roll,6.0600000000000005,29.390743987648705,4.849957753737409,0.33098337054252625,0.07720141520988129,-87.77849096939707,1.6616397853520144,87.77849096939707,14.347472043040995,,,,,,,off,5.0,legged_eval-seed1-no-roughness,,n/a,settle,0.0,auto,hold,8.0,0.8,2.0,1.0,0,WALK,first,on,1000
13,staircase_walking_full_width,5,0,0,1,off,0.0,1.57501220703125,2.6308563232421847,0.8535916698337659,0.7606538797292083,11.442391610588215,0,roll,5.98,14.045142832999545,2.34868609247484,0.3316548764705658,0.09615588746341973,-89.05102121061131,4.148439615402757,89.05102121061131,13.024543312257842,,,,,,,off,5.0,legged_eval-seed1-no-roughness,,n/a,settle,0.0,auto,hold,8.0,0.8,2.0,1.0,0,WALK,first,on,1000
13,staircase_walking_full_width,6,0,0,1,off,0.0,1.3504272460937727,2.486912536621091,0.5999025530231146,0.8118057532046107,11.659743958032402,0,roll,6.9,46.583119797270115,6.75117678221306,0.3300340473651886,0.0507865574048946,-87.73485968032601,6.379964456536333,87.73485968032601,16.87041343542845,,,,,,,off,5.0,legged_eval-seed1-no-roughness,,n/a,settle,0.0,auto,hold,8.0,0.8,2.0,1.0,0,WALK,first,on,1000
13,staircase_walking_full_width,7,0,0,1,off,0.0,1.3372222900390796,2.486645507812497,0.5920664854332529,0.8222518732694534,11.672926272457763,0,roll,6.92,45.69182389201981,6.60286472428032,0.3304818570613861,0.0487315448033352,-89.68852846987879,5.965278495737467,89.68852846987879,16.574449264008862,,,,,,,off,5.0,legged_eval-seed1-no-roughness,,n/a,settle,0.0,auto,hold,8.0,0.8,2.0,1.0,0,WALK,first,on,1000
13,staircase_walking_full_width,8,0,0,1,off,0.0,1.4604003906250114,2.574017333984372,0.7358426594063362,0.7878220853417138,8.808323177134197,0,roll,9.200000000000001,22.30478610664798,2.424433272461737,0.3307265639305115,0.050043520720109924,-87.17242174231708,-1.8521969004864165,87.17242174231708,22.896542550087354,,,,,,,off,5.0,legged_eval-seed1-no-roughness,,n/a,settle,0.0,auto,hold,8.0,0.8,2.0,1.0,0,WALK,first,on,1000
13,staircase_walking_full_width,9,0,0,1,off,0.0,1.540594482421909,2.5868499755859347,0.7978942838936898,0.7452827137579441,8.729154447222532,0,roll,7.5,18.96659434449134,2.528879245932179,0.32527613639831543,0.07207926432292121,-90.90982901580544,0.012631819420844447,90.90982901580544,18.148158243555482,,,,,,,off,5.0,legged_eval-seed1-no-roughness,,n/a,settle,0.0,auto,hold,8.0,0.8,2.0,1.0,0,WALK,first,on,1000
14,staircase_walking,0,0,1,1,off,0.0,1.703477144241333,2.6884597778320227,0.9843053175526684,0.8790131384451126,3.8584404440123814,0,roll,5.88,3.184408699110861,0.5415661052909628,0.3329620659351349,0.11963897010907024,-92.35421586550534,-4.524614618989737,92.35421586550534,15.113989035909203,,,,,,,off,5.0,legged_eval-seed1-no-roughness,,n/a,settle,0.0,auto,hold,8.0,0.8,2.0,1.0,0,WALK,first,on,1000
14,staircase_walking,1,0,1,1,off,0.0,1.5313850402832045,2.5774063110351477,0.7847089327005273,0.9218489617892887,4.01039932506866,0,roll,6.72,13.626226701474025,2.027712306766968,0.3318593502044678,0.0790751548040483,-89.80873679877143,0.023010032450930484,89.80873679877143,16.210257322247333,,,,,,,off,5.0,legged_eval-seed1-no-roughness,,n/a,settle,0.0,auto,hold,8.0,0.8,2.0,1.0,0,WALK,first,on,1000
14,staircase_walking,2,0,1,1,off,0.0,1.5001556396484403,2.5608581542968665,0.7514769012507492,0.9363911757339063,4.038974718449902,0,roll,6.26,22.660517844242406,3.6198910294316944,0.3388030529022217,0.07989706703649208,-90.02039506370264,0.09422540367603142,90.02039506370264,12.376982592640466,,,,,,,off,5.0,legged_eval-seed1-no-roughness,,n/a,settle,0.0,auto,hold,8.0,0.8,2.0,1.0,0,WALK,first,on,1000
14,staircase_walking,3,0,1,1,off,0.0,1.4819610595703239,2.6093505859374915,0.7769135083936393,0.9804039731655028,4.063981430000831,0,roll,6.5,26.54929718441889,4.084507259141367,0.33182650804519653,0.07414785531851137,-86.50309358783493,-3.686866534225609,86.50309358783493,15.322760112061223,,,,,,,off,5.0,legged_eval-seed1-no-roughness,,n/a,settle,0.0,auto,hold,8.0,0.8,2.0,1.0,0,WALK,first,on,1000
14,staircase_walking,4,0,1,1,off,0.0,1.4651245117187557,2.5112670898437415,0.6911836576185083,0.9158628690191231,3.7697067459049474,0,roll,6.16,32.57306222711847,5.287834777129621,0.3329976797103882,0.07550722592836943,-89.98802290863814,0.6748193906482791,89.98802290863814,11.902638036805374,,,,,,,off,5.0,legged_eval-seed1-no-roughness,,n/a,settle,0.0,auto,hold,8.0,0.8,2.0,1.0,0,WALK,first,on,1000
14,staircase_walking,5,0,1,1,off,0.0,1.350067138671875,2.4710754394531165,0.5869063564435646,0.9936898819489695,3.8786460403586744,0,roll,6.9,48.79200440791911,7.071304986654943,0.32970350980758667,0.050734367923460144,-90.44555633113042,7.251007958700985,90.44555633113042,17.41968233104588,,,,,,,off,5.0,legged_eval-seed1-no-roughness,,n/a,settle,0.0,auto,hold,8.0,0.8,2.0,1.0,0,WALK,first,on,1000
14,staircase_walking,6,0,1,1,off,0.0,1.4386688232422102,2.5368331909179602,0.6932677775260182,0.9521063986826476,3.79944760407631,0,roll,6.92,32.021970980016675,4.627452453759635,0.32721784710884094,0.0633914484454061,-92.09700645008932,0.27359442588224075,92.09700645008932,16.813391439374726,,,,,,,off,5.0,legged_eval-seed1-no-roughness,,n/a,settle,0.0,auto,hold,8.0,0.8,2.0,1.0,0,WALK,first,on,1000
14,staircase_walking,7,0,1,1,off,0.0,1.2891571044922046,2.450796508789054,0.5355644904348265,1.0387585943850495,3.936738452790626,0,roll,7.6000000000000005,55.07208699316226,7.246327235942402,0.3263261616230011,0.038046987433184805,-86.61547060594171,3.922638495577861,86.61547060594171,17.89630153671708,,,,,,,off,5.0,legged_eval-seed1-no-roughness,,n/a,settle,0.0,auto,hold,8.0,0.8,2.0,1.0,0,WALK,first,on,1000
14,staircase_walking,8,0,1,1,off,0.0,1.4607055664062614,2.5384277343749915,0.7086282834193823,0.9349066297586058,3.7778601464650885,0,roll,6.9,30.131209926730946,4.366842018366803,0.3312295973300934,0.0667689226675741,-86.86449299287537,3.7741006333274103,86.86449299287537,16.79263020717385,,,,,,,off,5.0,legged_eval-seed1-no-roughness,,n/a,settle,0.0,auto,hold,8.0,0.8,2.0,1.0,0,WALK,first,on,1000
14,staircase_walking,9,0,1,1,off,0.0,1.677740478515659,1.2159713745117102,1.0363556541089993,0.9561348594420933,3.6084640807789783,0,roll,8.84,-6.977751346775392,-0.7893383876442751,0.3223717212677002,0.07666747494521031,87.61985371196526,-2.0291091649138098,87.61985371196526,8.594238909132205,,,,,,,off,5.0,legged_eval-seed1-no-roughness,,n/a,settle,0.0,auto,hold,8.0,0.8,2.0,1.0,0,WALK,first,on,1000
15,staircase_climbing,0,0,1,1,off,0.0,1.6495847702026367,1.8839340209960938,0.6598724764387037,1.0816604032515247,9.551120477359062,1,timeout,20.0,-22.17158726458584,-1.108579363229292,0.3215438425540924,0.03247923851013183,5.073547818768482,-5.5073490055875585,8.916576887142732,6.744344941510394,,,,,,,off,5.0,legged_eval-seed1-no-roughness,,n/a,settle,0.0,auto,hold,8.0,0.8,2.0,1.0,0,WALK,first,on,1000
15,staircase_climbing,1,0,1,1,off,0.0,1.7071357727050795,1.5207138061523438,0.8542577226178193,1.1250612609185606,9.50495589119006,1,timeout,20.0,-75.87074456127729,-3.7935372280638644,0.3272971212863922,0.035356788635253975,8.79117051246757,-3.5047395075684293,9.698998030888415,8.64761182182626,,,,,,,off,5.0,legged_eval-seed1-no-roughness,,n/a,settle,0.0,auto,hold,8.0,0.8,2.0,1.0,0,WALK,first,on,1000
15,staircase_climbing,2,0,1,1,off,0.0,1.6671249389648466,1.8435287475585938,0.6852291128005527,1.0693843544772383,9.534159122971811,1,timeout,20.0,-31.628038281492195,-1.5814019140746098,0.3230047821998596,0.03335624694824233,7.661109375211395,-4.746087327146025,8.829653500866591,7.264860651860861,,,,,,,off,5.0,legged_eval-seed1-no-roughness,,n/a,settle,0.0,auto,hold,8.0,0.8,2.0,1.0,0,WALK,first,on,1000
15,staircase_climbing,3,0,1,1,off,0.0,1.6310012817382926,1.9134674072265625,0.6369069847061356,1.0974156392043717,9.569389968002472,1,timeout,20.0,-8.939589376079027,-0.44697946880395134,0.32181087136268616,0.03155006408691463,6.823965646309113,-4.627898265243305,9.137564124659294,5.7798484611517305,,,,,,,off,5.0,legged_eval-seed1-no-roughness,,n/a,settle,0.0,auto,hold,8.0,0.8,2.0,1.0,0,WALK,first,on,1000
15,staircase_climbing,4,0,1,1,off,0.0,1.8479827880859432,1.2843704223632812,1.1095947464180416,1.1319385506210151,9.379357740502549,1,timeout,20.0,-55.85329916797335,-2.7926649583986674,0.32461482286453247,0.04239913940429716,-7.098540227498328,8.873644262046533,9.756524692276157,10.709257167824758,,,,,,,off,5.0,legged_eval-seed1-no-roughness,,n/a,settle,0.0,auto,hold,8.0,0.8,2.0,1.0,0,WALK,first,on,1000
15,staircase_climbing,5,0,1,1,off,0.0,1.6785430908203125,1.6066513061523438,0.7843111124111656,1.0945763620061209,9.229842399673439,1,timeout,20.0,-62.3386086850245,-3.1169304342512247,0.32280388474464417,0.03392715454101562,9.653167791633301,-5.66343097149325,9.920270904452188,7.584882489556029,,,,,,,off,5.0,legged_eval-seed1-no-roughness,,n/a,settle,0.0,auto,hold,8.0,0.8,2.0,1.0,0,WALK,first,on,1000
15,staircase_climbing,6,0,1,1,off,0.0,1.7060028076172102,1.7363128662109375,0.7536384205235788,1.0283780058863263,9.197777735848405,1,timeout,20.0,-48.07186580020462,-2.403593290010231,0.3229621946811676,0.03530014038086051,5.523381556648287,-1.618486000065776,8.984883833660266,7.004122277598969,,,,,,,off,5.0,legged_eval-seed1-no-roughness,,n/a,settle,0.0,auto,hold,8.0,0.8,2.0,1.0,0,WALK,first,on,1000
15,staircase_climbing,7,0,1,1,off,0.0,1.707934570312517,1.6654815673828125,0.7829903815528183,1.0469462252387405,9.198150327398247,1,timeout,20.0,-60.91393857262676,-3.045696928631338,0.3234727382659912,0.03539672851562585,4.369951733313801,-2.1892452490158387,8.9274650488203,6.7536080503123195,,,,,,,off,5.0,legged_eval-seed1-no-roughness,,n/a,settle,0.0,auto,hold,8.0,0.8,2.0,1.0,0,WALK,first,on,1000
15,staircase_climbing,8,0,1,1,off,0.0,2.0305297851562614,1.294525146484375,1.2488740557146276,0.972566263812291,8.897482602452378,1,timeout,20.0,-31.825963169651573,-1.5912981584825787,0.3252657353878021,0.05152648925781307,-30.953306841463345,40.467438663700534,39.61652594409328,42.80238639912076,,,,,,,off,5.0,legged_eval-seed1-no-roughness,,n/a,settle,0.0,auto,hold,8.0,0.8,2.0,1.0,0,WALK,first,on,1000
15,staircase_climbing,9,0,1,1,off,0.0,1.830511474609409,1.3227157592773438,1.0716637775856568,1.1021452892051709,9.0947422203668,1,timeout,20.0,-69.145857777224,-3.4572928888611996,0.3232303857803345,0.04152557373047046,-1.876830789176765,-1.6901823567214036,13.763879293007115,9.261753495855178,,,,,,,off,5.0,legged_eval-seed1-no-roughness,,n/a,settle,0.0,auto,hold,8.0,0.8,2.0,1.0,0,WALK,first,on,1000
16,staircase_spiral,0,0,0,1,off,0.0,3.938760757446289,2.8561950683593693,3.060945080296148,1.2366479039619136,1.3173957605042583,1,timeout,20.0,61.066574466707834,3.0533287233353916,0.33265241980552673,0.14693803787231446,-3.0412939367961505,-2.8577264725135234,13.75474462407227,8.68837984576551,,,,,,,off,5.0,legged_eval-seed1-no-roughness,,n/a,settle,0.0,auto,hold,8.0,0.8,2.0,1.0,0,WALK,first,on,1000
16,staircase_spiral,1,0,0,1,off,0.0,3.838559722900392,2.3912902832031193,2.8654021334188906,0.7613913688735122,1.297097922377445,1,timeout,20.0,39.60044510743782,1.9800222553718911,0.32258254289627075,0.1419279861450196,-3.01162084036833,-3.3854623754964885,9.01092489871036,7.48454935347919,,,,,,,off,5.0,legged_eval-seed1-no-roughness,,n/a,settle,0.0,auto,hold,8.0,0.8,2.0,1.0,0,WALK,first,on,1000
16,staircase_spiral,2,0,0,1,off,0.0,3.837153625488284,2.202859497070307,2.844396714625604,0.5846618910896437,1.3199814874835896,1,timeout,20.0,17.767534800045496,0.8883767400022748,0.32323363423347473,0.1418576812744142,1.0628157484492342,-1.841352082510539,8.900140334280811,5.023080792047627,,,,,,,off,5.0,legged_eval-seed1-no-roughness,,n/a,settle,0.0,auto,hold,8.0,0.8,2.0,1.0,0,WALK,first,on,1000
16,staircase_spiral,3,0,0,1,off,0.0,4.037411499023449,2.541421508789057,3.085288619331957,0.9682489578067586,1.2091738426246061,1,timeout,20.0,47.46504732790601,2.3732523663953002,0.32324743270874023,0.15187057495117245,-5.550694559549789,-4.582950871935574,8.920438268489136,6.210450624208382,,,,,,,off,5.0,legged_eval-seed1-no-roughness,,n/a,settle,0.0,auto,hold,8.0,0.8,2.0,1.0,0,WALK,first,on,1000
16,staircase_spiral,4,0,0,1,off,0.0,3.9768127441406307,2.2617431640624943,2.988297775927211,0.6890459249942301,1.2542923322134378,1,timeout,20.0,14.504994721819202,0.7252497360909601,0.323525607585907,0.14884063720703153,-1.1971649590028421,-3.485506582744037,9.046664797898352,5.516730846987065,,,,,,,off,5.0,legged_eval-seed1-no-roughness,,n/a,settle,0.0,auto,hold,8.0,0.8,2.0,1.0,0,WALK,first,on,1000
16,staircase_spiral,5,0,0,1,off,0.0,4.1817169189453125,2.4470458984374943,3.2129694345904753,0.9485312988350516,1.1174002125588767,1,timeout,20.0,40.699491545676835,2.0349745772838417,0.32334768772125244,0.15908584594726563,-2.415145410672283,-3.0779622052141113,8.872594672639954,6.304486346262853,,,,,,,off,5.0,legged_eval-seed1-no-roughness,,n/a,settle,0.0,auto,hold,8.0,0.8,2.0,1.0,0,WALK,first,on,1000
16,staircase_spiral,6,0,0,1,off,0.0,4.231134033203148,2.442971801757807,3.26135725698308,0.9641458617582339,1.1049997240306473,1,timeout,20.0,21.048210260590963,1.0524105130295482,0.324662983417511,0.1615567016601574,-3.3338244407154707,-4.586273059736601,9.019233605834064,6.724785497874386,,,,,,,off,5.0,legged_eval-seed1-no-roughness,,n/a,settle,0.0,auto,hold,8.0,0.8,2.0,1.0,0,WALK,first,on,1000
16,staircase_spiral,7,0,0,1,off,0.0,4.279986572265642,2.324441528320307,3.2959936619389505,0.8969408184311622,1.068858905688588,1,timeout,20.0,20.267702299606214,1.0133851149803106,0.32336679100990295,0.1639993286132821,-0.498919423504615,-3.19714172891477,8.969862929880087,4.768393231078894,,,,,,,off,5.0,legged_eval-seed1-no-roughness,,n/a,settle,0.0,auto,hold,8.0,0.8,2.0,1.0,0,WALK,first,on,1000
16,staircase_spiral,8,0,0,1,off,0.0,4.519207763671886,2.7276550292968693,3.5936478855822127,1.342374759828033,1.0322057174823933,1,timeout,20.0,35.707635199621365,1.7853817599810682,0.3238939642906189,0.17596038818359433,-3.9812492425351187,-4.500679497759847,9.010891130188835,5.4092224759232534,,,,,,,off,5.0,legged_eval-seed1-no-roughness,,n/a,settle,0.0,auto,hold,8.0,0.8,2.0,1.0,0,WALK,first,on,1000
16,staircase_spiral,9,0,0,1,off,0.0,4.380773925781284,2.0867858886718693,3.3818876574651564,0.8048106348628887,1.0262908608517127,1,timeout,20.0,21.97871960282197,1.0989359801410985,0.3230908513069153,0.1690386962890642,-1.4972725989054119,-3.7638160258075897,9.036704809319536,4.771300585055621,,,,,,,off,5.0,legged_eval-seed1-no-roughness,,n/a,settle,0.0,auto,hold,8.0,0.8,2.0,1.0,0,WALK,first,on,1000
17,squeeze,0,0,2,1,off,0.0,2.9132962226867676,2.051181030273426,1.9139806513147677,0.48522491897963993,5.786930110536249,1,timeout,20.0,2.5014259897376974,0.12507129948688486,0.3239181637763977,0.09566481113433838,4.631809826667628,-3.350014853393456,9.0182807624296,7.540330582444996,,,,,,,off,5.0,legged_eval-seed1-no-roughness,,n/a,settle,0.0,auto,hold,8.0,0.8,2.0,1.0,0,WALK,first,on,1000
17,squeeze,1,0,2,1,off,0.0,2.868356323242189,2.0437194824218636,1.8688677705344234,0.608111069826716,6.281795816077964,1,timeout,20.0,12.215873190452868,0.6107936595226434,0.32454898953437805,0.09341781616210945,5.691296519583115,-4.473091615867832,9.026237158282036,7.280100112233278,,,,,,,off,5.0,legged_eval-seed1-no-roughness,,n/a,settle,0.0,auto,hold,8.0,0.8,2.0,1.0,0,WALK,first,on,1000
17,squeeze,2,0,2,1,off,0.0,3.034541320800784,1.8815032958984261,2.0379891694826875,0.5832416007102885,6.466544471455787,1,timeout,20.0,-8.029912522302112,-0.4014956261151056,0.3230140805244446,0.1017270660400392,9.2413938048456,-4.770740324339424,9.847795299567585,8.552412782652445,,,,,,,off,5.0,legged_eval-seed1-no-roughness,,n/a,settle,0.0,auto,hold,8.0,0.8,2.0,1.0,0,WALK,first,on,1000
17,squeeze,3,0,2,1,off,0.0,2.8889358520507926,1.9513885498046761,1.8895612523157186,0.5533649181944507,6.111257488720327,1,timeout,20.0,-5.661308908289982,-0.2830654454144991,0.3231217563152313,0.09444679260253963,5.226690367932415,-3.0844964950069462,8.998608912332507,7.869151743042194,,,,,,,off,5.0,legged_eval-seed1-no-roughness,,n/a,settle,0.0,auto,hold,8.0,0.8,2.0,1.0,0,WALK,first,on,1000
17,squeeze,4,0,3,1,off,0.0,4.167349243164068,1.9683105468749886,3.1675077663063997,0.6488384187903129,5.182747638923909,1,timeout,20.0,8.091032203220152,0.4045516101610076,0.32537683844566345,0.1583674621582034,-0.20798580015532547,-0.8587440450956276,10.413469311890562,8.424983526913918,,,,,,,off,5.0,legged_eval-seed1-no-roughness,,n/a,settle,0.0,auto,hold,8.0,0.8,2.0,1.0,0,WALK,first,on,1000
17,squeeze,5,0,2,1,off,0.0,2.8902435302734375,1.9639465332031136,1.8905873310187662,0.6495860550126362,6.659854059101673,1,timeout,20.0,-18.136407368844317,-0.9068203684422158,0.328817218542099,0.09451217651367187,-6.4669001605971,-4.466577300418774,9.282678487115437,7.552073407857752,,,,,,,off,5.0,legged_eval-seed1-no-roughness,,n/a,settle,0.0,auto,hold,8.0,0.8,2.0,1.0,0,WALK,first,on,1000
17,squeeze,6,0,2,1,off,0.0,3.1405273437500227,1.9633209228515511,2.1408415784550687,0.681196730642676,7.059567942802265,1,timeout,20.0,-16.401173521030557,-0.8200586760515278,0.32600390911102295,0.10702636718750114,-2.492244909186735,-3.7906229442425303,10.90761612127315,7.761288356679164,,,,,,,off,5.0,legged_eval-seed1-no-roughness,,n/a,settle,0.0,auto,hold,8.0,0.8,2.0,1.0,0,WALK,first,on,1000
17,squeeze,7,0,2,1,off,0.0,3.302050781250017,1.9423400878906136,2.302772777526753,0.2982245016846425,6.4982050379253,1,timeout,20.0,-5.405291224312464,-0.2702645612156232,0.3283664584159851,0.11510253906250086,1.6237115646465774,-2.0170748099395808,10.628687682553233,8.450623935433292,,,,,,,off,5.0,legged_eval-seed1-no-roughness,,n/a,settle,0.0,auto,hold,8.0,0.8,2.0,1.0,0,WALK,first,on,1000
17,squeeze,8,0,1,1,off,0.0,1.7317932128906364,1.9730255126953011,0.7322901947985864,0.7599587495814288,8.718248517091316,1,timeout,20.0,1.380930267706475,0.06904651338532375,0.32281574606895447,0.03658966064453182,-0.038318683699950534,-7.818874908151589,8.992101408035738,11.443565304553097,,,,,,,off,5.0,legged_eval-seed1-no-roughness,,n/a,settle,0.0,auto,hold,8.0,0.8,2.0,1.0,0,WALK,first,on,1000
17,squeeze,9,0,2,1,off,0.0,3.161016845703159,1.9046203613281136,2.1631206815353625,0.7650082446271093,7.339602919404155,1,timeout,20.0,8.127866349885466,0.40639331749427327,0.32477566599845886,0.10805084228515796,2.944025882995676,-3.8343344982648038,15.364430234893483,9.549521490081212,,,,,,,off,5.0,legged_eval-seed1-no-roughness,,n/a,settle,0.0,auto,hold,8.0,0.8,2.0,1.0,0,WALK,first,on,1000
18,agility_poles,0,0,1,1,off,0.0,4.710179805755615,2.532391357421858,3.748182859532638,0.7996821059653841,13.600244610643957,1,timeout,20.0,17.606832073018438,0.880341603650922,0.3235320746898651,0.18550899028778076,0.5345118715384252,-1.3878579070165855,8.883329654052387,5.596978351538706,,,,,,,off,5.0,legged_eval-seed1-no-roughness,,n/a,settle,0.0,auto,hold,8.0,0.8,2.0,1.0,0,WALK,first,on,1000
18,agility_poles,1,0,1,1,off,0.0,4.241937255859376,2.2094085693359204,3.2486934481173106,0.7940600333962448,13.009748202959603,1,timeout,20.0,-24.707697171400298,-1.235384858570015,0.3267553746700287,0.1620968627929688,4.488326958038006,-1.0119887961193659,8.935828003281431,6.303570775653118,,,,,,,off,5.0,legged_eval-seed1-no-roughness,,n/a,settle,0.0,auto,hold,8.0,0.8,2.0,1.0,0,WALK,first,on,1000
18,agility_poles,2,0,1,1,off,0.0,4.71597595214844,3.066052246093733,3.8658691995910828,0.9801443202722024,11.881943972117122,1,timeout,20.0,36.51053067097553,1.8255265335487763,0.33172011375427246,0.18579879760742202,-0.2692846255530653,-2.304955696931047,9.753442193066002,7.405709107621672,,,,,,,off,5.0,legged_eval-seed1-no-roughness,,n/a,settle,0.0,auto,hold,8.0,0.8,2.0,1.0,0,WALK,first,on,1000
18,agility_poles,3,0,1,1,off,0.0,4.348408508300793,2.6572540283202954,3.412304557949714,0.786791523889113,11.170943364617036,1,timeout,20.0,22.378182843674693,1.1189091421837347,0.3235633671283722,0.16742042541503963,-0.5914825992356159,-2.4401276770892215,8.928132168514466,7.1907390146231185,,,,,,,off,5.0,legged_eval-seed1-no-roughness,,n/a,settle,0.0,auto,hold,8.0,0.8,2.0,1.0,0,WALK,first,on,1000
18,agility_poles,4,0,1,1,off,0.0,3.9591125488281307,2.2833221435546704,2.972645036606377,0.7293203174716373,10.844589073173974,1,timeout,20.0,-14.04966061304404,-0.702483030652202,0.3235349655151367,0.14795562744140653,2.6442023371497947,-1.263433294504557,9.035188636733709,7.601646842982883,,,,,,,off,5.0,legged_eval-seed1-no-roughness,,n/a,settle,0.0,auto,hold,8.0,0.8,2.0,1.0,0,WALK,first,on,1000
18,agility_poles,5,0,1,1,off,0.0,4.3504180908203125,3.284039306640608,3.588043801891794,1.090516609754127,9.486880256879822,1,timeout,20.0,43.61873427922157,2.1809367139610787,0.3312585651874542,0.16752090454101562,0.5053192625334554,-1.8439733121497512,9.83456582884478,7.772012933637078,,,,,,,off,5.0,legged_eval-seed1-no-roughness,,n/a,settle,0.0,auto,hold,8.0,0.8,2.0,1.0,0,WALK,first,on,1000
18,agility_poles,6,0,1,1,off,0.0,2.8557983398437727,2.165020751953108,1.8631208567191964,0.7903110268272888,10.195537226478425,1,timeout,20.0,8.195579100013845,0.4097789550006922,0.3236573040485382,0.09278991699218864,-1.8074698191495395,-4.75919635521444,8.84756095629616,6.75144340789416,,,,,,,off,5.0,legged_eval-seed1-no-roughness,,n/a,settle,0.0,auto,hold,8.0,0.8,2.0,1.0,0,WALK,first,on,1000
18,agility_poles,7,0,1,1,off,0.0,3.650592041015642,2.448010253906233,2.688187373584772,0.6817238088803291,8.361418925825689,1,timeout,20.0,3.0275809200781794,0.15137904600390897,0.3257462680339813,0.1325296020507821,-1.4033474187363952,-2.0698373050780097,8.88741639147506,6.235696988540609,,,,,,,off,5.0,legged_eval-seed1-no-roughness,,n/a,settle,0.0,auto,hold,8.0,0.8,2.0,1.0,0,WALK,first,on,1000
18,agility_poles,8,0,1,1,off,0.0,3.5260131835937614,2.0826080322265454,2.527363584978986,0.9303656816100055,7.774425709249946,1,timeout,20.0,-38.75071331178199,-1.9375356655890996,0.3231620490550995,0.12630065917968808,1.88252176568759,-0.6721677714519325,9.068649763400995,6.8170367212567955,,,,,,,off,5.0,legged_eval-seed1-no-roughness,,n/a,settle,0.0,auto,hold,8.0,0.8,2.0,1.0,0,WALK,first,on,1000
18,agility_poles,9,0,1,1,off,0.0,2.607397460937534,1.6495635986327954,1.645154177830038,1.2247054934501589,7.650632604006498,1,timeout,20.0,-41.6071406672512,-2.08035703336256,0.3224256932735443,0.0803698730468767,0.11089454137352693,-2.128168388706927,11.835386235293345,9.54367543604577,,,,,,,off,5.0,legged_eval-seed1-no-roughness,,n/a,settle,0.0,auto,hold,8.0,0.8,2.0,1.0,0,WALK,first,on,1000
19,balance_beam,0,0,2,1,off,0.0,3.5720267295837402,2.9573730468750057,2.7444279273786663,1.0041692852649178,6.4988770965504985,0,roll,11.92,-11.878633087562037,-0.9965296214397682,0.3231419026851654,0.21577405449528023,-90.58962960640588,31.03074214735853,90.58962960640588,33.71157604586646,,,,,,,off,5.0,legged_eval-seed1-no-roughness,,n/a,settle,0.0,auto,hold,8.0,0.8,2.0,1.0,0,WALK,first,on,1000
19,balance_beam,1,0,2,1,off,0.0,2.990953063964845,2.851828002929693,2.16552650629961,1.3397253496515165,7.656579276763298,0,roll,9.84,-2.778359728766276,-0.2823536309721825,0.32253003120422363,0.2023326284517119,-89.67425314702987,34.76878634665754,89.67425314702987,34.76878634665754,,,,,,,off,5.0,legged_eval-seed1-no-roughness,,n/a,settle,0.0,auto,hold,8.0,0.8,2.0,1.0,0,WALK,first,on,1000
19,balance_beam,2,0,2,1,off,0.0,3.9310638427734403,2.761831665039068,3.028452201417418,0.7803376904101672,7.010453526652606,0,roll,12.64,-24.922242237785497,-1.9716963795716373,0.32309460639953613,0.23188796224473418,-92.11533873664533,10.614578841680434,92.11533873664533,25.459110475455905,,,,,,,off,5.0,legged_eval-seed1-no-roughness,,n/a,settle,0.0,auto,hold,8.0,0.8,2.0,1.0,0,WALK,first,on,1000
19,balance_beam,3,0,3,1,off,0.0,4.017758178710949,2.7797912597656307,3.1168796630578623,1.899667375155366,7.5227665842463685,0,roll,15.02,4.12251435327056,0.27446833244144875,0.32340601086616516,0.20091599059327223,-87.11788546894569,35.10778973648276,87.11788546894569,35.10778973648276,,,,,,,off,5.0,legged_eval-seed1-no-roughness,,n/a,settle,0.0,auto,hold,8.0,0.8,2.0,1.0,0,WALK,first,on,1000
19,balance_beam,4,0,2,1,off,0.0,3.4280151367187557,2.8183959960937557,2.5622313538315953,1.2706402247962092,8.710516257685374,0,roll,12.06,1.6324751327169054,0.13536278049062234,0.32381799817085266,0.20132795495180394,-86.38358912926952,35.83463708565587,86.38358912926952,35.83463708565587,,,,,,,off,5.0,legged_eval-seed1-no-roughness,,n/a,settle,0.0,auto,hold,8.0,0.8,2.0,1.0,0,WALK,first,on,1000
19,balance_beam,5,0,2,1,off,0.0,3.1324005126953125,2.808584594726568,2.280557167310734,1.5672850506975184,9.302806528350427,0,roll,10.540000000000001,-3.7851461640849777,-0.3591220269530339,0.32311487197875977,0.20231503915515298,-86.70652800642479,34.88402827785079,86.70652800642479,34.953700416893504,,,,,,,off,5.0,legged_eval-seed1-no-roughness,,n/a,settle,0.0,auto,hold,8.0,0.8,2.0,1.0,0,WALK,first,on,1000
19,balance_beam,6,0,1,1,off,0.0,2.6446472167968977,2.823782348632818,1.839424319083768,0.8553828164327464,10.388067607717579,0,roll,8.34,-5.173205636427355,-0.6202884456147907,0.3233475089073181,0.19719990609075513,-90.3159567304263,34.83101015193288,90.3159567304263,34.96919120163721,,,,,,,off,5.0,legged_eval-seed1-no-roughness,,n/a,settle,0.0,auto,hold,8.0,0.8,2.0,1.0,0,WALK,first,on,1000
19,balance_beam,7,0,2,1,off,0.0,2.9782745361328296,2.8634704589843807,2.158506746306404,1.9934401485992543,10.656764662096224,0,roll,9.76,-4.732215403246613,-0.48485813557854646,0.322980672121048,0.2026920631283637,-89.59932108381548,30.257662535498966,89.59932108381548,33.12374573960422,,,,,,,off,5.0,legged_eval-seed1-no-roughness,,n/a,settle,0.0,auto,hold,8.0,0.8,2.0,1.0,0,WALK,first,on,1000
19,balance_beam,8,0,1,1,off,0.0,2.3308532714843864,2.766531372070318,1.5358192519267033,0.9853491847053903,11.594512769853289,0,roll,6.86,-5.40765793649706,-0.7882883289354314,0.324328750371933,0.1940019346187152,-87.9289192347608,36.652968795526874,87.9289192347608,36.652968795526874,,,,,,,off,5.0,legged_eval-seed1-no-roughness,,n/a,settle,0.0,auto,hold,8.0,0.8,2.0,1.0,0,WALK,first,on,1000
19,balance_beam,9,0,1,1,off,0.0,2.326391601562534,2.3102172851562557,1.362185539750493,0.7416084131502322,12.177560355116986,1,timeout,20.0,29.47745188950759,1.4738725944753797,0.3227868676185608,0.0663195800781267,-46.15212257170404,32.470288919643544,72.96788693720391,33.34843631677915,,,,,,,off,5.0,legged_eval-seed1-no-roughness,,n/a,settle,0.0,auto,hold,8.0,0.8,2.0,1.0,0,WALK,first,on,1000
