task,task_name,level,episode,goals,settle_ok,heading,heading_cap_rad,final_x_m,final_y_m,travelled_m,dist_to_next_goal_m,dist_to_last_goal_m,alive_at_end,switches,refused_ticks,steps_alive,frac_WALK,frac_TROT,frac_TURN,yaw_moment,yaw_moment_gain,partial,skill,start_phase,foot_comp,steps
0,jump_on_and_off_box,0,0,1,1,heading-only,0.0,1.4021673202514648,2.6582694053649902,0.771399483742258,1.3951495824010072,17.210426127515444,0,1,0,356,0.8848314606741573,0.0,0.1151685393258427,hold,5.0,0,PLANNER,first,on,1000
0,jump_on_and_off_box,1,0,1,1,heading-only,0.0,1.3420616149902358,1.4983689785003662,0.6071571709042843,1.3137539319403835,16.915378036361393,0,3,0,547,0.6398537477148081,0.0,0.360146252285192,hold,5.0,0,PLANNER,first,on,1000
0,jump_on_and_off_box,2,0,1,1,heading-only,0.0,1.6097213745117216,1.413404107093811,0.8460820859177153,1.163255105232915,16.35080427074349,0,3,0,349,0.7449856733524355,0.0,0.25501432664756446,hold,5.0,0,PLANNER,first,on,1000
0,jump_on_and_off_box,3,0,1,1,heading-only,0.0,1.6538131713867301,1.842262625694275,0.6725717376842697,0.8668680435805475,15.796974374977896,1,3,0,1000,0.945,0.0,0.055,hold,5.0,0,PLANNER,first,on,1000
0,jump_on_and_off_box,4,0,1,1,heading-only,0.0,1.6461547851562557,2.017019748687744,0.6463788967979391,0.9771238648177836,15.703854437800167,1,4,0,1000,0.97,0.0,0.03,hold,5.0,0,PLANNER,first,on,1000
0,jump_on_and_off_box,5,0,1,1,heading-only,0.0,1.6451568603515625,2.033559799194336,0.6460291282756914,0.891804344953972,15.404879694995863,1,2,0,1000,0.985,0.0,0.015,hold,5.0,0,PLANNER,first,on,1000
0,jump_on_and_off_box,6,0,1,1,heading-only,0.0,1.6450286865234602,2.0153441429138184,0.6452111663323411,0.8393163548905402,15.254979030392473,1,0,0,1000,1.0,0.0,0.0,hold,5.0,0,PLANNER,first,on,1000
0,jump_on_and_off_box,7,0,1,1,heading-only,0.0,1.6373016357422046,2.020568609237671,0.6376334704245548,0.8278298327472833,14.912712549064393,1,4,0,1000,0.97,0.0,0.03,hold,5.0,0,PLANNER,first,on,1000
0,jump_on_and_off_box,8,0,1,1,heading-only,0.0,1.6339538574218864,2.087315082550049,0.6399386040713682,0.9615821772767209,14.916301701533142,1,4,0,1000,0.97,0.0,0.03,hold,5.0,0,PLANNER,first,on,1000
0,jump_on_and_off_box,9,0,1,1,heading-only,0.0,1.632635498046909,2.0671021938323975,0.6361842325979019,0.9010709313666635,14.417520656707746,1,6,0,1000,0.955,0.0,0.045,hold,5.0,0,PLANNER,first,on,1000
1,forward_ramp_lips,0,0,1,1,heading-only,0.0,1.4941096305847168,2.6169839859008786,0.7904514949664532,1.139195858229898,12.770802964394983,0,7,0,385,0.8441558441558441,0.0,0.15584415584415584,hold,5.0,0,PLANNER,first,on,1000
1,forward_ramp_lips,1,0,1,1,heading-only,0.0,1.657132720947267,1.995682334899902,0.6571469053198647,0.8466160991958837,12.542868022193476,1,0,0,1000,1.0,0.0,0.0,hold,5.0,0,PLANNER,first,on,1000
1,forward_ramp_lips,2,0,1,1,heading-only,0.0,1.6664535522460966,1.9141593933105465,0.671959036741269,0.9250235279903755,12.583839231829716,1,1,0,1000,0.99,0.0,0.01,hold,5.0,0,PLANNER,first,on,1000
1,forward_ramp_lips,3,0,1,1,heading-only,0.0,1.6556213378906364,1.9957281112670895,0.6556352551006195,0.9496663845355033,12.84437937249923,1,0,0,1000,1.0,0.0,0.0,hold,5.0,0,PLANNER,first,on,1000
1,forward_ramp_lips,4,0,1,1,heading-only,0.0,1.4278625488281307,1.5180545806884762,0.6444670262201667,1.1789452596874164,12.781227110838072,0,13,0,828,0.7789855072463768,0.0,0.2210144927536232,hold,5.0,0,PLANNER,first,on,1000
1,forward_ramp_lips,5,0,1,1,heading-only,0.0,1.6597137451171875,2.0096984863281246,0.659785030243641,0.911498018118617,11.190290457662666,1,0,0,1000,1.0,0.0,0.0,hold,5.0,0,PLANNER,first,on,1000
1,forward_ramp_lips,6,0,1,1,heading-only,0.0,1.6540618896484602,2.065485572814941,0.657331967682552,0.9464435153796021,12.946103734996841,1,2,0,1000,0.985,0.0,0.015,hold,5.0,0,PLANNER,first,on,1000
1,forward_ramp_lips,7,0,1,1,heading-only,0.0,1.5402557373047046,1.4692035675048825,0.7573777884518359,1.235752843822374,13.070526579283333,0,5,0,774,0.8850129198966409,0.0,0.11498708010335917,hold,5.0,0,PLANNER,first,on,1000
1,forward_ramp_lips,8,0,1,1,heading-only,0.0,1.6502807617187614,1.9888969421386715,0.6503755430175742,0.6936183142355979,12.099724332526216,1,0,0,1000,1.0,0.0,0.0,hold,5.0,0,PLANNER,first,on,1000
1,forward_ramp_lips,9,0,1,1,heading-only,0.0,1.648321533203159,2.059504127502441,0.6510465049477815,0.9345120331925105,12.901815686243522,1,6,0,1000,0.955,0.0,0.045,hold,5.0,0,PLANNER,first,on,1000
2,sphere_bump_lips,0,0,1,1,heading-only,0.0,2.616910934448242,1.99129409790039,1.6169343717880622,0.547602322125279,13.733091825044667,0,3,42,566,0.7685512367491166,0.0,0.2314487632508834,hold,5.0,0,PLANNER,first,on,1000
2,sphere_bump_lips,1,0,1,1,heading-only,0.0,2.04994354248047,1.5064670562744134,1.160153528175854,1.1602557177281696,14.05872189162403,0,3,19,796,0.5653266331658291,0.0,0.43467336683417085,hold,5.0,0,PLANNER,first,on,1000
2,sphere_bump_lips,2,0,1,1,heading-only,0.0,1.7621948242187528,1.4611064910888665,0.9334597816791088,1.3038162132161897,13.948219217232756,0,1,64,420,0.8928571428571429,0.0,0.10714285714285714,hold,5.0,0,PLANNER,first,on,1000
2,sphere_bump_lips,3,0,1,1,heading-only,0.0,4.506367492675793,2.002553176879882,3.506368422229145,1.799133683013547,10.943632805155488,1,3,109,1000,0.905,0.0,0.095,hold,5.0,0,PLANNER,first,on,1000
2,sphere_bump_lips,4,0,1,1,heading-only,0.0,4.444860839843756,2.020009231567382,3.4449189504597846,2.04911766407238,10.305158585850762,1,0,108,1000,1.0,0.0,0.0,hold,5.0,0,PLANNER,first,on,1000
2,sphere_bump_lips,5,0,1,1,heading-only,0.0,4.3390045166015625,2.1830417633056634,3.3440178601496258,1.922996311708476,10.212635950091316,1,0,107,1000,1.0,0.0,0.0,hold,5.0,0,PLANNER,first,on,1000
2,sphere_bump_lips,6,0,1,1,heading-only,0.0,2.6584259033203352,1.3859817504882805,1.7684441997239568,1.2176542008187667,11.408110220841873,0,1,82,535,0.8691588785046729,0.0,0.1308411214953271,hold,5.0,0,PLANNER,first,on,1000
2,sphere_bump_lips,7,0,1,1,heading-only,0.0,2.3822357177734546,1.422648620605468,1.4979686895183977,1.1090436656183185,11.532225660132674,0,1,103,654,0.8715596330275229,0.0,0.12844036697247707,hold,5.0,0,PLANNER,first,on,1000
2,sphere_bump_lips,8,0,1,1,heading-only,0.0,3.9161193847656364,2.4100200653076165,2.9448036810899256,1.3476863869164872,9.592647397930348,1,1,73,1000,0.69,0.0,0.31,hold,5.0,0,PLANNER,first,on,1000
2,sphere_bump_lips,9,0,1,1,heading-only,0.0,4.080938720703159,2.178622436523437,3.086112340074092,1.473667079499969,9.070820164818086,1,2,97,1000,0.985,0.0,0.015,hold,5.0,0,PLANNER,first,on,1000
3,forward_ramp_no_lips,0,0,1,1,heading-only,0.0,1.6376063823699951,1.4626644134521456,0.833829377876361,1.035139881890917,9.377800583506229,0,1,0,330,0.9393939393939394,0.0,0.06060606060606061,hold,5.0,0,PLANNER,first,on,1000
3,forward_ramp_no_lips,1,0,1,1,heading-only,0.0,1.839536285400392,1.523806381225583,0.9651847165518956,0.8119701526020918,9.122900276644353,0,2,0,365,0.958904109589041,0.0,0.0410958904109589,hold,5.0,0,PLANNER,first,on,1000
3,forward_ramp_no_lips,2,0,1,1,heading-only,0.0,1.7799407958984403,2.685873794555661,1.0386195199228994,0.9736903323819442,8.9463891636087,0,3,0,579,0.6217616580310881,0.0,0.37823834196891193,hold,5.0,0,PLANNER,first,on,1000
3,forward_ramp_no_lips,3,0,1,1,heading-only,0.0,1.8241928100586051,1.4246337890624972,1.0051567364550062,0.9098596435331965,8.944332298651368,0,2,0,355,0.9436619718309859,0.0,0.056338028169014086,hold,5.0,0,PLANNER,first,on,1000
3,forward_ramp_no_lips,4,0,1,1,heading-only,0.0,1.6389068603515682,2.715233612060544,0.959041759270925,1.0879121875246704,9.488089508268969,0,5,0,369,0.8672086720867209,0.0,0.13279132791327913,hold,5.0,0,PLANNER,first,on,1000
3,forward_ramp_no_lips,5,0,1,1,heading-only,0.0,1.5483245849609375,1.432854461669919,0.7888687546862923,1.0626757194584846,9.66832417634602,0,1,0,322,0.9161490683229814,0.0,0.08385093167701864,hold,5.0,0,PLANNER,first,on,1000
3,forward_ramp_no_lips,6,0,1,1,heading-only,0.0,1.7530303955078352,2.673971939086911,1.0105903973595127,0.8866664596963696,8.92246077704655,0,2,0,298,0.9328859060402684,0.0,0.06711409395973154,hold,5.0,0,PLANNER,first,on,1000
3,forward_ramp_no_lips,7,0,1,1,heading-only,0.0,1.5563079833984546,2.578533935546872,0.8026083023319704,1.0410456441424683,9.211876812610003,0,1,0,277,0.9386281588447654,0.0,0.061371841155234655,hold,5.0,0,PLANNER,first,on,1000
3,forward_ramp_no_lips,8,0,1,1,heading-only,0.0,1.5454833984375114,2.638226318359372,0.8395742798689675,1.0174314197085905,9.625698519231504,0,1,0,276,0.8876811594202898,0.0,0.11231884057971014,hold,5.0,0,PLANNER,first,on,1000
3,forward_ramp_no_lips,9,0,1,1,heading-only,0.0,1.696142578125034,2.715121078491208,0.9980043316444062,1.0234108395348052,9.480865905076518,0,2,0,307,0.9511400651465798,0.0,0.048859934853420196,hold,5.0,0,PLANNER,first,on,1000
4,flush_a_frame,0,0,1,1,heading-only,0.0,1.4928373098373413,1.469076538085936,0.7244089565835876,1.5330104124211448,13.61751652097274,0,3,0,366,0.8879781420765027,0.0,0.11202185792349727,hold,5.0,0,PLANNER,first,on,1000
4,flush_a_frame,1,0,1,1,heading-only,0.0,1.2468696594238295,1.7505744934082017,0.3509383308825253,1.573993670135518,12.855550265748189,0,5,0,385,0.7532467532467533,0.0,0.24675324675324675,hold,5.0,0,PLANNER,first,on,1000
4,flush_a_frame,2,0,1,1,heading-only,0.0,1.4570800781250028,2.560396575927733,0.7231642414626749,1.3343410446494899,12.855140467610813,0,3,0,303,0.9240924092409241,0.0,0.07590759075907591,hold,5.0,0,PLANNER,first,on,1000
4,flush_a_frame,3,0,1,1,heading-only,0.0,1.5199630737304801,2.539400482177733,0.7492092352719764,1.430179281973564,13.191069943639967,0,3,0,279,0.9139784946236559,0.0,0.08602150537634409,hold,5.0,0,PLANNER,first,on,1000
4,flush_a_frame,4,0,1,1,heading-only,0.0,1.5698303222656307,2.5847419738769517,0.8164739874526721,1.3391689919705418,13.642706792269731,0,2,0,302,0.9503311258278145,0.0,0.04966887417218543,hold,5.0,0,PLANNER,first,on,1000
4,flush_a_frame,5,0,1,1,heading-only,0.0,1.4138641357421875,2.5668586730957017,0.7018634326686691,1.2024581351297747,12.698794112894026,0,3,0,297,0.8922558922558923,0.0,0.10774410774410774,hold,5.0,0,PLANNER,first,on,1000
4,flush_a_frame,6,0,1,1,heading-only,0.0,1.5441223144531477,2.676096343994139,0.867856762057018,1.3797465350412026,11.974978809923607,0,2,0,316,0.9367088607594937,0.0,0.06329113924050633,hold,5.0,0,PLANNER,first,on,1000
4,flush_a_frame,7,0,1,1,heading-only,0.0,1.433367919921892,2.5292839050292955,0.6840681297506029,1.152425615230513,12.178139333416606,0,3,0,287,0.9233449477351916,0.0,0.07665505226480836,hold,5.0,0,PLANNER,first,on,1000
4,flush_a_frame,8,0,1,1,heading-only,0.0,1.6636169433593864,2.6849922180175767,0.9537304578644296,1.0418624808791,13.25409562214136,0,2,0,305,0.9508196721311475,0.0,0.04918032786885246,hold,5.0,0,PLANNER,first,on,1000
4,flush_a_frame,9,0,1,1,heading-only,0.0,1.530004882812534,2.7267707824707017,0.8995003869138712,1.3445638741310824,12.59098776968552,0,2,0,274,0.9452554744525548,0.0,0.05474452554744526,hold,5.0,0,PLANNER,first,on,1000
5,sphere_bump,0,0,1,1,heading-only,0.0,1.937786340713501,2.724201202392578,1.1848673353484238,1.3998993271314542,13.931050078267063,0,3,16,253,0.6324110671936759,0.3675889328063241,0.0,hold,5.0,0,PLANNER,first,on,1000
5,sphere_bump,1,0,0,1,heading-only,0.0,0.8557907104492202,1.9340858459472656,0.15855912114169987,0.647572609402226,14.894355140006741,1,1,0,1000,0.87,0.0,0.13,hold,5.0,0,PLANNER,first,on,1000
5,sphere_bump,2,0,1,1,heading-only,0.0,1.8457672119140653,2.6720314025878906,1.0802538510984994,1.2411655843162341,13.570882531349543,0,1,0,292,0.9075342465753424,0.0,0.09246575342465753,hold,5.0,0,PLANNER,first,on,1000
5,sphere_bump,3,0,1,1,heading-only,0.0,2.40759735107423,1.4336700439453125,1.517254072947604,1.308153838371008,12.505233047089233,0,1,69,405,0.9876543209876543,0.0,0.012345679012345678,hold,5.0,0,PLANNER,first,on,1000
5,sphere_bump,4,0,1,1,heading-only,0.0,2.184408569335943,2.722667694091797,1.3874697312735766,1.3483921808361234,12.436605612837555,0,1,17,361,0.9279778393351801,0.0,0.07202216066481995,hold,5.0,0,PLANNER,first,on,1000
5,sphere_bump,5,0,1,1,heading-only,0.0,2.39349365234375,1.938568115234375,1.3948471011505816,0.6787374272562867,11.90666482619061,0,2,23,439,0.8861047835990888,0.0,0.11389521640091116,hold,5.0,0,PLANNER,first,on,1000
5,sphere_bump,6,0,1,1,heading-only,0.0,1.8072906494140852,2.6549415588378906,1.03955117147951,1.0373588285517044,12.310144256810123,0,3,0,324,0.8796296296296297,0.0,0.12037037037037036,hold,5.0,0,PLANNER,first,on,1000
5,sphere_bump,7,0,1,1,heading-only,0.0,2.1599151611328296,2.642566680908203,1.3260072097990956,1.3096439291919058,11.557960461416439,0,0,22,382,1.0,0.0,0.0,hold,5.0,0,PLANNER,first,on,1000
5,sphere_bump,8,0,1,1,heading-only,0.0,1.9427612304687614,2.653545379638672,1.1471356942062385,1.2497964790446048,11.525782648577476,0,1,5,361,0.9279778393351801,0.0,0.07202216066481995,hold,5.0,0,PLANNER,first,on,1000
5,sphere_bump,9,0,1,1,heading-only,0.0,1.864141845703159,1.3407020568847656,1.0869291178780893,1.4611074086745666,11.404930499023825,0,1,47,308,0.9415584415584416,0.0,0.05844155844155844,hold,5.0,0,PLANNER,first,on,1000
6,box_jump_even,0,0,2,1,heading-only,0.0,2.964656114578247,2.5917869567871037,2.0518492758419256,0.928462018969775,8.007242270011938,0,0,37,398,1.0,0.0,0.0,hold,5.0,0,PLANNER,first,on,1000
6,box_jump_even,1,0,2,1,heading-only,0.0,3.3103691101074233,1.4024291992187443,2.3863981828028864,0.8851909021357199,7.962087008422022,0,0,47,458,1.0,0.0,0.0,hold,5.0,0,PLANNER,first,on,1000
6,box_jump_even,2,0,2,1,heading-only,0.0,2.9729949951171903,1.5847068786621037,2.0162285652643788,1.0039268764103881,8.487171627193527,0,0,39,414,1.0,0.0,0.0,hold,5.0,0,PLANNER,first,on,1000
6,box_jump_even,3,0,2,1,heading-only,0.0,3.2233398437500114,2.7457481384277287,2.345075765678957,1.0565401552798455,7.5635146191205,0,0,47,435,1.0,0.0,0.0,hold,5.0,0,PLANNER,first,on,1000
6,box_jump_even,4,0,2,1,heading-only,0.0,2.988882446289068,2.7509971618652287,2.125946876637894,1.181871403324513,8.195598603068504,0,0,36,397,1.0,0.0,0.0,hold,5.0,0,PLANNER,first,on,1000
6,box_jump_even,5,0,2,1,heading-only,0.0,2.86822509765625,2.6020523071289006,1.9628377406275683,1.1027661425862483,8.503115456969137,0,0,35,396,1.0,0.0,0.0,hold,5.0,0,PLANNER,first,on,1000
6,box_jump_even,6,0,2,1,heading-only,0.0,3.1779876708984602,2.7318435668945256,2.297656480196855,1.1447732776884516,8.403938686415632,0,0,44,432,1.0,0.0,0.0,hold,5.0,0,PLANNER,first,on,1000
6,box_jump_even,7,0,2,1,heading-only,0.0,3.002276611328142,2.659829711914057,2.108195170518208,1.1891673400222014,9.071751416713536,0,0,36,396,1.0,0.0,0.0,hold,5.0,0,PLANNER,first,on,1000
6,box_jump_even,8,0,2,1,heading-only,0.0,2.6216857910156364,2.7874465942382756,1.802758148937197,1.3684752688401358,8.664172102846234,0,0,32,362,1.0,0.0,0.0,hold,5.0,0,PLANNER,first,on,1000
6,box_jump_even,9,0,2,1,heading-only,0.0,3.176275634765659,0.6730781555175724,2.548901178908143,1.6602426682174207,9.170234208438298,0,0,40,415,1.0,0.0,0.0,hold,5.0,0,PLANNER,first,on,1000
7,box_jump_uneven,0,0,2,1,heading-only,0.0,3.582029104232788,1.0302154541015582,2.7581436439331113,1.1499790476792047,9.268844021811718,0,0,64,521,1.0,0.0,0.0,hold,5.0,0,PLANNER,first,on,1000
7,box_jump_uneven,1,0,1,1,heading-only,0.0,2.2207275390625014,2.777136993408199,1.4471066412497475,0.7903481659981121,9.76026047427426,0,1,9,450,0.9333333333333333,0.0,0.06666666666666667,hold,5.0,0,PLANNER,first,on,1000
7,box_jump_uneven,2,0,1,1,heading-only,0.0,2.2113754272460966,2.90055770874023,1.5094484464555642,1.0209030936553836,10.676672561560311,0,1,0,343,0.7871720116618076,0.0,0.21282798833819241,hold,5.0,0,PLANNER,first,on,1000
7,box_jump_uneven,3,0,1,1,heading-only,0.0,1.5775878906250114,2.6981422424316364,0.9060962211951464,1.046092261172214,11.393821122701832,0,3,0,365,0.9178082191780822,0.0,0.0821917808219178,hold,5.0,0,PLANNER,first,on,1000
7,box_jump_uneven,4,0,1,1,heading-only,0.0,1.4747375488281307,1.489375305175777,0.6972182723019189,1.0509668463276656,10.587582986221653,0,3,0,384,0.859375,0.0,0.140625,hold,5.0,0,PLANNER,first,on,1000
7,box_jump_uneven,5,0,1,1,heading-only,0.0,1.6444549560546875,1.5692550659179645,0.77515378385246,0.953709751723165,10.7142071982102,0,4,16,335,0.9104477611940298,0.0,0.08955223880597014,hold,5.0,0,PLANNER,first,on,1000
7,box_jump_uneven,6,0,1,1,heading-only,0.0,1.8863159179687727,2.61430282592773,1.078389478985966,0.7578724299329849,9.932698527603783,0,6,0,453,0.9006622516556292,0.0,0.09933774834437085,hold,5.0,0,PLANNER,first,on,1000
7,box_jump_uneven,7,0,1,1,heading-only,0.0,1.4581939697265796,1.4459220886230426,0.7189882097570538,1.1573557508296317,11.355332067369144,0,3,0,418,0.8492822966507177,0.0,0.1507177033492823,hold,5.0,0,PLANNER,first,on,1000
7,box_jump_uneven,8,0,1,1,heading-only,0.0,1.2443054199218864,1.8464347839355426,0.28856093600508836,1.3766209307097976,11.656706156528383,0,5,0,818,0.6295843520782396,0.0,0.3704156479217604,hold,5.0,0,PLANNER,first,on,1000
7,box_jump_uneven,9,0,1,1,heading-only,0.0,1.784796142578159,1.5324089050292926,0.9135351211100006,0.9358019713025922,11.22494717117304,0,4,0,375,0.92,0.0,0.08,hold,5.0,0,PLANNER,first,on,1000
8,flat_circle_jump,0,0,1,1,heading-only,0.0,1.9513425827026367,1.4179046630859347,1.1152971312257656,0.7383069033051394,6.823531172276533,0,1,19,259,0.9652509652509652,0.0,0.03474903474903475,hold,5.0,0,PLANNER,first,on,1000
8,flat_circle_jump,1,0,1,1,heading-only,0.0,1.9580589294433608,1.406407165527341,1.1270445268149099,0.7003390084463089,7.365897850001975,0,1,7,271,0.8487084870848709,0.0,0.15129151291512916,hold,5.0,0,PLANNER,first,on,1000
8,flat_circle_jump,2,0,1,1,heading-only,0.0,2.176722717285159,1.1784179687499972,1.4351562240564089,1.024031801443567,7.816574489381109,0,0,4,230,1.0,0.0,0.0,hold,5.0,0,PLANNER,first,on,1000
8,flat_circle_jump,3,0,1,1,heading-only,0.0,1.9353607177734489,1.599674987792966,1.0174280258338786,0.8630952133585852,8.474100441557882,0,0,16,229,1.0,0.0,0.0,hold,5.0,0,PLANNER,first,on,1000
8,flat_circle_jump,4,0,1,1,heading-only,0.0,2.731863403320318,1.050022888183591,1.9752993091517248,1.014013875299401,8.024565865909565,0,0,12,228,1.0,0.0,0.0,hold,5.0,0,PLANNER,first,on,1000
8,flat_circle_jump,5,0,1,1,heading-only,0.0,2.6983184814453125,1.2824295043945284,1.8436900717263178,0.7325722525733561,8.980395839037227,0,0,4,230,1.0,0.0,0.0,hold,5.0,0,PLANNER,first,on,1000
8,flat_circle_jump,6,0,1,1,heading-only,0.0,2.1276641845703352,1.6638381958007784,1.1767035615502976,0.9037378893484396,10.177888813524925,0,0,4,230,1.0,0.0,0.0,hold,5.0,0,PLANNER,first,on,1000
8,flat_circle_jump,7,0,1,1,heading-only,0.0,2.7318450927734546,1.7170913696289034,1.7548004782601199,0.8161538443530424,10.122109267330153,0,0,4,230,1.0,0.0,0.0,hold,5.0,0,PLANNER,first,on,1000
8,flat_circle_jump,8,0,1,1,heading-only,0.0,2.2533081054687614,1.7040374755859347,1.287779104928808,1.2044647162052524,10.900710438324644,0,0,4,231,1.0,0.0,0.0,hold,5.0,0,PLANNER,first,on,1000
8,flat_circle_jump,9,0,1,1,heading-only,0.0,2.820379638671909,0.8179443359374972,2.1704924837081365,1.458001737703308,11.043066551996908,0,0,4,228,1.0,0.0,0.0,hold,5.0,0,PLANNER,first,on,1000
9,bump_jump,0,0,1,1,heading-only,0.0,1.8824400901794434,1.3336853027343665,1.1057467108466101,0.9665598508242287,8.892558351231042,0,1,0,296,0.9797297297297297,0.0,0.02027027027027027,hold,5.0,0,PLANNER,first,on,1000
9,bump_jump,1,0,1,1,heading-only,0.0,2.2859207153320327,1.3835586547851477,1.4260406790166762,0.7838075958498449,8.78573193536182,0,0,0,241,1.0,0.0,0.0,hold,5.0,0,PLANNER,first,on,1000
9,bump_jump,2,0,1,1,heading-only,0.0,2.894580078125003,0.919363403320304,2.1811027317647413,1.2149035186454398,8.127580548467305,0,0,0,228,1.0,0.0,0.0,hold,5.0,0,PLANNER,first,on,1000
9,bump_jump,3,0,1,1,heading-only,0.0,2.186680603027355,2.7859329223632727,1.4233416357487196,0.9869850453187061,9.147146057087548,0,2,0,223,0.9327354260089686,0.06726457399103139,0.0,hold,5.0,0,PLANNER,first,on,1000
9,bump_jump,4,0,1,1,heading-only,0.0,2.230398559570318,1.3519348144531165,1.3906362213428176,0.6344450554092772,9.042853456123188,0,0,0,230,1.0,0.0,0.0,hold,5.0,0,PLANNER,first,on,1000
9,bump_jump,5,0,1,1,heading-only,0.0,2.033782958984375,1.5858215332031165,1.1136655730715155,0.6475413859633433,9.475273551194858,0,0,5,230,1.0,0.0,0.0,hold,5.0,0,PLANNER,first,on,1000
9,bump_jump,6,0,1,1,heading-only,0.0,1.8185211181640852,1.9515060424804602,0.8199563920090454,0.8200356636630062,9.631600963244214,1,4,3,1000,0.195,0.025,0.78,hold,5.0,0,PLANNER,first,on,1000
9,bump_jump,7,0,1,1,heading-only,0.0,2.0500213623047046,1.573873901367179,1.1331938550981717,0.7359061201177349,9.809238744735499,0,0,3,228,1.0,0.0,0.0,hold,5.0,0,PLANNER,first,on,1000
9,bump_jump,8,0,1,1,heading-only,0.0,2.3262145996093864,0.8779357910156165,1.7372027093292353,1.088269623223973,9.589656742646088,0,0,4,229,1.0,0.0,0.0,hold,5.0,0,PLANNER,first,on,1000
9,bump_jump,9,0,1,1,heading-only,0.0,2.080450439453159,2.1590408325195227,1.0920930081833815,0.6261910476224577,9.820837416353235,1,3,4,1000,0.255,0.0,0.745,hold,5.0,0,PLANNER,first,on,1000
10,sideways_ramp,0,0,1,1,heading-only,0.0,3.1973063945770264,2.9794235229492188,2.405706929148966,1.6546826272320918,7.1699042455128135,0,0,4,234,1.0,0.0,0.0,hold,5.0,0,PLANNER,first,on,1000
10,sideways_ramp,1,0,1,1,heading-only,0.0,1.8665824890136733,2.4971694946289062,0.9990709267387853,0.7635933231731064,8.448059447056492,0,5,8,376,0.8111702127659575,0.0,0.18882978723404256,hold,5.0,0,PLANNER,first,on,1000
10,sideways_ramp,2,0,1,1,heading-only,0.0,1.4434387207031278,2.6367874145507812,0.7759742974796879,1.1372711543019427,8.929296278722124,0,3,16,315,0.8412698412698413,0.0,0.15873015873015872,hold,5.0,0,PLANNER,first,on,1000
10,sideways_ramp,3,0,1,1,heading-only,0.0,1.7560852050781364,1.4533843994140625,0.9329809495064584,0.7894241268215066,8.960602684731992,0,3,2,328,0.8841463414634146,0.0,0.11585365853658537,hold,5.0,0,PLANNER,first,on,1000
10,sideways_ramp,4,0,1,1,heading-only,0.0,1.7673553466796932,2.5313949584960938,0.9333888953662226,0.8298766596242084,8.748797817019137,0,4,16,308,0.8863636363636364,0.0,0.11363636363636363,hold,5.0,0,PLANNER,first,on,1000
10,sideways_ramp,5,0,1,1,heading-only,0.0,1.9217987060546875,1.6611251831054688,0.9821145534047432,0.570802512507464,8.734777270723853,0,1,7,258,0.9689922480620154,0.0,0.031007751937984496,hold,5.0,0,PLANNER,first,on,1000
10,sideways_ramp,6,0,1,1,heading-only,0.0,1.7300506591797102,2.1105728149414062,0.7383768092057035,0.7026753624706663,9.320605241230895,1,2,0,1000,0.98,0.0,0.02,hold,5.0,0,PLANNER,first,on,1000
10,sideways_ramp,7,0,1,1,heading-only,0.0,2.8468658447265796,3.3373031616210938,2.280195867573528,1.8614644228692918,8.36077766305398,0,0,46,286,1.0,0.0,0.0,hold,5.0,0,PLANNER,first,on,1000
10,sideways_ramp,8,0,1,1,heading-only,0.0,1.4077880859375114,1.4067840576171875,0.7198585120214301,1.0862878222777457,9.56063352331701,0,1,3,917,0.7251908396946565,0.0,0.2748091603053435,hold,5.0,0,PLANNER,first,on,1000
10,sideways_ramp,9,0,1,1,heading-only,0.0,1.658209228515659,2.006256103515625,0.6582389591435449,0.7169084326506983,9.49179283320417,1,0,0,1000,1.0,0.0,0.0,hold,5.0,0,PLANNER,first,on,1000
11,stepping_stones_cylinder,0,0,1,1,heading-only,0.0,2.1301369667053223,2.6549316406249943,1.3061948619580668,0.5120378654559297,4.369227858594427,0,0,37,238,1.0,0.0,0.0,hold,5.0,0,PLANNER,first,on,1000
11,stepping_stones_cylinder,1,0,1,1,heading-only,0.0,2.028279876708986,2.5092483520507756,1.1474726092204022,0.460434351698733,4.351620239419445,0,0,2,235,1.0,0.0,0.0,hold,5.0,0,PLANNER,first,on,1000
11,stepping_stones_cylinder,2,0,1,1,heading-only,0.0,2.0404159545898466,2.5283752441406193,1.166895778202047,0.44476441165215735,4.143411809717976,0,0,5,234,1.0,0.0,0.0,hold,5.0,0,PLANNER,first,on,1000
11,stepping_stones_cylinder,3,0,1,1,heading-only,0.0,2.185948181152355,1.245378112792963,1.4056768053256372,0.9163306992785527,3.7409530769380956,0,0,4,228,1.0,0.0,0.0,hold,5.0,0,PLANNER,first,on,1000
11,stepping_stones_cylinder,4,0,1,1,heading-only,0.0,1.9892333984375057,2.5179077148437443,1.116606966519055,0.4310115323556121,3.845799070762657,0,0,0,235,1.0,0.0,0.0,hold,5.0,0,PLANNER,first,on,1000
11,stepping_stones_cylinder,5,0,1,1,heading-only,0.0,2.014862060546875,2.6266189575195256,1.1927264228901386,0.5732575898220207,4.281243357264116,0,0,0,249,1.0,0.0,0.0,hold,5.0,0,PLANNER,first,on,1000
11,stepping_stones_cylinder,6,0,1,1,heading-only,0.0,2.0295043945312727,2.5283142089843693,1.1571496021578118,0.4925663119561769,4.005490139353891,0,0,0,236,1.0,0.0,0.0,hold,5.0,0,PLANNER,first,on,1000
11,stepping_stones_cylinder,7,0,1,1,heading-only,0.0,1.994219970703142,2.6180969238281193,1.1706908889159173,0.5741868252651167,3.8556459171765822,0,0,0,239,1.0,0.0,0.0,hold,5.0,0,PLANNER,first,on,1000
11,stepping_stones_cylinder,8,0,1,1,heading-only,0.0,2.6134765625000114,2.8971191406249943,1.8461119603676752,0.8839210655084292,3.2142572521054382,0,0,0,239,1.0,0.0,0.0,hold,5.0,0,PLANNER,first,on,1000
11,stepping_stones_cylinder,9,0,1,1,heading-only,0.0,3.107489013671909,2.9152847290039006,2.297663177642785,1.2342312031239793,2.843828677442661,0,0,0,242,1.0,0.0,0.0,hold,5.0,0,PLANNER,first,on,1000
12,stepping_stones_randomly_arranged,0,0,2,1,heading-only,0.0,2.5028347969055176,2.711795043945301,1.662878411482674,0.6418291852350063,3.9616346127319155,0,0,65,379,1.0,0.0,0.0,hold,5.0,0,PLANNER,first,on,1000
12,stepping_stones_randomly_arranged,1,0,2,1,heading-only,0.0,2.0465637207031264,2.3198348999023324,1.094344545692766,0.6547251240669244,4.066034927729425,0,1,36,365,0.6438356164383562,0.0,0.3561643835616438,hold,5.0,0,PLANNER,first,on,1000
12,stepping_stones_randomly_arranged,2,0,2,1,heading-only,0.0,1.9362289428710966,2.3489562988281136,0.9991472023487564,0.7249388715934587,4.17836809229107,0,1,39,262,0.9541984732824428,0.0,0.04580152671755725,hold,5.0,0,PLANNER,first,on,1000
12,stepping_stones_randomly_arranged,3,0,2,1,heading-only,0.0,3.2158096313476676,2.768405151367176,2.3452630553992657,0.8954873288412016,2.984794894004353,0,1,61,419,0.8591885441527446,0.0,0.14081145584725538,hold,5.0,0,PLANNER,first,on,1000
12,stepping_stones_randomly_arranged,4,0,2,1,heading-only,0.0,1.9520019531250057,2.4121887207031136,1.037404096882548,0.7605852463152246,4.317717771278727,0,1,39,265,0.9433962264150944,0.0,0.05660377358490566,hold,5.0,0,PLANNER,first,on,1000
12,stepping_stones_randomly_arranged,5,0,2,1,heading-only,0.0,1.93408203125,2.3992111206054574,1.0158143333893213,0.7708693869409177,3.9859597155100848,1,1,38,1000,0.245,0.0,0.755,hold,5.0,0,PLANNER,first,on,1000
12,stepping_stones_randomly_arranged,6,0,2,1,heading-only,0.0,2.0567260742187727,2.568301391601551,1.1998485186181125,0.6738243003038487,3.8850638270543447,0,0,35,238,1.0,0.0,0.0,hold,5.0,0,PLANNER,first,on,1000
12,stepping_stones_randomly_arranged,7,0,2,1,heading-only,0.0,1.990008544921892,2.586764526367176,1.1508299302769538,0.707937850448166,4.0526934351369475,0,0,34,236,1.0,0.0,0.0,hold,5.0,0,PLANNER,first,on,1000
12,stepping_stones_randomly_arranged,8,0,2,1,heading-only,0.0,1.9724853515625114,2.4779464721679574,1.0835869089562948,0.6846227336949086,3.956488865641943,0,0,35,239,1.0,0.0,0.0,hold,5.0,0,PLANNER,first,on,1000
12,stepping_stones_randomly_arranged,9,0,2,1,heading-only,0.0,2.057287597656284,2.5920211791992074,1.211753333306006,0.7369558893440841,3.59183800335435,0,0,21,238,1.0,0.0,0.0,hold,5.0,0,PLANNER,first,on,1000
13,staircase_walking_full_width,0,0,0,1,heading-only,0.0,1.7114253044128418,2.7207229614257784,1.0127030911798625,0.7763484669010206,14.057063031469498,0,1,0,285,0.8947368421052632,0.0,0.10526315789473684,hold,5.0,0,PLANNER,first,on,1000
13,staircase_walking_full_width,1,0,0,1,heading-only,0.0,1.6419387817382827,2.777684020996091,1.0084036076949938,0.8561543508828963,14.129479246410071,0,4,0,362,0.8204419889502762,0.0,0.17955801104972377,hold,5.0,0,PLANNER,first,on,1000
13,staircase_walking_full_width,2,0,0,1,heading-only,0.0,1.4508239746093778,2.5609329223632784,0.7196443562438356,0.7850095860910546,11.56279000107018,0,3,16,318,0.9276729559748428,0.0,0.07232704402515723,hold,5.0,0,PLANNER,first,on,1000
13,staircase_walking_full_width,3,0,0,1,heading-only,0.0,1.4747283935546989,2.6126678466796847,0.77506705387479,0.8070143436722478,11.541544415401665,0,3,8,313,0.8466453674121406,0.0,0.15335463258785942,hold,5.0,0,PLANNER,first,on,1000
13,staircase_walking_full_width,4,0,0,1,heading-only,0.0,1.5040954589843807,2.6422622680664034,0.8164637485831653,0.8114321504486451,11.5138317704023,0,2,8,295,0.9152542372881356,0.0,0.0847457627118644,hold,5.0,0,PLANNER,first,on,1000
13,staircase_walking_full_width,5,0,0,1,heading-only,0.0,1.57769775390625,2.6683624267578097,0.8834268664524045,0.7905994691102535,11.44183975305632,0,1,16,288,0.9027777777777778,0.0,0.09722222222222222,hold,5.0,0,PLANNER,first,on,1000
13,staircase_walking_full_width,6,0,0,1,heading-only,0.0,1.7360015869140852,1.462528991699216,0.9113580090743227,0.5988073537255056,11.27681405959883,0,4,8,336,0.8809523809523809,0.0,0.11904761904761904,hold,5.0,0,PLANNER,first,on,1000
13,staircase_walking_full_width,7,0,0,1,heading-only,0.0,1.404406738281267,2.560490417480466,0.6911543373623001,0.8178513565998323,11.609131431735264,0,4,0,320,0.890625,0.0,0.109375,hold,5.0,0,PLANNER,first,on,1000
13,staircase_walking_full_width,8,0,0,1,heading-only,0.0,1.5949523925781364,1.4143951416015597,0.8348062048249919,0.7120369473967159,8.674836144672636,0,3,8,409,0.7579462102689487,0.0,0.24205378973105135,hold,5.0,0,PLANNER,first,on,1000
13,staircase_walking_full_width,9,0,0,1,heading-only,0.0,1.731512451171909,1.468235778808591,0.9043692017969435,0.5957002189147007,8.535069027634078,0,4,0,331,0.8942598187311178,0.0,0.10574018126888217,hold,5.0,0,PLANNER,first,on,1000
14,staircase_walking,0,0,1,1,heading-only,0.0,1.4919219017028809,2.6090225219726477,0.7828764842840171,0.9724149502078322,4.054084172081159,0,2,0,388,0.15463917525773196,0.3865979381443299,0.4587628865979381,hold,5.0,0,PLANNER,first,on,1000
14,staircase_walking,1,0,1,1,heading-only,0.0,1.6323600769042983,2.8458694458007727,1.0561128662229793,1.0473653583831053,3.959057172366046,0,10,0,431,0.7563805104408353,0.0,0.24361948955916474,hold,5.0,0,PLANNER,first,on,1000
14,staircase_walking,2,0,1,1,heading-only,0.0,1.4859802246093778,2.5942749023437415,0.767684465302669,0.96793020241317,4.057772469814275,0,2,0,305,0.9344262295081968,0.0,0.06557377049180328,hold,5.0,0,PLANNER,first,on,1000
14,staircase_walking,3,0,1,1,heading-only,0.0,1.7529190063476676,2.6333450317382727,0.9838764959826577,0.8051182791850796,3.8002291907486456,0,2,8,299,0.9331103678929766,0.0,0.06688963210702341,hold,5.0,0,PLANNER,first,on,1000
14,staircase_walking,4,0,1,1,heading-only,0.0,1.8072418212890682,2.7830642700195227,1.1246461705884656,0.8875311526144185,3.4819531458925534,0,4,8,304,0.868421052631579,0.0,0.13157894736842105,hold,5.0,0,PLANNER,first,on,1000
14,staircase_walking,5,0,1,1,heading-only,0.0,2.0601806640625,2.5817626953124915,1.2093100818686902,0.6046596126384922,3.19326060571075,1,7,24,1000,0.41,0.0,0.59,hold,5.0,0,PLANNER,first,on,1000
14,staircase_walking,6,0,1,1,heading-only,0.0,2.0455261230468977,2.5238174438476477,1.169405656071733,0.5537107430668641,3.1976694880582244,1,3,8,1000,0.425,0.0,0.575,hold,5.0,0,PLANNER,first,on,1000
14,staircase_walking,7,0,1,1,heading-only,0.0,1.5527374267578296,2.636282348632804,0.8428368110853631,0.9256307009622434,3.7023478368941647,0,4,8,385,0.9090909090909091,0.0,0.09090909090909091,hold,5.0,0,PLANNER,first,on,1000
14,staircase_walking,8,0,1,1,heading-only,0.0,1.8611572265625114,2.710897827148429,1.1166769853029095,0.7985970726386729,3.4136852207519106,0,3,0,282,0.9042553191489362,0.0,0.09574468085106383,hold,5.0,0,PLANNER,first,on,1000
14,staircase_walking,9,0,1,1,heading-only,0.0,1.817755126953159,2.0547470092773352,0.819585677451107,0.410908288609233,3.3826879277102075,1,0,0,1000,1.0,0.0,0.0,hold,5.0,0,PLANNER,first,on,1000
15,staircase_climbing,0,0,1,1,heading-only,0.0,1.6352819204330444,2.0000991821289062,0.6352819281753509,1.0897180840805518,9.564718080081196,1,0,0,1000,1.0,0.0,0.0,hold,5.0,0,PLANNER,first,on,1000
15,staircase_climbing,1,0,1,1,heading-only,0.0,1.6332107543945327,2.0247344970703125,0.6336936600804954,1.0920693898123324,9.566821220508817,1,0,0,1000,1.0,0.0,0.0,hold,5.0,0,PLANNER,first,on,1000
15,staircase_climbing,2,0,1,1,heading-only,0.0,1.6402084350585966,2.0235214233398438,0.6406403809284187,1.085046541270898,9.559820501582694,1,0,0,1000,1.0,0.0,0.0,hold,5.0,0,PLANNER,first,on,1000
15,staircase_climbing,3,0,1,1,heading-only,0.0,1.6353500366211051,2.0017623901367188,0.6353524809532372,1.089651388615005,9.564650125748612,1,0,0,1000,1.0,0.0,0.0,hold,5.0,0,PLANNER,first,on,1000
15,staircase_climbing,4,0,1,1,heading-only,0.0,1.6308807373046932,2.0104293823242188,0.6309669378959393,1.094168969134372,9.569124946185092,1,4,0,1000,0.97,0.0,0.03,hold,5.0,0,PLANNER,first,on,1000
15,staircase_climbing,5,0,1,1,heading-only,0.0,1.6188812255859375,1.9393844604492188,0.6218425966575339,1.0828167194985365,9.281316714153027,1,5,0,1000,0.905,0.0,0.095,hold,5.0,0,PLANNER,first,on,1000
15,staircase_climbing,6,0,1,1,heading-only,0.0,1.6349273681640852,2.032470703125,0.6357571151038766,1.0655674815079943,9.265129530651821,1,2,0,1000,0.985,0.0,0.015,hold,5.0,0,PLANNER,first,on,1000
15,staircase_climbing,7,0,1,1,heading-only,0.0,1.6344329833984546,2.0081558227539062,0.6344854039839347,1.0655982283740373,9.265570606097574,1,0,0,1000,1.0,0.0,0.0,hold,5.0,0,PLANNER,first,on,1000
15,staircase_climbing,8,0,1,1,heading-only,0.0,1.3927429199218864,1.4737319946289062,0.6566620246565494,1.4092122220913341,9.52181155033916,0,7,0,974,0.9086242299794661,0.0,0.09137577002053388,hold,5.0,0,PLANNER,first,on,1000
15,staircase_climbing,9,0,1,1,heading-only,0.0,1.636602783203159,2.0365142822265625,0.6376491169824745,1.0640239346451583,9.263469182167421,1,2,0,1000,0.985,0.0,0.015,hold,5.0,0,PLANNER,first,on,1000
16,staircase_spiral,0,0,0,1,heading-only,0.0,3.682878255844116,2.159494018554682,2.687614942218451,0.49454950161548716,1.4039863255879794,1,0,79,1000,1.0,0.0,0.0,hold,5.0,0,PLANNER,first,on,1000
16,staircase_spiral,1,0,0,1,heading-only,0.0,3.7277275085449233,2.1406799316406193,2.731352815737854,0.4874224419760282,1.3951049365077,1,0,81,1000,1.0,0.0,0.0,hold,5.0,0,PLANNER,first,on,1000
16,staircase_spiral,2,0,0,1,heading-only,0.0,3.8193771362304716,2.143441772460932,2.823023729688766,0.5247039760284405,1.3386115924845734,1,0,86,1000,1.0,0.0,0.0,hold,5.0,0,PLANNER,first,on,1000
16,staircase_spiral,3,0,0,1,heading-only,0.0,3.86804656982423,2.1221252441406193,2.870645520076789,0.5235570748241789,1.3260484900120342,1,0,87,1000,1.0,0.0,0.0,hold,5.0,0,PLANNER,first,on,1000
16,staircase_spiral,4,0,0,1,heading-only,0.0,3.966757202148443,2.1411071777343693,2.97011103026601,0.5881160895882044,1.2619118689759508,1,0,91,1000,1.0,0.0,0.0,hold,5.0,0,PLANNER,first,on,1000
16,staircase_spiral,5,0,0,1,heading-only,0.0,4.0679779052734375,2.2161804199218693,3.075584887660164,0.6986080009817661,1.19671668836893,1,6,94,1000,0.955,0.0,0.045,hold,5.0,0,PLANNER,first,on,1000
16,staircase_spiral,6,0,0,1,heading-only,0.0,4.114587402343773,2.140664672851557,3.1177622162421184,0.6649138387164178,1.1848399094327644,1,0,98,1000,1.0,0.0,0.0,hold,5.0,0,PLANNER,first,on,1000
16,staircase_spiral,7,0,0,1,heading-only,0.0,4.2122833251953296,2.220529174804682,3.2198442941030545,0.7764824802309161,1.1246320779061305,1,2,101,1000,0.985,0.0,0.015,hold,5.0,0,PLANNER,first,on,1000
16,staircase_spiral,8,0,0,1,heading-only,0.0,4.265423583984386,2.1876770019531193,3.2708124128270555,0.7808763476592505,1.1058098253519464,1,0,106,1000,1.0,0.0,0.0,hold,5.0,0,PLANNER,first,on,1000
16,staircase_spiral,9,0,0,1,heading-only,0.0,4.361334228515659,2.1644531249999943,3.3653547548680844,0.8287167058497374,1.044967526109867,1,0,107,1000,1.0,0.0,0.0,hold,5.0,0,PLANNER,first,on,1000
17,squeeze,0,0,1,1,heading-only,0.0,2.0119974613189697,1.8921386718749886,1.017729299873464,0.3374935385462713,6.638878803656586,1,1,66,1000,0.385,0.0,0.615,hold,5.0,0,PLANNER,first,on,1000
17,squeeze,1,0,4,1,heading-only,0.0,4.627538299560548,2.010775756835926,3.6275543044472847,0.7901977324350705,4.27247528941448,1,0,189,1000,1.0,0.0,0.0,hold,5.0,0,PLANNER,first,on,1000
17,squeeze,2,0,2,1,heading-only,0.0,3.071070861816409,2.029910278320301,2.0712868317580164,0.45024811327228964,6.179001530946842,1,1,94,1000,0.525,0.0,0.475,hold,5.0,0,PLANNER,first,on,1000
17,squeeze,3,0,2,1,heading-only,0.0,3.003018188476574,2.056918334960926,2.0038267290917893,0.4164318073947515,6.247241107109541,1,1,91,1000,0.51,0.0,0.49,hold,5.0,0,PLANNER,first,on,1000
17,squeeze,4,0,3,1,heading-only,0.0,4.153402709960943,1.9522735595703011,3.153763856775759,0.6424573707873489,5.496804488244134,1,1,138,1000,0.745,0.0,0.255,hold,5.0,0,PLANNER,first,on,1000
17,squeeze,5,0,2,1,heading-only,0.0,2.7764129638671875,1.8979522705078011,1.7793416640122601,0.8509980483587789,6.724361409944272,1,1,84,1000,0.475,0.0,0.525,hold,5.0,0,PLANNER,first,on,1000
17,squeeze,6,0,2,1,heading-only,0.0,2.9196868896484602,1.9577056884765511,1.9201527447251225,0.7386840842551385,6.8304440554203625,1,1,48,1000,0.475,0.0,0.525,hold,5.0,0,PLANNER,first,on,1000
17,squeeze,7,0,1,1,heading-only,0.0,1.8344146728515796,2.038485717773426,0.8353017399374578,0.5985644117867258,8.065677145781656,1,1,69,1000,0.4,0.0,0.6,hold,5.0,0,PLANNER,first,on,1000
17,squeeze,8,0,1,1,heading-only,0.0,1.7384460449218864,2.061526489257801,0.7410047706601941,0.7612206876148294,8.711771221807728,1,2,0,1000,0.985,0.0,0.015,hold,5.0,0,PLANNER,first,on,1000
17,squeeze,9,0,2,1,heading-only,0.0,3.030981445312534,1.9055816650390511,2.033174968658769,0.7114549859388009,7.169640288008164,1,1,73,1000,0.695,0.0,0.305,hold,5.0,0,PLANNER,first,on,1000
18,agility_poles,0,0,1,1,heading-only,0.0,3.6745080947875977,2.351849365234358,2.697552877127751,0.6375061558548137,14.629723560110401,1,1,72,1000,0.81,0.0,0.19,hold,5.0,0,PLANNER,first,on,1000
18,agility_poles,1,0,1,1,heading-only,0.0,3.9808708190917983,2.767987060546858,3.0782129499565833,0.18588864266764196,13.291335273207014,0,1,65,856,0.7768691588785047,0.0,0.22313084112149534,hold,5.0,0,PLANNER,first,on,1000
18,agility_poles,2,0,1,1,heading-only,0.0,3.253253173828128,2.8707550048827954,2.415649838841501,0.4976069523742949,13.325227594222927,0,1,62,740,0.9054054054054054,0.0,0.0945945945945946,hold,5.0,0,PLANNER,first,on,1000
18,agility_poles,3,0,1,1,heading-only,0.0,3.2092178344726676,2.175732421874983,2.216196138488232,0.8229667220594724,12.29203840396469,1,0,56,1000,1.0,0.0,0.0,hold,5.0,0,PLANNER,first,on,1000
18,agility_poles,4,0,1,1,heading-only,0.0,3.1223815917968807,2.187176513671858,2.1306193157081377,0.7628437823316402,11.679118405722026,1,2,50,1000,0.95,0.0,0.05,hold,5.0,0,PLANNER,first,on,1000
18,agility_poles,5,0,1,1,heading-only,0.0,2.9761962890625,2.1980865478515454,1.9860992053128008,0.7514787843996328,10.775624561121754,1,2,44,1000,0.985,0.0,0.015,hold,5.0,0,PLANNER,first,on,1000
18,agility_poles,6,0,1,1,heading-only,0.0,2.7699066162109602,2.0663116455077954,1.7711484027142623,0.9190522804088463,10.280307252886628,1,0,38,1000,1.0,0.0,0.0,hold,5.0,0,PLANNER,first,on,1000
18,agility_poles,7,0,1,1,heading-only,0.0,2.6209747314453296,2.051190185546858,1.6217828199486453,0.9314302591072092,9.379164964072377,1,0,32,1000,1.0,0.0,0.0,hold,5.0,0,PLANNER,first,on,1000
18,agility_poles,8,0,1,1,heading-only,0.0,2.0694702148437614,1.940411376953108,1.0711290045716182,1.3012444598303758,9.230722123358134,0,3,30,669,0.680119581464873,0.0,0.31988041853512705,hold,5.0,0,PLANNER,first,on,1000
18,agility_poles,9,0,1,1,heading-only,0.0,2.463140869140659,2.294049072265608,1.4923960800839529,0.6773045261756244,7.792409125600872,1,5,20,1000,0.89,0.0,0.11,hold,5.0,0,PLANNER,first,on,1000
19,balance_beam,0,0,2,1,heading-only,0.0,3.150033473968506,2.6966918945312557,2.2600937005112494,1.0054631071161801,6.885304713929335,0,0,110,603,1.0,0.0,0.0,hold,5.0,0,PLANNER,first,on,1000
19,balance_beam,1,0,2,1,heading-only,0.0,2.247884368896486,2.6766113281250057,1.419513398134468,1.9015632662784376,8.379477215475363,0,0,73,420,1.0,0.0,0.0,hold,5.0,0,PLANNER,first,on,1000
19,balance_beam,2,0,2,1,heading-only,0.0,2.5450546264648466,2.6314453125000057,1.66910664172145,1.6782664560064917,8.378772904037607,0,0,87,490,1.0,0.0,0.0,hold,5.0,0,PLANNER,first,on,1000
19,balance_beam,3,0,2,1,heading-only,0.0,2.2910583496093864,2.7553466796875057,1.4957875078402854,2.0995239927540816,9.239867689897617,0,0,81,456,1.0,0.0,0.0,hold,5.0,0,PLANNER,first,on,1000
19,balance_beam,4,0,2,1,heading-only,0.0,2.5802368164062557,2.656179809570318,1.711058251028736,1.9344534077746611,9.542351021325642,0,0,86,483,1.0,0.0,0.0,hold,5.0,0,PLANNER,first,on,1000
19,balance_beam,5,0,1,1,heading-only,0.0,2.24176025390625,3.0376647949218807,1.6182449613088814,1.1903431555831945,10.211100967365821,0,0,51,306,1.0,0.0,0.0,hold,5.0,0,PLANNER,first,on,1000
19,balance_beam,6,0,1,1,heading-only,0.0,2.2999053955078352,2.9539245605468807,1.612366616029041,1.1138697730572273,10.742532132244095,0,0,53,323,1.0,0.0,0.0,hold,5.0,0,PLANNER,first,on,1000
19,balance_beam,7,0,1,1,heading-only,0.0,2.271472167968767,3.0078796386718807,1.622486622431309,1.2012160477153222,11.373274119933779,0,0,50,305,1.0,0.0,0.0,hold,5.0,0,PLANNER,first,on,1000
19,balance_beam,8,0,1,1,heading-only,0.0,2.1596801757812614,3.0559753417968807,1.568420234689382,1.3189728378689831,11.78771366709533,0,0,50,304,1.0,0.0,0.0,hold,5.0,0,PLANNER,first,on,1000
19,balance_beam,9,0,1,1,heading-only,0.0,2.276495361328159,2.9975646972656307,1.6200542375868088,1.2323125769910572,12.264142896136798,0,0,0,252,1.0,0.0,0.0,hold,5.0,0,PLANNER,first,on,1000
