ablation,argv,balance_comp,balance_kd_pitch,balance_kd_roll,balance_kp_pitch,balance_kp_roll,balance_max_rad,base_height_mean_m,best_mapping,best_mapping_r,cap_effort_target,cap_runtime_gains,clip,clip_archive,cmd_jump_rad,contact_rule,contact_threshold_n,decimation,dt,duty,duty_bare_threshold,duty_per_leg,fall_height_m,flight_frac,gain_writes,ground_friction_mu,handover_ang_dps,handover_feet_loaded,handover_speed_mps,hip_offset_rad_max,hip_sign,mode_requested,mode_used,n_cycles,n_steps,phys_dt,plant_comp,plant_comp_alpha,rate,run_utc,settle_mode,start_feet_down,start_foot_spread_m,start_frame,start_phase,stride_cv,stride_hz,stride_hz_bare_threshold,switch_after_cycles,switch_step,switch_t_s,term_reason,terminated_s,then_clip,torque_saturated_frac,verdict,via_clip,vx_mean,vy_mean,yaw_rate_deg_s
none,--clip-archive data/skill_clips.npz --clip TROT --rate lo --headless --device cpu --hip-sign keep --contact-threshold-n 30 --start-phase level --settle-mode stand --cycles 60 --balance-comp off --balance-kp-roll 0 --balance-kd-roll 0 --results-csv outputs/balance_comp.csv --trace-npz outputs/traces/balance/TROT_off.npz,off,0.0,0.0,0.0,0.0,0.0,0.32432231307029724,identity,0.5995747037231922,True,True,TROT,skill_clips.npz,,schmitt+despeckle on force,30.0,4,0.020090821531248082,0.45918367346938777,0.4744897959183674,"[0.3673469387755102, 0.6122448979591837, 0.30612244897959184, 0.5510204081632653]",0.15,0.030612244897959183,0,1.3,13.176564451488588,3,0.06827092915773392,0.0,keep,position,position,1,98,0.0050227053828120205,off,0.0,lo,2026-08-28T09:31:38Z,stand,2,0.014293946325778961,16,level,0.0,1.555436643115643,1.555436643115643,,,,roll,1.948809688531064,,0.006802721088435374,FAIL,,0.3830695152282715,-0.21615459024906158,-1.7226946353912354
none,--clip-archive data/skill_clips.npz --clip TROT --rate lo --headless --device cpu --hip-sign keep --contact-threshold-n 30 --start-phase level --settle-mode stand --cycles 60 --balance-comp pd --balance-kp-roll 0.5 --balance-kd-roll 0.05 --results-csv outputs/balance_comp.csv --trace-npz outputs/traces/balance/TROT_pos05.npz,pd,0.0,0.05,0.0,0.5,0.3,0.3263273239135742,identity,0.49251067638397217,True,True,TROT,skill_clips.npz,,schmitt+despeckle on force,30.0,4,0.020090821531248082,0.5090579710144928,0.5172101449275363,"[0.4057971014492754, 0.5036231884057971, 0.4601449275362319, 0.6666666666666666]",0.15,0.010869565217391304,0,1.3,13.176564451488588,3,0.06827092915773392,0.0,keep,position,position,8,276,0.0050227053828120205,off,0.0,lo,2026-08-28T09:32:06Z,stand,2,0.014293946325778961,16,level,0.6814744782146784,1.9519204933215912,1.9519204933215912,,,,roll,5.5249759210932226,,0.0,FAIL,,0.3034478425979614,-0.03637586906552315,1.8552701473236084
none,--clip-archive data/skill_clips.npz --clip TROT --rate lo --headless --device cpu --hip-sign keep --contact-threshold-n 30 --start-phase level --settle-mode stand --cycles 60 --balance-comp pd --balance-kp-roll -0.5 --balance-kd-roll -0.05 --results-csv outputs/balance_comp.csv --trace-npz outputs/traces/balance/TROT_neg05.npz,pd,0.0,-0.05,0.0,-0.5,0.3,0.31472334265708923,identity + hip sign flipped,0.5948030725121498,True,True,TROT,skill_clips.npz,,schmitt+despeckle on force,30.0,4,0.020090821531248082,0.5171428571428571,0.5285714285714286,"[0.53, 0.5285714285714286, 0.44857142857142857, 0.5614285714285714]",0.15,0.002857142857142857,0,1.3,13.176564451488588,3,0.06827092915773392,0.0,keep,position,position,29,700,0.0050227053828120205,off,0.0,lo,2026-08-28T09:32:35Z,stand,2,0.014293946325778961,16,level,0.38742980565281976,2.3701891704619324,4.977397257970058,,,,roll,14.04348425034241,,0.0,FAIL,,0.584151029586792,-0.02915339544415474,6.072857856750488
none,--clip-archive data/skill_clips.npz --clip TROT --rate lo --headless --device cpu --hip-sign keep --contact-threshold-n 30 --start-phase level --settle-mode stand --cycles 60 --balance-comp pd --balance-kp-roll 0.25 --balance-kd-roll 0.025 --results-csv outputs/balance_comp.csv --trace-npz outputs/traces/balance/TROT_k0.25.npz,pd,0.0,0.025,0.0,0.25,0.3,0.32056063413619995,identity,0.561954143922776,True,True,TROT,skill_clips.npz,,schmitt+despeckle on force,30.0,4,0.020090821531248082,0.4722222222222222,0.48055555555555557,"[0.35555555555555557, 0.5888888888888889, 0.3111111111111111, 0.6333333333333333]",0.15,0.03333333333333333,0,1.3,13.176564451488588,3,0.06827092915773392,0.0,keep,position,position,1,90,0.0050227053828120205,off,0.0,lo,2026-08-28T09:33:53Z,stand,2,0.014293946325778961,16,level,0.0,1.555436643115643,2.619682767352662,,,,roll,1.7880831162810793,,0.007407407407407408,FAIL,,0.3578684628009796,-0.29365426301956177,11.019789695739746
none,--clip-archive data/skill_clips.npz --clip TROT --rate lo --headless --device cpu --hip-sign keep --contact-threshold-n 30 --start-phase level --settle-mode stand --cycles 60 --balance-comp pd --balance-kp-roll 0.5 --balance-kd-roll 0.05 --results-csv outputs/balance_comp.csv --trace-npz outputs/traces/balance/TROT_k0.5.npz,pd,0.0,0.05,0.0,0.5,0.3,0.31472334265708923,identity + hip sign flipped,0.5948030725121498,True,True,TROT,skill_clips.npz,,schmitt+despeckle on force,30.0,4,0.020090821531248082,0.5171428571428571,0.5285714285714286,"[0.53, 0.5285714285714286, 0.44857142857142857, 0.5614285714285714]",0.15,0.002857142857142857,0,1.3,13.176564451488588,3,0.06827092915773392,0.0,keep,position,position,29,700,0.0050227053828120205,off,0.0,lo,2026-08-28T09:34:22Z,stand,2,0.014293946325778961,16,level,0.38742980565281976,2.3701891704619324,4.977397257970058,,,,roll,14.04348425034241,,0.0,FAIL,,0.584151029586792,-0.02915339544415474,6.072857856750488
none,--clip-archive data/skill_clips.npz --clip TROT --rate lo --headless --device cpu --hip-sign keep --contact-threshold-n 30 --start-phase level --settle-mode stand --cycles 60 --balance-comp pd --balance-kp-roll 1.0 --balance-kd-roll 0.1 --results-csv outputs/balance_comp.csv --trace-npz outputs/traces/balance/TROT_k1.0.npz,pd,0.0,0.1,0.0,1.0,0.3,0.3051261305809021,identity,0.4869240429252386,True,True,TROT,skill_clips.npz,,schmitt+despeckle on force,30.0,4,0.020090821531248082,0.47058823529411764,0.4681372549019608,"[0.3235294117647059, 0.5686274509803921, 0.27450980392156865, 0.7156862745098039]",0.15,0.029411764705882353,0,1.3,13.176564451488588,3,0.06827092915773392,0.0,keep,position,position,1,102,0.0050227053828120205,off,0.0,lo,2026-08-28T09:34:54Z,stand,2,0.014293946325778961,16,level,0.0,1.6591324193233525,16.591324193233525,,,,roll,2.0291729746560563,,0.0,FAIL,,0.26997295022010803,-0.17225638031959534,-16.09317398071289
none,--clip-archive data/skill_clips.npz --clip TROT --rate lo --headless --device cpu --hip-sign keep --contact-threshold-n 30 --start-phase level --settle-mode stand --cycles 60 --balance-comp pd --balance-kp-roll 2.0 --balance-kd-roll 0.2 --results-csv outputs/balance_comp.csv --trace-npz outputs/traces/balance/TROT_k2.0.npz,pd,0.0,0.2,0.0,2.0,0.3,0.3103024363517761,identity,0.4966509019335111,True,True,TROT,skill_clips.npz,,schmitt+despeckle on force,30.0,4,0.020090821531248082,0.4494949494949495,0.4722222222222222,"[0.26262626262626265, 0.5252525252525253, 0.26262626262626265, 0.7474747474747475]",0.15,0.010101010101010102,0,1.3,13.176564451488588,3,0.06827092915773392,0.0,keep,position,position,0,99,0.0050227053828120205,off,0.0,lo,2026-08-28T09:35:23Z,stand,2,0.014293946325778961,16,level,nan,nan,4.977397257970058,,,,roll,1.968900510062312,,0.0,FAIL,,0.19272646307945251,-0.14238367974758148,-13.049432754516602
none,--clip-archive data/skill_clips.npz --clip TROT --rate lo --headless --device cpu --hip-sign keep --contact-threshold-n 30 --start-phase level --settle-mode stand --cycles 60 --balance-comp pd --balance-kp-roll 0.4 --balance-kd-roll 0.15 --results-csv outputs/balance_comp.csv --trace-npz outputs/traces/balance/TROT_kp0.4_kd0.15.npz,pd,0.0,0.15,0.0,0.4,0.3,0.3093687891960144,identity + hip sign flipped,0.4722481250452499,True,True,TROT,skill_clips.npz,,schmitt+despeckle on force,30.0,4,0.020090821531248082,0.4738372093023256,0.4680232558139535,"[0.3023255813953488, 0.5581395348837209, 0.3023255813953488, 0.7325581395348837]",0.15,0.0,0,1.3,13.176564451488588,3,0.06827092915773392,0.0,keep,position,position,0,86,0.0050227053828120205,off,0.0,lo,2026-08-28T09:36:09Z,stand,2,0.014293946325778961,16,level,nan,nan,2.927880739982387,,,,roll,1.707719830156087,,0.0,FAIL,,0.28412961959838867,-0.1207030862569809,3.1520838737487793
none,--clip-archive data/skill_clips.npz --clip TROT --rate lo --headless --device cpu --hip-sign keep --contact-threshold-n 30 --start-phase level --settle-mode stand --cycles 60 --balance-comp pd --balance-kp-roll 0.4 --balance-kd-roll 0.30 --results-csv outputs/balance_comp.csv --trace-npz outputs/traces/balance/TROT_kp0.4_kd0.30.npz,pd,0.0,0.3,0.0,0.4,0.3,0.3125499486923218,identity,0.48908272963793326,True,True,TROT,skill_clips.npz,,schmitt+despeckle on force,30.0,4,0.020090821531248082,0.4274193548387097,0.4596774193548387,"[0.27956989247311825, 0.46236559139784944, 0.27956989247311825, 0.6881720430107527]",0.15,0.053763440860215055,0,1.3,13.176564451488588,3,0.06827092915773392,0.0,keep,position,position,0,93,0.0050227053828120205,off,0.0,lo,2026-08-28T09:36:38Z,stand,2,0.014293946325778961,16,level,nan,nan,4.977397257970058,,,,roll,1.8483555808748235,,0.0,FAIL,,0.2252604216337204,-0.10587040334939957,-8.555366516113281
none,--clip-archive data/skill_clips.npz --clip TROT --rate lo --headless --device cpu --hip-sign keep --contact-threshold-n 30 --start-phase level --settle-mode stand --cycles 60 --balance-comp pd --balance-kp-roll 0.5 --balance-kd-roll 0.15 --results-csv outputs/balance_comp.csv --trace-npz outputs/traces/balance/TROT_kp0.5_kd0.15.npz,pd,0.0,0.15,0.0,0.5,0.3,0.3077644109725952,identity + hip sign flipped,0.47113997366977856,True,True,TROT,skill_clips.npz,,schmitt+despeckle on force,30.0,4,0.020090821531248082,0.4511494252873563,0.45689655172413796,"[0.2988505747126437, 0.5287356321839081, 0.2988505747126437, 0.6781609195402298]",0.15,0.022988505747126436,0,1.3,13.176564451488588,3,0.06827092915773392,0.0,keep,position,position,0,87,0.0050227053828120205,off,0.0,lo,2026-08-28T09:37:07Z,stand,2,0.014293946325778961,16,level,nan,nan,1.555436643115643,,,,roll,1.727810651687335,,0.0,FAIL,,0.2820916771888733,-0.13248157501220703,0.9825760126113892
none,--clip-archive data/skill_clips.npz --clip TROT --rate lo --headless --device cpu --hip-sign keep --contact-threshold-n 30 --start-phase level --settle-mode stand --cycles 60 --balance-comp pd --balance-kp-roll 0.5 --balance-kd-roll 0.30 --results-csv outputs/balance_comp.csv --trace-npz outputs/traces/balance/TROT_kp0.5_kd0.30.npz,pd,0.0,0.3,0.0,0.5,0.3,0.3136402368545532,identity,0.4880877167452127,True,True,TROT,skill_clips.npz,,schmitt+despeckle on force,30.0,4,0.020090821531248082,0.42391304347826086,0.46467391304347827,"[0.2826086956521739, 0.43478260869565216, 0.2826086956521739, 0.6956521739130435]",0.15,0.043478260869565216,0,1.3,13.176564451488588,3,0.06827092915773392,0.0,keep,position,position,0,92,0.0050227053828120205,off,0.0,lo,2026-08-28T09:37:35Z,stand,2,0.014293946325778961,16,level,nan,nan,4.977397257970058,,,,roll,1.8282647593435755,,0.0,FAIL,,0.22990255057811737,-0.0935216173529625,-8.70156192779541
none,--clip-archive data/skill_clips.npz --clip TROT --rate lo --headless --device cpu --hip-sign keep --contact-threshold-n 30 --start-phase level --settle-mode stand --cycles 60 --balance-comp pd --balance-kp-roll 0.6 --balance-kd-roll 0.15 --results-csv outputs/balance_comp.csv --trace-npz outputs/traces/balance/TROT_kp0.6_kd0.15.npz,pd,0.0,0.15,0.0,0.6,0.3,0.30692556500434875,identity + hip sign flipped,0.4732719899620861,True,True,TROT,skill_clips.npz,,schmitt+despeckle on force,30.0,4,0.020090821531248082,0.4331395348837209,0.4622093023255814,"[0.3023255813953488, 0.45348837209302323, 0.3023255813953488, 0.6744186046511628]",0.15,0.05813953488372093,0,1.3,13.176564451488588,3,0.06827092915773392,0.0,keep,position,position,0,86,0.0050227053828120205,off,0.0,lo,2026-08-28T09:38:04Z,stand,2,0.014293946325778961,16,level,nan,nan,24.886986289850288,,,,roll,1.707719830156087,,0.0,FAIL,,0.27956822514533997,-0.16705389320850372,-4.708553791046143
none,--clip-archive data/skill_clips.npz --clip TROT --rate lo --headless --device cpu --hip-sign keep --contact-threshold-n 30 --start-phase level --settle-mode stand --cycles 60 --balance-comp pd --balance-kp-roll 0.6 --balance-kd-roll 0.30 --results-csv outputs/balance_comp.csv --trace-npz outputs/traces/balance/TROT_kp0.6_kd0.30.npz,pd,0.0,0.3,0.0,0.6,0.3,0.31532391905784607,identity,0.47990263750155765,True,True,TROT,skill_clips.npz,,schmitt+despeckle on force,30.0,4,0.020090821531248082,0.4388888888888889,0.4777777777777778,"[0.28888888888888886, 0.4444444444444444, 0.28888888888888886, 0.7333333333333333]",0.15,0.0,0,1.3,13.176564451488588,3,0.06827092915773392,0.0,keep,position,position,0,90,0.0050227053828120205,off,0.0,lo,2026-08-28T09:38:32Z,stand,2,0.014293946325778961,16,level,nan,nan,4.977397257970058,,,,roll,1.7880831162810793,,0.0,FAIL,,0.2417735904455185,-0.07448213547468185,-6.910736560821533
none,--clip-archive data/skill_clips.npz --clip WALK --rate lo --headless --device cpu --hip-sign keep --contact-threshold-n 30 --start-phase level --settle-mode stand --cycles 60 --balance-comp off --balance-kp-roll 0 --balance-kd-roll 0 --results-csv outputs/balance_comp.csv --trace-npz outputs/traces/balance/WALK_off.npz,off,0.0,0.0,0.0,0.0,0.0,0.31601953506469727,identity,0.4998604195813338,True,True,WALK,skill_clips.npz,,schmitt+despeckle on force,30.0,4,0.01977108591891901,0.5916666666666667,0.542454954954955,"[0.6481981981981982, 0.5527027027027027, 0.586036036036036, 0.5797297297297297]",0.15,0.0,0,1.3,3.1959654678462646,3,0.019550304859876633,0.0,keep,position,position,58,2220,0.004942771479729753,off,0.0,lo,2026-08-28T09:39:17Z,stand,3,0.026363134384155273,18,level,0.02117173335207636,1.3669976013388716,1.3669976013388716,,,,,,,0.0,WARN,,0.2328098565340042,-0.00022957818873692304,2.676110029220581
none,--clip-archive data/skill_clips.npz --clip WALK --rate lo --headless --device cpu --hip-sign keep --contact-threshold-n 30 --start-phase level --settle-mode stand --cycles 60 --balance-comp pd --balance-kp-roll 0.5 --balance-kd-roll 0.05 --results-csv outputs/balance_comp.csv --trace-npz outputs/traces/balance/WALK_k0.5.npz,pd,0.0,0.05,0.0,0.5,0.3,0.2623319625854492,identity + hip sign flipped,0.6927210316061974,True,True,WALK,skill_clips.npz,,schmitt+despeckle on force,30.0,4,0.01977108591891901,0.7012387387387388,0.7266891891891892,"[0.8603603603603603, 0.7648648648648648, 0.5612612612612613, 0.6184684684684685]",0.15,0.0,0,1.3,3.1959654678462646,3,0.019550304859876633,0.0,keep,position,position,59,2220,0.004942771479729753,off,0.0,lo,2026-08-28T09:39:55Z,stand,3,0.026363134384155273,18,level,0.028807923794692818,1.404969756931618,8.429818541589707,,,,,,,0.05101351351351351,FAIL,,0.14778481423854828,0.024393456056714058,11.016996383666992
none,--clip-archive data/skill_clips.npz --clip TURN --rate lo --headless --device cpu --hip-sign keep --contact-threshold-n 30 --start-phase level --settle-mode stand --cycles 60 --balance-comp off --balance-kp-roll 0 --balance-kd-roll 0 --results-csv outputs/balance_comp.csv --trace-npz outputs/traces/balance/TURN_off.npz,off,0.0,0.0,0.0,0.0,0.0,0.33537957072257996,identity,0.32313129554192227,True,True,TURN,skill_clips.npz,,schmitt+despeckle on force,30.0,4,0.019829280799998135,0.6031390134529148,0.5762331838565022,"[0.5695067264573991, 0.7152466367713004, 0.5269058295964125, 0.600896860986547]",0.15,0.0,0,1.3,32.107841608921596,2,0.06130257248878479,0.0,keep,position,position,7,446,0.004957320199999534,off,0.0,lo,2026-08-28T09:40:35Z,stand,3,0.005334831774234772,24,level,0.39517015153568325,1.120677166578039,2.8016929164450977,,,,roll,8.82402995599917,,0.0,FAIL,,0.003228252287954092,-0.017401278018951416,-14.702529907226562
none,--clip-archive data/skill_clips.npz --clip TURN --rate lo --headless --device cpu --hip-sign keep --contact-threshold-n 30 --start-phase level --settle-mode stand --cycles 60 --balance-comp pd --balance-kp-roll 0.5 --balance-kd-roll 0.05 --results-csv outputs/balance_comp.csv --trace-npz outputs/traces/balance/TURN_k0.5.npz,pd,0.0,0.05,0.0,0.5,0.3,0.27875009179115295,identity,0.3502483988025536,True,True,TURN,skill_clips.npz,,schmitt+despeckle on force,30.0,4,0.019829280799998135,0.43526785714285715,0.4732142857142857,"[0.6964285714285714, 0.6428571428571429, 0.19642857142857142, 0.20535714285714285]",0.15,0.05357142857142857,0,1.3,32.107841608921596,2,0.06130257248878479,0.0,keep,position,position,1,112,0.004957320199999534,off,0.0,lo,2026-08-28T09:41:06Z,stand,3,0.005334831774234772,24,level,0.0,2.1012696873338235,25.21523624800588,,,,height,2.2010501687997928,,0.023809523809523808,FAIL,,0.12101229280233383,-0.14646928012371063,56.92985153198242
none,--clip-archive data/skill_clips.npz --clip RUN --rate lo --headless --device cpu --hip-sign keep --contact-threshold-n 30 --start-phase level --settle-mode stand --cycles 60 --balance-comp off --balance-kp-roll 0 --balance-kd-roll 0 --results-csv outputs/balance_comp.csv --trace-npz outputs/traces/balance/RUN_off.npz,off,0.0,0.0,0.0,0.0,0.0,0.2611030042171478,left_right_swapped + hip/thigh/calf sign flipped,0.08318432389448087,True,True,RUN,skill_clips.npz,,schmitt+despeckle on force,30.0,4,0.0202551066875003,0.41228070175438597,0.39035087719298245,"[0.43859649122807015, 0.5964912280701754, 0.17543859649122806, 0.43859649122807015]",0.15,0.15789473684210525,57,1.3,12.720914847994221,2,0.10564714670181274,0.0,keep,torque,torque,1,57,0.005063776671875075,off,0.0,lo,2026-08-28T09:41:35Z,stand,1,0.02071179449558258,5,level,0.0,2.4685132876074,5.4855850835719995,,,,roll,1.134285974500017,,0.0,FAIL,,0.29287800192832947,-0.1887950599193573,38.40184020996094
none,--clip-archive data/skill_clips.npz --clip RUN --rate lo --headless --device cpu --hip-sign keep --contact-threshold-n 30 --start-phase level --settle-mode stand --cycles 60 --balance-comp pd --balance-kp-roll 0.5 --balance-kd-roll 0.05 --results-csv outputs/balance_comp.csv --trace-npz outputs/traces/balance/RUN_k0.5.npz,pd,0.0,0.05,0.0,0.5,0.3,0.25998082756996155,left_right_swapped + hip/thigh/calf sign flipped,0.10872198361903429,True,True,RUN,skill_clips.npz,,schmitt+despeckle on force,30.0,4,0.0202551066875003,0.39035087719298245,0.37280701754385964,"[0.42105263157894735, 0.543859649122807, 0.17543859649122806, 0.42105263157894735]",0.15,0.19298245614035087,57,1.3,12.720914847994221,2,0.10564714670181274,0.0,keep,torque,torque,1,57,0.005063776671875075,off,0.0,lo,2026-08-28T09:42:03Z,stand,1,0.02071179449558258,5,level,0.0,2.4685132876074,5.808266559076235,,,,height,1.134285974500017,,0.0,FAIL,,0.25968053936958313,-0.20805533230304718,38.07327651977539
