group,session,name,skill_key,primary_skill,gait_mode,motion_type,skill_seq,prereq_skills,cmd_vx,cmd_vy,cmd_wz,cmd_duration_s,speed_level,samples,fs_hz,rec_duration_s,win_start_s,win_end_s,win_span_s,active_s,n_segments,idle_dq_rad_s,peak_dq_rad_s,send_to_motion_s,trigger_skill,settle_s,vx_mean,vx_std,vx_p5,vx_p95,vx_max,vx_min,vx_absmax,vy_mean,vy_absmax,speed_mean,vx_steady_mean,speed_steady_mean,vy_steady_mean,yaw_rate_steady_mean,yaw_rate_mean,yaw_rate_absmax,odom_dist_m,odom_speed_mean,odom_yaw_deg,contact_thr_FR_N,duty_FR,contact_thr_FL_N,duty_FL,contact_thr_RR_N,duty_RR,contact_thr_RL_N,duty_RL,contact_thr_mean_N,duty_mean,duty_min,duty_max,stride_hz,stride_hz_leg_spread,stride_cv,n_stride_intervals,periodic,flight_frac,flight_max_s,flight_mean_s,n_flight_phases,swing_sync,phase_FL,phase_RR,phase_RL,gait_pattern,pair_score_trot,pair_score_pace,pair_score_bound,foot_force_tot_mean_N,foot_force_peak_N,foot_force_clipped_frac,height_mean_m,height_std_m,height_min_m,height_max_m,height_range_m,height_session_min_m,height_session_max_m,tau_rms_Nm,tau_peak_Nm,tau_rms_hip_Nm,tau_peak_hip_Nm,tau_rms_thigh_Nm,tau_peak_thigh_Nm,tau_rms_calf_Nm,tau_peak_calf_Nm,tau_peak_joint,posstop_frac,posstop_frac_session,posstop_rows_frac,posstop_first_s,posstop_total_s,kp_max,nan_frac_state,nan_frac_qdes,nan_frac_tau,has_events
01_running_trot_flight,gait_trot_run_20260824_224440,gait_trot_run,trot_run+move:forward,move,trot_run,forward,trot_run→move,trot_run,0.3,0,0,5,,8601,425.2,20.288,11.4083,16.6623,5.25391,5.09855,1,0.0271153,4.54867,4.1336,move,0.0323661,0.0708122,0.113933,-0.0190196,0.28811,0.595307,-0.251027,0.595307,0.00316128,0.287534,0.0815157,0.0909417,0.0951864,0.00448198,-0.00360897,0.00221455,0.567786,0.515529,0.0981231,1.53133,45.95,0.369926,50.4,0.329336,53.05,0.279059,51.35,0.321033,50.1875,0.324839,0.279059,0.369926,3.09484,0.101457,0.243949,55,True,0.287362,0.148159,0.052326,28,0.287362,0.524986,0.575298,0.0590751,trot,0.843923,-0.479286,-0.465096,135.324,209,0.000345941,0.323792,0.00442197,0.307213,0.336618,0.0294042,0.296589,0.336618,6.78795,25.7464,4.24359,12.097,1.71516,8.43575,10.8295,25.7464,RR_calf,0.000922509,0.000232531,0.000922509,11.4157,0.00470346,40,0.00104639,0.00360423,0,True
01_running_trot_flight,run_trot_08_20260824_231528,run_trot_08,trot_run+move:forward,move,trot_run,forward,speed_level→trot_run→move,speed_level→trot_run,0.8,0,0,4.5,0,10441,421.5,25.069,15.7105,20.818,5.10752,4.81327,1,0.0273761,4.87231,4.42143,move,0.279673,0.169846,0.291156,-0.0447607,0.732837,1.08956,-0.133836,1.08956,-0.010084,0.36317,0.190011,0.202149,0.217288,-0.00964769,-0.0272783,-0.0195333,0.583765,1.39881,0.273872,-4.43102,41.45,0.384919,44.64,0.302119,50.25,0.207984,52.6,0.276984,47.235,0.293001,0.207984,0.384919,2.99452,0.110022,0.330691,50,False,0.380976,0.151823,0.0733496,25,0.380976,0.514997,0.520803,0.017191,trot,0.748153,-0.35016,-0.237952,124.4,180,0,0.319603,0.00405259,0.305876,0.330825,0.0249488,0.305876,0.352108,6.61003,31.0094,3.76991,12.3691,3.09484,16.3767,10.3579,31.0094,FL_calf,0,0,0,,0,40,0.000478881,0.00258596,0,True
01_running_trot_flight,run_trot_10_20260824_230831,run_trot_10,trot_run+move:forward,move,trot_run,forward,trot_run→move,trot_run,1,0,0,4,,8634,425.4,20.446,11.4809,16.8721,5.39118,5.2721,1,0.0270749,4.71885,4.12631,move,0.712773,0.173202,0.344329,-0.0698312,0.879858,1.30905,-0.416565,1.30905,-0.00209364,0.484323,0.207829,0.193992,0.225492,0.00165985,-0.00950434,-0.00520569,0.590156,1.48702,0.275825,-2.51478,41.1,0.448952,45,0.318324,52.05,0.208649,51.8,0.218903,47.4875,0.298707,0.208649,0.448952,3.03143,0.118818,0.430019,44,False,0.308515,0.206841,0.0707184,23,0.308515,0.526335,0.544597,0.0287021,trot,0.619578,-0.399888,-0.249012,126.25,209,0.000334374,0.321325,0.00515063,0.303693,0.335271,0.0315778,0.303693,0.346388,6.58708,31.3888,3.74246,15.1398,3.80929,20.0627,10.0823,31.3888,RR_calf,0.000891663,0.000231642,0.000891663,11.4881,0.00470094,40,0.000926569,0.00301135,0,True
01_running_trot_flight,run_trot_15_20260824_230913,run_trot_15,trot_run+move:forward,move,trot_run,forward,trot_run→move,trot_run,1.5,0,0,3.5,,8310,419.3,19.979,11.4366,16.1762,4.73962,4.64608,1,0.0274034,4.61812,4.04165,move,0.916363,0.316604,0.576611,-0.0783158,1.38211,2.43549,-1.47701,2.43549,0.00841264,1.35875,0.377793,0.387913,0.445337,0.0152112,-0.053866,-0.026525,0.695618,1.93239,0.40771,-9.48385,43.6425,0.321869,50.4,0.35883,55.65,0.244353,55.3,0.281828,51.2481,0.30172,0.244353,0.35883,3.06443,0.387879,0.231333,42,True,0.25154,0.131178,0.0584338,20,0.25154,0.473236,0.465138,0.974009,trot,0.647349,-0.430203,-0.412903,126.912,210,0.00179671,0.310297,0.0104617,0.265377,0.327682,0.0623058,0.265377,0.343012,7.44691,34.3285,4.05296,12.6907,5.3259,26.9647,11.0262,34.3285,FR_calf,0.000513347,0.000120337,0.000513347,11.4465,0.00238505,40,0.00108303,0.00373045,0,True
01_running_trot_flight,run_trot_15_lvl0_20260824_231923,run_trot_15_lvl0,trot_run+move:forward,move,trot_run,forward,speed_level→trot_run→move,speed_level→trot_run,1.5,0,0,3.5,0,9999,423.4,23.889,15.3707,20.0322,4.66155,4.38085,1,0.0273472,4.60986,4.07083,move,0.195845,0.309305,0.590206,-0.0942168,1.35653,2.3134,-1.91219,2.3134,0.00715072,1.48815,0.388832,0.377703,0.488832,0.0195623,-0.0407078,-0.0387435,0.728641,1.75134,0.375699,-6.61802,42.35,0.285714,45,0.385445,56.1,0.273315,52.6,0.311051,49.0125,0.313881,0.273315,0.385445,2.79383,0.233352,0.325769,41,False,0.257143,0.113359,0.0592897,19,0.257143,0.501405,0.51488,0.0302134,trot,0.650321,-0.400187,-0.423378,124.588,209,0.000539084,0.313101,0.00616293,0.286754,0.327853,0.0410991,0.286754,0.329389,7.47964,40.3502,4.05287,13.8782,4.65344,25.2825,11.391,40.3502,FR_calf,0.00107817,0.00020002,0.00107817,15.3802,0.00472329,40,0.00050005,0.00260026,0,True
01_running_trot_flight,run_trot_15_lvl0_20260824_232013,run_trot_15_lvl0,trot_run+move:forward,move,trot_run,forward,speed_level→trot_run→move,speed_level→trot_run,1.5,0,0,3.5,0,9679,411,23.904,15.4236,19.8602,4.43664,4.3409,1,0.0272216,4.58557,4.14508,move,0.128747,0.331657,0.592803,-0.0747581,1.37347,1.95331,-1.78749,1.95331,0.00835396,1.83508,0.402307,0.405315,0.499886,0.019552,-0.0506974,-0.0469475,0.810666,1.81355,0.408767,-7.44491,41,0.321749,48.6,0.308857,56.55,0.254484,53.5,0.295404,49.9125,0.295123,0.254484,0.321749,2.9714,0.324678,0.21865,42,True,0.297646,0.143561,0.0587295,22,0.297646,0.505284,0.472658,0.926451,trot,0.707295,-0.417626,-0.393392,124.187,209,0.00182175,0.314759,0.00704003,0.278609,0.329177,0.0505677,0.278609,0.33341,7.31257,40.3028,3.93554,11.7754,4.27814,25.2578,11.253,40.3028,FR_calf,0.00112108,0.000206633,0.00112108,15.4328,0.00486648,40,0.000619899,0.00309949,0,True
01_running_trot_flight,run_trot_15_lvl0_20260824_232104,run_trot_15_lvl0,trot_run+move:forward,move,trot_run,forward,speed_level→trot_run→move,speed_level→trot_run,1.5,0,0,3.5,0,9926,417.4,24.08,15.623,20.8034,5.18037,5.08564,1,0.0274349,4.49128,4.29365,move,0.66975,0.266617,0.540943,-0.0953228,1.34543,1.58124,-1.33907,1.58124,0.0101626,1.52095,0.335502,0.286915,0.365707,0.0114005,-0.0487131,-0.0327648,0.642354,1.91158,0.369004,-8.17687,41.405,0.439943,45.9,0.4065,57.45,0.235045,53.5,0.246821,49.5637,0.332077,0.235045,0.439943,2.84142,0.100747,0.291528,43,True,0.222327,0.12217,0.0565337,20,0.222327,0.514833,0.482459,0.989712,trot,0.464913,-0.482528,-0.217267,124.748,209,0.000824305,0.309849,0.0116359,0.256058,0.329714,0.0736564,0.256058,0.336012,7.38946,36.7467,4.01389,12.4186,5.46424,26.1978,10.8556,36.7467,FR_calf,0.000942063,0.000201491,0.000942063,15.6295,0.00479099,40,0.000805964,0.00282087,0,True
01_running_trot_flight,run_trot_15_lvl0_20260824_232155,run_trot_15_lvl0,trot_run+move:forward,move,trot_run,forward,speed_level→trot_run→move,speed_level→trot_run,1.5,0,0,3.5,0,9996,425.7,23.813,15.2725,20.2535,4.98098,4.95398,1,0.028141,4.56194,4.01563,move,0.421924,0.300077,0.567333,-0.0773674,1.37189,2.19875,-1.67787,2.19875,0.0204813,1.38599,0.374809,0.360093,0.456624,0.026513,-0.0381965,-0.0235949,0.664725,1.95953,0.393403,-5.10783,40.55,0.293978,47.25,0.402086,57.45,0.241347,52.95,0.25083,49.55,0.29706,0.241347,0.402086,2.98769,0.259584,0.258067,46,True,0.256994,0.0939588,0.0578701,22,0.256994,0.531245,0.4726,0.0114273,trot,0.59974,-0.396921,-0.377879,122.062,209,0.00142248,0.31278,0.00940597,0.262293,0.32754,0.0652463,0.262293,0.334341,7.26859,35.2768,3.86272,11.4291,5.19191,26.0989,10.7991,35.2768,FL_calf,0.000474158,0.00010004,0.000474158,15.2819,0.00234897,40,0.00060024,0.00290116,0,True
01_running_trot_flight,run_trot_20_lvl0_20260824_231436,run_trot_20_lvl0,trot_run+move:forward,move,trot_run,forward,speed_level→trot_run→move,speed_level→trot_run,2,0,0,3,0,10142,432.5,23.924,15.4699,20.7837,5.31385,5.25832,1,0.0272796,4.52609,4.10079,move,1.26192,0.313137,0.683037,-0.0896062,1.87254,2.45888,-2.28638,2.45888,0.0088782,0.823866,0.397967,0.353164,0.450388,0.0180317,-0.0529014,-0.0291149,0.659399,1.98481,0.373516,-8.05064,45.915,0.361917,49.05,0.48285,55.965,0.205365,49.45,0.162269,50.095,0.3031,0.162269,0.48285,3.05646,0.242825,0.605072,38,False,0.269569,0.178052,0.0674991,21,0.269569,0.42062,0.410472,0.988566,trot,0.437071,-0.353943,-0.158005,121.461,209,0.00329815,0.30421,0.0177257,0.212018,0.327808,0.11579,0.212018,0.334511,7.42725,39.9709,3.79084,17.6137,6.23157,27.4842,10.5967,39.9709,FL_calf,0.000879507,0.0001972,0.000879507,15.4762,0.00462474,40,0.0003944,0.0026622,0,True
01_running_trot_flight,run_trot_20_lvl0_20260824_232530,run_trot_20_lvl0,trot_run+move:forward,move,trot_run,forward,speed_level→trot_run→move,speed_level→trot_run,2,0,0,3,0,9989,426.3,23.888,15.3298,19.8342,4.50443,4.37524,1,0.0272611,4.55213,4.04143,move,1.5167,0.402426,0.762497,-0.0885517,1.92349,2.38364,-1.76646,2.38364,0.0195565,0.7448,0.490795,0.51385,0.620814,0.024749,-0.0377669,-0.0131944,0.617853,2.05942,0.457198,-6.42638,45.05,0.396783,47.7,0.338338,57.45,0.250402,51.15,0.213941,50.3375,0.299866,0.213941,0.396783,2.9288,0.20935,0.203991,37,True,0.279893,0.166564,0.0644526,19,0.279893,0.48429,0.481341,0.00091605,trot,0.662434,-0.420906,-0.352719,124.463,209,0.00375335,0.305371,0.0150316,0.249477,0.338097,0.0886204,0.249477,0.338097,7.94263,42.0571,4.01772,15.1151,6.00599,27.5337,11.7065,42.0571,FL_calf,0.000536193,0.00010011,0.000536193,15.3415,0.00234598,40,0.000600661,0.00290319,0,True
01_running_trot_flight,run_trot_20_lvl0_20260824_232622,run_trot_20_lvl0,trot_run+move:forward,move,trot_run,forward,speed_level→trot_run→move,speed_level→trot_run,2,0,0,3,0,9996,422.9,23.862,15.4541,20.2458,4.79176,4.6676,1,0.027348,4.37221,4.17702,move,1.62817,0.339792,0.716075,-0.116401,1.8808,2.30498,-2.26653,2.30498,0.00964678,0.959878,0.434037,0.388116,0.493115,0.0160529,-0.0825777,-0.0436149,1.05035,1.93919,0.404692,-15.1301,42.35,0.512158,48.6,0.442756,48.8,0.176798,54.75,0.253293,48.625,0.346251,0.176798,0.512158,3.08806,0.155649,0.656016,39,False,0.241135,0.0993107,0.0562761,20,0.241135,0.530743,0.540029,0.0181723,trot,0.451734,-0.460648,-0.122332,119.946,209,0.00430598,0.302636,0.0160223,0.246403,0.328109,0.0817054,0.246403,0.351994,7.7459,40.5399,3.90819,14.2987,6.58096,28.6469,11.0188,40.5399,FL_calf,0.00101317,0.00020008,0.00101317,15.4628,0.00472908,40,0.00070028,0.00280112,0,True
02_trot_no_flight,gait_economic_20260824_224519,gait_economic,economic_gait+move:forward,move,economic_gait,forward,economic_gait→move,economic_gait,0.3,0,0,5,,8660,426.6,20.39,11.4304,17.0113,5.58083,5.35427,1,0.0267628,2.25403,4.08174,move,0.258663,0.196617,0.157675,-0.000617514,0.381644,0.685858,-0.756053,0.756053,0.00316586,0.302734,0.203969,0.234059,0.243744,0.00291087,-0.00811604,-0.00252464,0.358994,1.17342,0.210259,-0.858473,35.2825,0.583187,30.25,0.484676,33.9,0.475482,41.65,0.57268,35.2706,0.529006,0.475482,0.583187,1.94142,0.062487,0.0908133,37,True,0,0,0,0,0,0.534795,0.536769,0.995289,trot,0.954763,-0.882236,-0.882403,135.725,158,0,0.34816,0.0123185,0.326393,0.360525,0.0341319,0.315396,0.360525,4.51084,20.7678,2.63302,6.60512,1.5914,10.0932,7.18176,20.7678,RL_calf,0.000875657,0.000230947,0.000875657,11.443,0.0046885,40,0.000577367,0.00323326,0,True
02_trot_no_flight,gait_static_walk_20260824_224400,gait_static_walk,static_walk+move:forward,move,static_walk,forward,static_walk→move,static_walk,0.3,0,0,5,,8170,407.4,20.324,11.5473,16.7404,5.19312,5.02886,1,0.026548,2.14321,4.25653,move,0.0277543,0.206014,0.143531,-0.0137028,0.354676,0.539117,-0.0588105,0.539117,0.0015737,0.252997,0.212112,0.25417,0.255356,0.00246985,-0.020041,-0.0184084,0.349407,1.13017,0.217629,-3.4452,32.1,0.51879,32.4,0.554417,35.7,0.531479,33,0.498292,33.3,0.525744,0.498292,0.554417,1.93708,0.110882,0.0998128,36,True,0,0,0,0,0,0.45896,0.458037,0.996735,trot,0.93378,-0.894067,-0.863644,139,118,0,0.320046,0.0016265,0.314753,0.323486,0.00873297,0.31196,0.324099,5.02432,17.9229,3.28107,6.60512,1.59199,8.0152,7.90137,17.9229,RR_calf,0.000650724,0.000163199,0.000488043,11.5538,0.0049086,40,0.000734394,0.00354957,0,True
02_trot_no_flight,run_10_20260824_225422,run_10,default+move:forward,move,default,forward,move,,1,0,0,4,,5846,421.5,13.947,5.36975,10.0115,4.64177,4.59542,1,0.0268298,3.1728,4.01749,move,0.229125,0.582793,0.443205,-0.00718726,1.01849,1.31196,-0.225861,1.31196,-0.0126145,0.855079,0.589921,0.699201,0.706343,-0.0125281,0.0125056,0.00832413,0.297209,2.87737,0.619886,4.61689,38.95,0.508518,32.85,0.545173,41.1,0.520909,38.05,0.489417,37.7375,0.516004,0.489417,0.545173,2.09139,0.166937,0.137093,34,True,0,0,0,0,0,0.481339,0.4621,0.0240366,trot,0.743249,-0.87378,-0.737949,133.94,200,0,0.32455,0.0045949,0.317803,0.333782,0.0159791,0.317631,0.333782,6.08463,25.367,2.55036,7.52044,5.22966,16.8962,8.78717,25.367,RL_calf,0,0,0,,0,40,0.0011974,0.00496066,0,True
02_trot_no_flight,run_15_20260824_225456,run_15,default+move:forward,move,default,forward,move,,1.5,0,0,3.5,,6039,439.4,13.998,5.47833,9.50354,4.02521,4.05982,1,0.0279949,4.30055,4.07361,move,0.163911,0.595786,0.806006,-0.16965,1.5309,1.97606,-3.94693,3.94693,-0.0129713,0.796014,0.723041,0.690005,0.857729,-0.019573,0.0218171,0.0208718,0.456998,2.8993,0.720285,5.58366,41.1,0.429933,45.9,0.421525,45.95,0.445628,63.15,0.268498,49.025,0.391396,0.268498,0.445628,2.77837,0.117987,0.106867,38,True,0.0896861,0.0409623,0.0202283,18,0.0896861,0.487339,0.51523,0.0428953,trot,0.678294,-0.643335,-0.568628,134.792,212,0.0168161,0.327992,0.00552931,0.310476,0.337593,0.0271171,0.310476,0.346829,7.24926,38.5484,2.82238,11.4538,6.74641,26.1484,10.2066,38.5484,RL_calf,0,0,0,,0,40,0.00115913,0.00430535,0,True
03_slow_walk,gait_classic_walk_20260824_224559,gait_classic_walk,classic_walk+move:forward,move,classic_walk,forward,classic_walk→move,classic_walk,0.3,0,0,5,,8401,418.1,20.376,11.5165,16.9577,5.44118,5.26244,1,0.0271273,1.40311,4.17432,move,0.106199,0.158376,0.101182,-1.19033e-08,0.28117,0.463033,-0.382887,0.463033,0.00434597,0.154315,0.162953,0.187466,0.194539,0.00722115,-0.0128187,-0.00461889,0.203465,0.827798,0.152136,1.70249,32.3,0.627273,29.1,0.685909,35.55,0.578182,35.2,0.660455,33.0375,0.637955,0.578182,0.685909,1.38071,0.21533,0.242087,24,True,0,0,0,0,0,0.513821,0.530239,0.0451601,trot,0.659818,-0.569903,-0.529562,138.663,76,0,0.302532,0.00550034,0.291836,0.312055,0.0202191,0.291836,0.318573,5.2729,16.5478,2.94604,8.16363,2.98637,9.8211,8.1125,16.5478,FL_calf,0,0,0,,0,40,0.000833234,0.00297584,0,True
03_slow_walk,gait_cross_step_20260824_224639,gait_cross_step,cross_step+move:forward,move,cross_step,forward,cross_step→move,cross_step,0.3,0,0,5,,8728,437.2,20.381,11.4135,17.0143,5.60086,5.53506,1,0.0262332,1.35434,4.058,move,0.256377,0.152071,0.102571,-6.26955e-05,0.279139,0.424139,-0.380494,0.424139,0.00234139,0.162291,0.159078,0.175454,0.186587,0.00228599,-0.0180383,-0.00733668,0.197074,0.822905,0.146925,-0.326749,32.4,0.726033,29.55,0.730992,34.2,0.631405,34.75,0.631818,32.725,0.680062,0.631405,0.730992,1.42494,0.899135,0.382046,29,False,0,0,0,0,0,0.564238,0.59382,0.16914,trot,0.457485,-0.466215,-0.438042,139.34,76,0,0.300619,0.00422351,0.290817,0.308031,0.0172141,0.290817,0.319067,5.1311,16.453,2.79765,7.12463,3.01846,11.2559,7.87697,16.453,FL_calf,0,0,0,,0,40,0.000687443,0.00332264,0,True
03_slow_walk,run_06_20260824_225352,run_06,default+move:forward,move,default,forward,move,,0.6,0,0,3.5,,5546,416.5,13.436,5.48964,9.36853,3.87889,3.85344,1,0.0275599,2.13538,4.14829,move,0.0651749,0.377848,0.251981,-0.00819654,0.624263,0.955741,-0.10549,0.955741,-0.00272141,0.365904,0.384522,0.443721,0.45127,-0.00273842,0.019511,0.0174285,0.270577,1.38367,0.356718,5.61998,32.65,0.545171,29.35,0.633645,34.45,0.588162,34.2,0.514642,32.6625,0.570405,0.514642,0.633645,1.54422,0.0304179,0.0486478,17,True,0,0,0,0,0,0.516161,0.523598,0.0607772,trot,0.782731,-0.75137,-0.675054,132.479,85,0,0.317952,0.00354637,0.30887,0.324065,0.0151957,0.30887,0.324065,5.74911,24.3713,2.49177,6.58038,4.44571,18.7516,8.55473,24.3713,RR_calf,0,0,0,,0,40,0.00144248,0.00522899,0,True
03_slow_walk,walk_fwd_default_20260824_224021,walk_fwd_default,default+move:forward,move,default,forward,move,,0.3,0,0,5,,5956,416.6,14.445,5.52185,11.0333,5.51142,5.39618,1,0.0273443,1.62729,4.09618,move,0.136999,0.154654,0.103622,-3.26572e-05,0.284506,0.399675,-0.404842,0.404842,0.00256811,0.132931,0.16141,0.180156,0.190092,0.000388946,-0.0120193,-0.00540451,0.185356,0.8226,0.149254,2.60924,31.85,0.628114,29.55,0.661032,33.2,0.544039,33.75,0.592527,32.0875,0.606428,0.544039,0.661032,1.42284,0.45512,0.296318,28,True,0,0,0,0,0,0.525868,0.547739,0.0685147,trot,0.546036,-0.626952,-0.468146,134.84,84,0,0.301034,0.00503431,0.292573,0.314646,0.0220721,0.292573,0.31677,5.31175,16.9746,2.91527,7.86677,3.02123,9.10369,8.18642,16.9746,FL_calf,0,0,0,,0,40,0.00083949,0.00470114,0,True
04_turn,turn_left_20260804_174425,turn_left,gamepad:forward+yaw,gamepad,default,forward+yaw,(none: gamepad teleop),,,,,,,3808,409.1,9.194,3.77756,8.68327,4.90571,4.93495,1,0.0279178,3.69656,,,0.60964,0.55627,0.517274,-9.42946e-05,1.16398,1.58876,-2.21337,2.21337,-0.00842236,0.64674,0.581013,0.637068,0.67609,-0.00853121,0.307828,0.284915,2.00163,2.48955,0.50748,81.5529,40,0.461615,35.095,0.544824,49.25,0.545319,47.3,0.435364,42.9112,0.496781,0.435364,0.545319,2.24158,0.169322,0.141457,32,True,0.00990589,0.0244425,0.0244425,2,0.00999001,0.566706,0.557001,0.0774974,trot,0.746526,-0.746959,-0.714236,146.15,210,0.00284794,0.324329,0.00876187,0.312989,0.351873,0.0388841,0.305211,0.351873,6.10486,33.6647,2.44464,9.40055,5.05835,18.6032,8.95795,33.6647,RR_calf,0,0,0,,0,40,0.00131303,0.00814076,0,False
04_turn,turn_left_20260824_223921,turn_left,default+move:yaw,move,default,yaw,move,,0,0,0.6,4,,5701,423.2,13.541,5.53349,9.94898,4.41549,4.36252,1,0.025909,1.46754,4.10917,move,0.04217,0.00250115,0.0239559,-0.0270372,0.0428582,0.167691,-0.137497,0.167691,0.0117392,0.192948,0.0302399,0.0021133,0.0405595,0.0152618,0.385914,0.284893,0.796818,0.0423036,0.00958074,89.6444,26.15,0.287649,31.85,0.86078,31.4,0.861322,29.35,0.252979,29.6875,0.565683,0.252979,0.861322,0.878673,1.55257,0.555004,7,False,0,0,0,0,0,0.193567,0.217205,0.0246365,trot,0.660392,-0.632466,-0.657592,120.898,98,0,0.31381,0.0026327,0.305325,0.320855,0.0155309,0.305325,0.323803,4.28683,14.6512,3.68291,10.2911,2.27706,8.88104,6.03175,14.6512,RL_calf,0,0,0,,0,40,0.00105245,0.00526223,0,True
04_turn,turn_right_20260804_174232,turn_right,gamepad:forward+yaw,gamepad,default,forward+yaw,(none: gamepad teleop),,,,,,,5110,443.1,11.646,4.28106,8.391,4.10994,4.09366,1,0.0268006,4.04928,,,0.718052,0.555546,0.540208,-0.0420787,1.16233,2.23707,-1.94131,2.23707,-0.0140366,0.832744,0.60558,0.65218,0.721035,-0.0237953,-0.721744,-0.433896,2.20403,1.95377,0.475377,-97.4256,36.365,0.466924,52.6,0.485667,44.3,0.514333,52.115,0.478501,46.345,0.486356,0.466924,0.514333,2.14938,0.127382,0.108114,28,True,0.00496141,0.0203103,0.0203103,1,0.00496141,0.487145,0.469747,0.97866,trot,0.758454,-0.80109,-0.778612,147.459,212,0.00427233,0.327172,0.00716255,0.313231,0.348142,0.034911,0.304843,0.348142,6.4064,32.4793,2.82124,9.4995,5.67216,26.3215,9.11005,32.4793,RL_calf,0,0,0,,0,40,0.00156556,0.00547945,0,False
04_turn,turn_right_20260824_223951,turn_right,default+move:yaw,move,default,yaw,move,,0,0,-0.6,4,,5647,419.2,13.554,5.57792,9.94333,4.36541,4.34678,1,0.0266981,1.2391,4.16059,move,0.228982,0.00612547,0.0197167,-0.0238864,0.0372641,0.104759,-0.0932825,0.104759,0.0128238,0.149795,0.0292896,0.00750999,0.0318544,0.0143151,-0.395449,-0.333434,0.769121,0.0687947,0.015759,-101.587,27.1,0.827113,27.85,0.750823,32.3,0.484083,27,0.799671,28.5625,0.715423,0.484083,0.827113,1.04044,0.174597,0.0936042,11,True,0,0,0,0,0,0.499616,0.668616,0.023436,trot,0.668639,-0.380161,-0.390045,120.778,68,0,0.319368,0.00184588,0.313824,0.325087,0.0112629,0.313824,0.32515,4.54933,14.4616,2.80279,11.5528,1.11128,4.08182,7.28001,14.4616,RR_calf,0,0,0,,0,40,0.00141668,0.00531256,0,True
05_lateral_and_backward,strafe_left_20260824_224217,strafe_left,default+move:lateral,move,default,lateral,move,,0,0.3,0,4,,5512,412.4,13.515,5.55743,9.98628,4.42885,4.37677,1,0.0271904,1.20215,4.1392,move,0.260018,0.0197023,0.0306771,-0.0163609,0.0770824,0.146185,-0.0773706,0.146185,0.12796,0.303974,0.135744,0.0242751,0.160107,0.150607,0.0119776,0.00802814,0.275903,0.548315,0.123805,4.62913,28.8,0.602216,26.4,0.58615,34.05,0.401662,32.85,0.691413,30.525,0.57036,0.401662,0.691413,1.36065,0.115434,0.152436,20,True,0,0,0,0,0,0.447188,0.591231,0.979949,trot,0.624504,-0.599801,-0.749149,128.019,84,0,0.320713,0.00523128,0.309103,0.327501,0.0183976,0.302272,0.327501,5.26248,18.0177,3.92315,10.3159,1.68009,5.44242,8.05402,18.0177,RL_calf,0,0,0,,0,40,0.00344702,0.00471698,0,True
05_lateral_and_backward,strafe_right_20260824_224246,strafe_right,default+move:lateral,move,default,lateral,move,,0,-0.3,0,4,,5607,416.8,13.564,5.57228,10.0473,4.47502,4.39742,1,0.0263278,1.196,4.14722,move,0.179305,0.00326398,0.0225364,-0.0306853,0.0454615,0.0921536,-0.0998648,0.0998648,-0.117898,0.282926,0.123197,0.00524999,0.14554,-0.137329,0.0411438,0.0305812,0.166181,0.518583,0.115884,11.8987,32.4,0.720676,25.6,0.63066,32.3,0.604474,37,0.583742,31.825,0.634888,0.583742,0.720676,1.47397,0.0435224,0.114716,20,True,0,0,0,0,0,0.528996,0.601084,0.187875,trot,0.617221,-0.510704,-0.54467,136.674,106,0,0.320522,0.00359962,0.311777,0.327394,0.0156169,0.310971,0.329853,4.84104,15.7892,3.49666,9.52424,1.181,3.98286,7.52898,15.7892,RL_calf,0,0,0,,0,40,0.00142679,0.00481541,0,True
05_lateral_and_backward,walk_back_20260804_174520,walk_back,gamepad:backward,gamepad,default,backward,(none: gamepad teleop),,,,,,,2609,414.1,6.233,1.88761,6.00806,4.12045,4.18228,1,0.0273882,2.52309,,,,-0.614689,0.445041,-1.10314,0.019422,0.0355696,-1.30418,1.30418,0.00623444,0.305634,0.6225,-0.752896,0.755946,0.00354772,-0.00981784,8.79521e-05,0.343015,2.49342,0.605135,1.69444,42,0.432448,50.45,0.521363,44.4,0.528291,49.65,0.366051,46.625,0.462038,0.366051,0.528291,2.24902,0.0512559,0.0892318,29,True,0.0242494,0.0144883,0.00921982,11,0.0242494,0.53731,0.509985,0.0601839,trot,0.839824,-0.82058,-0.808986,151.904,198,0,0.319221,0.0045153,0.311345,0.331682,0.0203376,0.302659,0.331682,5.22016,16.7375,2.57213,9.87057,5.02058,15.7088,7.06599,16.7375,RL_calf,0,0,0,,0,40,0.00268302,0.0122652,0,False
05_lateral_and_backward,walk_back_20260824_224147,walk_back,default+move:backward,move,default,backward,move,,-0.3,0,0,4,,5554,419.6,13.42,5.47428,9.90956,4.43527,4.25641,1,0.0270605,1.02782,4.05798,move,0.21007,-0.114221,0.0995778,-0.252739,0.000443121,0.142126,-0.323276,0.323276,0.00353099,0.0933625,0.115669,-0.14131,0.143249,0.00427508,0.0184454,0.0154881,0.102265,0.551041,0.12424,7.39552,29.35,0.428891,28.85,0.666853,33.75,0.773236,30.6,0.571109,30.6375,0.610022,0.428891,0.773236,1.52543,0.0863615,0.147917,23,True,0,0,0,0,0,0.299314,0.342853,0.809461,trot,0.657582,-0.618712,-0.574051,131.526,112,0,0.315408,0.00227405,0.310968,0.318892,0.00792336,0.308466,0.318892,5.18488,15.7892,2.67966,6.23405,2.36934,7.8173,8.23739,15.7892,RR_calf,0,0,0,,0,40,0.0014404,0.00486136,0,True
06_jump_four_leg_sync,front_jump_20260824_230358,front_jump,front_jump,front_jump,default,discrete,balance_stand→front_jump,balance_stand,,,,,,6827,429,16.284,9.43144,12.9074,3.47599,1.48008,3,0.0268767,7.99453,4.10909,front_jump,0.0996484,0.0034832,0.00782726,-9.09354e-05,0.0237564,0.0416069,-0.000236148,0.0416069,-0.00139325,0.0309561,0.00438366,-3.30276e-05,3.31425e-05,1.50512e-06,-0.00530244,-0.00463851,0.0426106,0.0232347,0.00668433,-1.49864,38.05,0.305512,36.9,0.319685,40.2,0.392126,43.1,0.32126,39.5625,0.334646,0.305512,0.392126,1.49064,0.730666,0.364194,6,False,0.562205,0.477821,0.208027,4,0.736082,0.00197667,0.774552,0.937797,four-leg-sync,0.68301,0.673944,0.876473,111.025,190,0,0.211509,0.0822612,0.11991,0.362505,0.242595,0.119904,0.365348,8.97615,56.1868,3.00913,15.7335,4.23693,28.0037,14.6529,56.1868,RL_calf,0.0015748,0.000146477,0.0015748,12.6026,0.00233084,70,0.00102534,0.00410136,0,True
06_jump_four_leg_sync,front_jump_20260824_232314,front_jump,front_jump,front_jump,default,discrete,balance_stand→front_jump,balance_stand,,,,,,6659,410.5,16.363,9.49433,13.3756,3.88125,2.86941,2,0.0271297,7.93522,4.14048,front_jump,0.184593,0.0116202,0.124013,-0.148547,0.114274,0.972557,-0.728751,0.972557,-0.0813533,1.62109,0.136601,0.00631684,0.204055,-0.105389,0.0132303,-0.0489633,0.820254,0.28988,0.0746872,-12.435,44.5525,0.236842,29.7,0.159593,37.4,0.541596,40.535,0.159593,38.0469,0.274406,0.159593,0.541596,1.49463,0.608422,0.496171,9,False,0.317487,0.4555,0.151833,6,0.34375,0.903366,0.546212,0.917126,asymmetric,0.255086,0.293452,0.331193,102.028,212,0.00573005,0.310033,0.0741664,0.119954,0.387304,0.26735,0.119468,0.387304,8.36007,54.6695,3.88413,19.1722,4.81382,26.1484,13.0925,54.6695,RR_calf,0.00169779,0.000300345,0.00169779,11.521,0.00487166,70,0.00105121,0.00405466,0,True
06_jump_four_leg_sync,front_jump_20260824_232348,front_jump,front_jump,front_jump,default,discrete,balance_stand→front_jump,balance_stand,,,,,,6830,419.9,16.379,9.4809,16.0685,6.58763,3.15552,5,0.027453,8.02936,4.09278,front_jump,,0.0828916,0.201273,-0.0124968,0.629321,1.05066,-0.0901738,1.05066,0.00620987,0.123479,0.092049,0.0381477,0.0489719,0.0181825,-0.0225238,-0.00410589,0.176834,0.574799,0.0872543,1.46756,33.9,0.483019,36.45,0.53283,34.25,0.556226,38.95,0.515472,35.8875,0.521887,0.483019,0.556226,1.62861,0.867857,0.306256,8,False,0.209057,0.433437,0.131936,5,0.238793,0.185,0.062757,0.0261748,trot,0.533157,-0.0317142,0.127595,125.645,212,0.00396226,0.271369,0.0709351,0.117558,0.327381,0.209824,0.116972,0.333611,7.55858,53.8161,2.67501,22.2397,4.64222,27.1626,11.9453,53.8161,RR_calf,0.00150943,0.000292826,0.00150943,11.5435,0.00476305,70,0.000878477,0.00409956,0,True
06_jump_four_leg_sync,front_jump_20260824_232421,front_jump,front_jump,front_jump,default,discrete,balance_stand→front_jump,balance_stand,,,,,,6848,423.2,16.326,9.4668,14.6876,5.22081,2.52824,4,0.0266787,7.88524,4.13955,front_jump,0.217188,0.0766316,0.231674,-0.0317144,0.760172,1.02405,-0.195127,1.02405,0.000168782,0.19923,0.0853885,-0.00427593,0.00562911,0.00186739,-0.00554281,-0.00993683,0.253533,0.62293,0.119317,-0.988854,43.35,0.365421,36,0.440187,37.85,0.439252,40.3,0.435514,39.375,0.420093,0.365421,0.440187,2.60676,1.01141,0.243072,9,True,0.272897,0.411134,0.172487,4,0.309979,0.122057,0.10609,0.0189312,trot,0.496076,-0.0386831,0.259183,122.523,212,0.00233645,0.260544,0.0756985,0.118242,0.324187,0.205945,0.117993,0.331101,8.05219,54.9066,2.83615,18.7764,5.00708,27.88,12.7043,54.9066,RL_calf,0.00280374,0.000438084,0.00280374,11.4351,0.00708851,70,0.00131425,0.00394276,0,True
06_jump_four_leg_sync,front_jump_20260824_232454,front_jump,front_jump,front_jump,default,discrete,balance_stand→front_jump,balance_stand,,,,,,7005,435.2,16.378,9.46227,12.9466,3.4843,1.42239,3,0.0282691,7.97819,4.1035,front_jump,0.0978644,0.00317102,0.00706635,-0.000629872,0.0196469,0.0352829,-0.00201266,0.0352829,-0.000336422,0.0167548,0.00367937,-2.91974e-05,2.9386e-05,2.7728e-06,-0.00973956,-0.00812802,0.0426106,0.0302032,0.00866838,0.205811,50.1,0.213247,52.2,0.258481,40.55,0.400646,42,0.483037,46.2125,0.338853,0.213247,0.483037,1.62189,0.277039,0.0827633,4,False,0.470113,0.475663,0.133737,5,0.557471,0.0364961,0.906961,0.905488,bound,0.41462,0.407386,0.827773,123.533,212,0.00403877,0.208734,0.0675838,0.118694,0.329434,0.21074,0.118538,0.331228,9.5334,54.5747,2.79262,17.8858,4.66316,27.0637,15.5921,54.5747,FR_calf,0.00161551,0.000142755,0.00161551,11.386,0.00229789,70,0.000999286,0.00356888,0,True
06_jump_four_leg_sync,front_pounce_20260824_230431,front_pounce,front_pounce,front_pounce,default,discrete,balance_stand→front_pounce,balance_stand,,,,,,6770,418,16.372,9.53278,13.0914,3.55863,2.54518,2,0.0264464,5.33409,4.11457,front_pounce,0.132948,-0.0143039,0.0998655,-0.200031,0.0142573,0.499596,-0.464516,0.499596,0.000353001,0.0384766,0.0340156,-0.0121266,0.0218034,0.000491062,-0.00667924,-0.00692322,0.0958738,0.170152,0.047814,3.1815,38.25,0.37782,38.9,0.37218,37.25,0.693609,37.35,0.723684,37.9375,0.541823,0.37218,0.723684,1.14353,2.14804,0.516151,8,False,0.134398,0.179407,0.114023,3,0.168433,0.00309902,0.641011,0.877669,bound,-0.156122,-0.155528,0.900156,131.189,210,0.00587406,0.291291,0.0596832,0.181434,0.347867,0.166433,0.181201,0.387687,7.38306,50.4022,1.87682,17.6137,6.56176,26.5442,10.8143,50.4022,FL_calf,0.0018797,0.000295421,0.0018797,12.8122,0.00478418,100,0.00118168,0.0042836,0,True
06_jump_four_leg_sync,front_pounce_20260824_232714,front_pounce,front_pounce,front_pounce,default,discrete,balance_stand→front_pounce,balance_stand,,,,,,7040,438.8,16.28,9.44533,15.5258,6.08046,3.6027,3,0.0279091,5.31759,4.09133,front_pounce,0.23962,-0.00897852,0.0841728,-0.0524665,0.0284938,0.536829,-0.48543,0.536829,0.00139686,0.196396,0.0260004,-0.0345689,0.0415625,-0.00120394,-0.000764417,-0.00159891,0.254598,0.738884,0.121518,4.8921,43.1,0.411765,36,0.433903,32.55,0.619861,37.25,0.689437,37.225,0.538741,0.411765,0.689437,1.49063,0.160236,0.3118,8,False,0.0872865,0.129888,0.104822,3,0.0989957,0.120025,0.564654,0.990053,bound,-0.0403767,-0.403464,0.470143,127.971,209,0.00379507,0.291812,0.044059,0.185046,0.32931,0.144264,0.184343,0.387336,6.99433,54.0057,2.02904,17.2921,6.42236,26.8163,10.0697,54.0057,FR_calf,0.000632511,0.000142045,0.000632511,12.6603,0.00227875,100,0.000994318,0.00383523,0,True
06_jump_four_leg_sync,front_pounce_20260824_232747,front_pounce,front_pounce,front_pounce,default,discrete,balance_stand→front_pounce,balance_stand,,,,,,6836,424.5,16.305,9.47532,12.85,3.37469,2.38856,2,0.0273209,5.36165,4.15094,front_pounce,1.06962,-0.0145118,0.0973995,-0.226418,0.024196,0.500808,-0.455615,0.500808,-0.00020182,0.0670146,0.030659,-0.0121167,0.0210416,0.000416668,-0.00295907,-0.0160725,0.143811,0.200682,0.0594669,3.70179,42.2,0.341223,44.1,0.253452,30.75,0.687377,34.9,0.695266,37.9875,0.494329,0.253452,0.695266,1.59649,1.78835,0.651217,6,False,0.138067,0.106001,0.0824454,4,0.152174,0.984336,0.0533999,0.0281161,bound,-0.327481,-0.327086,0.877073,125.952,209,0.00641026,0.274647,0.045374,0.182267,0.314492,0.132225,0.182124,0.387135,7.58703,52.441,1.89024,21.4481,6.74724,27.0142,11.1171,52.441,FR_calf,0.000986193,0.000146284,0.000986193,12.7074,0.00235558,100,0.00131656,0.00394968,0,True
07_posture_transition,stand_up_down_20260824_222143,stand_up_down,stand_down→recovery_stand,balance_stand,default,discrete,balance_stand→stand_down→recovery_stand→balance_stand,balance_stand→stand_down→recovery_stand,,,,,,10924,439.9,25.182,8.62831,16.4712,7.84289,1.42296,2,0.0259149,2.06542,2.78187,stand_down,0.131401,8.3549e-05,0.00862634,-0.0160743,0.0139013,0.0313187,-0.0374963,0.0374963,-0.00144613,0.0485075,0.0092271,0.00360659,0.0116444,-0.00662827,0.00823236,0.010411,0.150202,0.0084336,0.00107532,5.56272,28.35,0.464856,22.55,0.482428,21.7,0.824281,25.05,0.750799,24.4125,0.630591,0.464856,0.824281,3.7454,0.199469,0.21891,4,False,0.175719,0.127293,0.12502,2,0.303867,0.0655632,,0.172659,bound,0.424718,0.3898,0.854549,94.1246,74,0,0.237442,0.118441,0.0716879,0.326295,0.254608,0.0713648,0.340346,5.64398,21.3368,3.27546,8.53471,4.20561,12.5918,8.19437,21.3368,FR_calf,0,0.231051,0,9.29035,5.73729,100,0.000549249,0.00247162,0,True
