argv,drift_max_m,entry_frame,family,fell,final_dist_m,foot_comp,foot_len_bias,foot_yaw_bias,grid_cols,grid_rows,heading,heading_cap_rad,heading_len,heading_len_cap_rad,inplace_at,level_m,n_probes,param,probe,reached,rep,run_utc,score,settle_ok,skill,spawn_x,spawn_z0_m,steps,swing_lift_mm,swing_lift_sym,t_reached_s,yaw_cum_deg,yaw_ok_deg
--headless --device cpu --params skill.STEP_TROT_MAX --reps 5 --foot-comp on --heading heading-only --foot-len-bias -0.04 --trace-npz outputs/trace_trot_E_ladder.npz --results-csv outputs/trot_step_ff.csv,,0,step_up,1,11.084888138595527,on,-0.04,0.0,4,4,heading-only,0.0,0,0.04,obstacle,0.02,15,skill.STEP_TROT_MAX,step_up_0p02,0,0,2026-08-31T02:30:34Z,goal,1,TROT,1.0,0.0,901,0.0,1,nan,,
--headless --device cpu --params skill.STEP_TROT_MAX --reps 5 --foot-comp on --heading heading-only --foot-len-bias -0.04 --trace-npz outputs/trace_trot_E_ladder.npz --results-csv outputs/trot_step_ff.csv,,0,step_up,0,1.4212121097294053,on,-0.04,0.0,4,4,heading-only,0.0,0,0.04,obstacle,0.04,15,skill.STEP_TROT_MAX,step_up_0p04,0,0,2026-08-31T02:30:34Z,goal,1,TROT,0.9999999999999982,0.0,901,0.0,1,nan,,
--headless --device cpu --params skill.STEP_TROT_MAX --reps 5 --foot-comp on --heading heading-only --foot-len-bias -0.04 --trace-npz outputs/trace_trot_E_ladder.npz --results-csv outputs/trot_step_ff.csv,,0,step_up,1,1.607710266333814,on,-0.04,0.0,4,4,heading-only,0.0,0,0.04,obstacle,0.06,15,skill.STEP_TROT_MAX,step_up_0p06,0,0,2026-08-31T02:30:34Z,goal,1,TROT,0.9999999999999964,0.0,901,0.0,1,nan,,
--headless --device cpu --params skill.STEP_TROT_MAX --reps 5 --foot-comp on --heading heading-only --foot-len-bias -0.04 --trace-npz outputs/trace_trot_E_ladder.npz --results-csv outputs/trot_step_ff.csv,,0,step_up,1,1.8589721985259917,on,-0.04,0.0,4,4,heading-only,0.0,0,0.04,obstacle,0.08,15,skill.STEP_TROT_MAX,step_up_0p08,0,0,2026-08-31T02:30:34Z,goal,1,TROT,1.0,0.0,901,0.0,1,nan,,
--headless --device cpu --params skill.STEP_TROT_MAX --reps 5 --foot-comp on --heading heading-only --foot-len-bias -0.04 --trace-npz outputs/trace_trot_E_ladder.npz --results-csv outputs/trot_step_ff.csv,,0,step_up,1,1.9528980108096923,on,-0.04,0.0,4,4,heading-only,0.0,0,0.04,obstacle,0.1,15,skill.STEP_TROT_MAX,step_up_0p10,0,0,2026-08-31T02:30:34Z,goal,1,TROT,1.0,0.0,901,0.0,1,nan,,
--headless --device cpu --params skill.STEP_TROT_MAX --reps 5 --foot-comp on --heading heading-only --foot-len-bias -0.04 --trace-npz outputs/trace_trot_E_ladder.npz --results-csv outputs/trot_step_ff.csv,,0,step_up,0,1.4210816376364375,on,-0.04,0.0,4,4,heading-only,0.0,0,0.04,obstacle,0.12,15,skill.STEP_TROT_MAX,step_up_0p12,0,0,2026-08-31T02:30:34Z,goal,1,TROT,0.9999999999999982,0.0,901,0.0,1,nan,,
--headless --device cpu --params skill.STEP_TROT_MAX --reps 5 --foot-comp on --heading heading-only --foot-len-bias -0.04 --trace-npz outputs/trace_trot_E_ladder.npz --results-csv outputs/trot_step_ff.csv,,0,step_up,1,1.9844843695422743,on,-0.04,0.0,4,4,heading-only,0.0,0,0.04,obstacle,0.14,15,skill.STEP_TROT_MAX,step_up_0p14,0,0,2026-08-31T02:30:34Z,goal,1,TROT,0.9999999999999964,0.0,901,0.0,1,nan,,
--headless --device cpu --params skill.STEP_TROT_MAX --reps 5 --foot-comp on --heading heading-only --foot-len-bias -0.04 --trace-npz outputs/trace_trot_E_ladder.npz --results-csv outputs/trot_step_ff.csv,,0,step_up,1,1.9990578064170974,on,-0.04,0.0,4,4,heading-only,0.0,0,0.04,obstacle,0.16,15,skill.STEP_TROT_MAX,step_up_0p16,0,0,2026-08-31T02:30:34Z,goal,1,TROT,1.0,0.0,901,0.0,1,nan,,
--headless --device cpu --params skill.STEP_TROT_MAX --reps 5 --foot-comp on --heading heading-only --foot-len-bias -0.04 --trace-npz outputs/trace_trot_E_ladder.npz --results-csv outputs/trot_step_ff.csv,,0,step_up,1,1.9801599296684427,on,-0.04,0.0,4,4,heading-only,0.0,0,0.04,obstacle,0.18,15,skill.STEP_TROT_MAX,step_up_0p18,0,0,2026-08-31T02:30:34Z,goal,1,TROT,1.0,0.0,901,0.0,1,nan,,
--headless --device cpu --params skill.STEP_TROT_MAX --reps 5 --foot-comp on --heading heading-only --foot-len-bias -0.04 --trace-npz outputs/trace_trot_E_ladder.npz --results-csv outputs/trot_step_ff.csv,,0,step_up,1,1.8868666219749528,on,-0.04,0.0,4,4,heading-only,0.0,0,0.04,obstacle,0.2,15,skill.STEP_TROT_MAX,step_up_0p20,0,0,2026-08-31T02:30:34Z,goal,1,TROT,0.9999999999999982,0.0,901,0.0,1,nan,,
--headless --device cpu --params skill.STEP_TROT_MAX --reps 5 --foot-comp on --heading heading-only --foot-len-bias -0.04 --trace-npz outputs/trace_trot_E_ladder.npz --results-csv outputs/trot_step_ff.csv,,0,step_up,1,2.056714323452714,on,-0.04,0.0,4,4,heading-only,0.0,0,0.04,obstacle,0.22,15,skill.STEP_TROT_MAX,step_up_0p22,0,0,2026-08-31T02:30:34Z,goal,1,TROT,0.9999999999999964,0.0,901,0.0,1,nan,,
--headless --device cpu --params skill.STEP_TROT_MAX --reps 5 --foot-comp on --heading heading-only --foot-len-bias -0.04 --trace-npz outputs/trace_trot_E_ladder.npz --results-csv outputs/trot_step_ff.csv,,0,step_up,1,1.4399346602371483,on,-0.04,0.0,4,4,heading-only,0.0,0,0.04,obstacle,0.24,15,skill.STEP_TROT_MAX,step_up_0p24,0,0,2026-08-31T02:30:34Z,goal,1,TROT,1.0,0.0,901,0.0,1,nan,,
--headless --device cpu --params skill.STEP_TROT_MAX --reps 5 --foot-comp on --heading heading-only --foot-len-bias -0.04 --trace-npz outputs/trace_trot_E_ladder.npz --results-csv outputs/trot_step_ff.csv,,0,step_up,1,2.0338521946909616,on,-0.04,0.0,4,4,heading-only,0.0,0,0.04,obstacle,0.26,15,skill.STEP_TROT_MAX,step_up_0p26,0,0,2026-08-31T02:30:34Z,goal,1,TROT,1.0,0.0,901,0.0,1,nan,,
--headless --device cpu --params skill.STEP_TROT_MAX --reps 5 --foot-comp on --heading heading-only --foot-len-bias -0.04 --trace-npz outputs/trace_trot_E_ladder.npz --results-csv outputs/trot_step_ff.csv,,0,step_up,1,1.9457445549533003,on,-0.04,0.0,4,4,heading-only,0.0,0,0.04,obstacle,0.28,15,skill.STEP_TROT_MAX,step_up_0p28,0,0,2026-08-31T02:30:34Z,goal,1,TROT,0.9999999999999982,0.0,901,0.0,1,nan,,
--headless --device cpu --params skill.STEP_TROT_MAX --reps 5 --foot-comp on --heading heading-only --foot-len-bias -0.04 --trace-npz outputs/trace_trot_E_ladder.npz --results-csv outputs/trot_step_ff.csv,,0,step_up,0,1.5411430424905739,on,-0.04,0.0,4,4,heading-only,0.0,0,0.04,obstacle,0.3,15,skill.STEP_TROT_MAX,step_up_0p30,0,0,2026-08-31T02:30:34Z,goal,1,TROT,0.9999999999999964,0.0,901,0.0,1,nan,,
--headless --device cpu --params skill.STEP_TROT_MAX --reps 5 --foot-comp on --heading heading-only --foot-len-bias -0.04 --trace-npz outputs/trace_trot_E_ladder.npz --results-csv outputs/trot_step_ff.csv,,6,step_up,1,3.6864692585706775,on,-0.04,0.0,4,4,heading-only,0.0,0,0.04,obstacle,0.02,15,skill.STEP_TROT_MAX,step_up_0p02,0,1,2026-08-31T02:30:34Z,goal,1,TROT,1.0,0.0,67,0.0,1,nan,,
--headless --device cpu --params skill.STEP_TROT_MAX --reps 5 --foot-comp on --heading heading-only --foot-len-bias -0.04 --trace-npz outputs/trace_trot_E_ladder.npz --results-csv outputs/trot_step_ff.csv,,6,step_up,1,3.6894375827698527,on,-0.04,0.0,4,4,heading-only,0.0,0,0.04,obstacle,0.04,15,skill.STEP_TROT_MAX,step_up_0p04,0,1,2026-08-31T02:30:34Z,goal,1,TROT,0.9999999999999982,0.0,67,0.0,1,nan,,
--headless --device cpu --params skill.STEP_TROT_MAX --reps 5 --foot-comp on --heading heading-only --foot-len-bias -0.04 --trace-npz outputs/trace_trot_E_ladder.npz --results-csv outputs/trot_step_ff.csv,,6,step_up,1,3.6882923203779607,on,-0.04,0.0,4,4,heading-only,0.0,0,0.04,obstacle,0.06,15,skill.STEP_TROT_MAX,step_up_0p06,0,1,2026-08-31T02:30:34Z,goal,1,TROT,0.9999999999999964,0.0,67,0.0,1,nan,,
--headless --device cpu --params skill.STEP_TROT_MAX --reps 5 --foot-comp on --heading heading-only --foot-len-bias -0.04 --trace-npz outputs/trace_trot_E_ladder.npz --results-csv outputs/trot_step_ff.csv,,6,step_up,1,3.6990183201254,on,-0.04,0.0,4,4,heading-only,0.0,0,0.04,obstacle,0.08,15,skill.STEP_TROT_MAX,step_up_0p08,0,1,2026-08-31T02:30:34Z,goal,1,TROT,1.0,0.0,67,0.0,1,nan,,
--headless --device cpu --params skill.STEP_TROT_MAX --reps 5 --foot-comp on --heading heading-only --foot-len-bias -0.04 --trace-npz outputs/trace_trot_E_ladder.npz --results-csv outputs/trot_step_ff.csv,,6,step_up,1,3.686130974182282,on,-0.04,0.0,4,4,heading-only,0.0,0,0.04,obstacle,0.1,15,skill.STEP_TROT_MAX,step_up_0p10,0,1,2026-08-31T02:30:34Z,goal,1,TROT,1.0,0.0,67,0.0,1,nan,,
--headless --device cpu --params skill.STEP_TROT_MAX --reps 5 --foot-comp on --heading heading-only --foot-len-bias -0.04 --trace-npz outputs/trace_trot_E_ladder.npz --results-csv outputs/trot_step_ff.csv,,6,step_up,1,3.682717268388877,on,-0.04,0.0,4,4,heading-only,0.0,0,0.04,obstacle,0.12,15,skill.STEP_TROT_MAX,step_up_0p12,0,1,2026-08-31T02:30:34Z,goal,1,TROT,0.9999999999999982,0.0,67,0.0,1,nan,,
--headless --device cpu --params skill.STEP_TROT_MAX --reps 5 --foot-comp on --heading heading-only --foot-len-bias -0.04 --trace-npz outputs/trace_trot_E_ladder.npz --results-csv outputs/trot_step_ff.csv,,6,step_up,1,3.6927569826180773,on,-0.04,0.0,4,4,heading-only,0.0,0,0.04,obstacle,0.14,15,skill.STEP_TROT_MAX,step_up_0p14,0,1,2026-08-31T02:30:34Z,goal,1,TROT,0.9999999999999964,0.0,67,0.0,1,nan,,
--headless --device cpu --params skill.STEP_TROT_MAX --reps 5 --foot-comp on --heading heading-only --foot-len-bias -0.04 --trace-npz outputs/trace_trot_E_ladder.npz --results-csv outputs/trot_step_ff.csv,,6,step_up,1,3.695530922560794,on,-0.04,0.0,4,4,heading-only,0.0,0,0.04,obstacle,0.16,15,skill.STEP_TROT_MAX,step_up_0p16,0,1,2026-08-31T02:30:34Z,goal,1,TROT,1.0,0.0,67,0.0,1,nan,,
--headless --device cpu --params skill.STEP_TROT_MAX --reps 5 --foot-comp on --heading heading-only --foot-len-bias -0.04 --trace-npz outputs/trace_trot_E_ladder.npz --results-csv outputs/trot_step_ff.csv,,6,step_up,1,3.671432096610797,on,-0.04,0.0,4,4,heading-only,0.0,0,0.04,obstacle,0.18,15,skill.STEP_TROT_MAX,step_up_0p18,0,1,2026-08-31T02:30:34Z,goal,1,TROT,1.0,0.0,67,0.0,1,nan,,
--headless --device cpu --params skill.STEP_TROT_MAX --reps 5 --foot-comp on --heading heading-only --foot-len-bias -0.04 --trace-npz outputs/trace_trot_E_ladder.npz --results-csv outputs/trot_step_ff.csv,,6,step_up,1,3.688705416685977,on,-0.04,0.0,4,4,heading-only,0.0,0,0.04,obstacle,0.2,15,skill.STEP_TROT_MAX,step_up_0p20,0,1,2026-08-31T02:30:34Z,goal,1,TROT,0.9999999999999982,0.0,67,0.0,1,nan,,
--headless --device cpu --params skill.STEP_TROT_MAX --reps 5 --foot-comp on --heading heading-only --foot-len-bias -0.04 --trace-npz outputs/trace_trot_E_ladder.npz --results-csv outputs/trot_step_ff.csv,,6,step_up,1,3.6920218432527836,on,-0.04,0.0,4,4,heading-only,0.0,0,0.04,obstacle,0.22,15,skill.STEP_TROT_MAX,step_up_0p22,0,1,2026-08-31T02:30:34Z,goal,1,TROT,0.9999999999999964,0.0,67,0.0,1,nan,,
--headless --device cpu --params skill.STEP_TROT_MAX --reps 5 --foot-comp on --heading heading-only --foot-len-bias -0.04 --trace-npz outputs/trace_trot_E_ladder.npz --results-csv outputs/trot_step_ff.csv,,6,step_up,1,3.6960652346800025,on,-0.04,0.0,4,4,heading-only,0.0,0,0.04,obstacle,0.24,15,skill.STEP_TROT_MAX,step_up_0p24,0,1,2026-08-31T02:30:34Z,goal,1,TROT,1.0,0.0,67,0.0,1,nan,,
--headless --device cpu --params skill.STEP_TROT_MAX --reps 5 --foot-comp on --heading heading-only --foot-len-bias -0.04 --trace-npz outputs/trace_trot_E_ladder.npz --results-csv outputs/trot_step_ff.csv,,6,step_up,1,3.685415818726496,on,-0.04,0.0,4,4,heading-only,0.0,0,0.04,obstacle,0.26,15,skill.STEP_TROT_MAX,step_up_0p26,0,1,2026-08-31T02:30:34Z,goal,1,TROT,1.0,0.0,67,0.0,1,nan,,
--headless --device cpu --params skill.STEP_TROT_MAX --reps 5 --foot-comp on --heading heading-only --foot-len-bias -0.04 --trace-npz outputs/trace_trot_E_ladder.npz --results-csv outputs/trot_step_ff.csv,,6,step_up,1,3.6858583412241037,on,-0.04,0.0,4,4,heading-only,0.0,0,0.04,obstacle,0.28,15,skill.STEP_TROT_MAX,step_up_0p28,0,1,2026-08-31T02:30:34Z,goal,1,TROT,0.9999999999999982,0.0,67,0.0,1,nan,,
--headless --device cpu --params skill.STEP_TROT_MAX --reps 5 --foot-comp on --heading heading-only --foot-len-bias -0.04 --trace-npz outputs/trace_trot_E_ladder.npz --results-csv outputs/trot_step_ff.csv,,6,step_up,1,3.688094998281303,on,-0.04,0.0,4,4,heading-only,0.0,0,0.04,obstacle,0.3,15,skill.STEP_TROT_MAX,step_up_0p30,0,1,2026-08-31T02:30:34Z,goal,1,TROT,0.9999999999999964,0.0,67,0.0,1,nan,,
--headless --device cpu --params skill.STEP_TROT_MAX --reps 5 --foot-comp on --heading heading-only --foot-len-bias -0.04 --trace-npz outputs/trace_trot_E_ladder.npz --results-csv outputs/trot_step_ff.csv,,13,step_up,1,3.7841846515566173,on,-0.04,0.0,4,4,heading-only,0.0,0,0.04,obstacle,0.02,15,skill.STEP_TROT_MAX,step_up_0p02,0,2,2026-08-31T02:30:34Z,goal,1,TROT,1.0,0.0,901,0.0,1,nan,,
--headless --device cpu --params skill.STEP_TROT_MAX --reps 5 --foot-comp on --heading heading-only --foot-len-bias -0.04 --trace-npz outputs/trace_trot_E_ladder.npz --results-csv outputs/trot_step_ff.csv,,13,step_up,1,4.273606039420758,on,-0.04,0.0,4,4,heading-only,0.0,0,0.04,obstacle,0.04,15,skill.STEP_TROT_MAX,step_up_0p04,0,2,2026-08-31T02:30:34Z,goal,1,TROT,0.9999999999999982,0.0,901,0.0,1,nan,,
--headless --device cpu --params skill.STEP_TROT_MAX --reps 5 --foot-comp on --heading heading-only --foot-len-bias -0.04 --trace-npz outputs/trace_trot_E_ladder.npz --results-csv outputs/trot_step_ff.csv,,13,step_up,1,4.363268272342137,on,-0.04,0.0,4,4,heading-only,0.0,0,0.04,obstacle,0.06,15,skill.STEP_TROT_MAX,step_up_0p06,0,2,2026-08-31T02:30:34Z,goal,1,TROT,0.9999999999999964,0.0,901,0.0,1,nan,,
--headless --device cpu --params skill.STEP_TROT_MAX --reps 5 --foot-comp on --heading heading-only --foot-len-bias -0.04 --trace-npz outputs/trace_trot_E_ladder.npz --results-csv outputs/trot_step_ff.csv,,13,step_up,1,4.050859064996485,on,-0.04,0.0,4,4,heading-only,0.0,0,0.04,obstacle,0.08,15,skill.STEP_TROT_MAX,step_up_0p08,0,2,2026-08-31T02:30:34Z,goal,1,TROT,1.0,0.0,901,0.0,1,nan,,
--headless --device cpu --params skill.STEP_TROT_MAX --reps 5 --foot-comp on --heading heading-only --foot-len-bias -0.04 --trace-npz outputs/trace_trot_E_ladder.npz --results-csv outputs/trot_step_ff.csv,,13,step_up,0,2.0560929861576627,on,-0.04,0.0,4,4,heading-only,0.0,0,0.04,obstacle,0.1,15,skill.STEP_TROT_MAX,step_up_0p10,0,2,2026-08-31T02:30:34Z,goal,1,TROT,1.0,0.0,901,0.0,1,nan,,
--headless --device cpu --params skill.STEP_TROT_MAX --reps 5 --foot-comp on --heading heading-only --foot-len-bias -0.04 --trace-npz outputs/trace_trot_E_ladder.npz --results-csv outputs/trot_step_ff.csv,,13,step_up,1,4.097333662148806,on,-0.04,0.0,4,4,heading-only,0.0,0,0.04,obstacle,0.12,15,skill.STEP_TROT_MAX,step_up_0p12,0,2,2026-08-31T02:30:34Z,goal,1,TROT,0.9999999999999982,0.0,901,0.0,1,nan,,
--headless --device cpu --params skill.STEP_TROT_MAX --reps 5 --foot-comp on --heading heading-only --foot-len-bias -0.04 --trace-npz outputs/trace_trot_E_ladder.npz --results-csv outputs/trot_step_ff.csv,,13,step_up,1,4.219555014151621,on,-0.04,0.0,4,4,heading-only,0.0,0,0.04,obstacle,0.14,15,skill.STEP_TROT_MAX,step_up_0p14,0,2,2026-08-31T02:30:34Z,goal,1,TROT,0.9999999999999964,0.0,901,0.0,1,nan,,
--headless --device cpu --params skill.STEP_TROT_MAX --reps 5 --foot-comp on --heading heading-only --foot-len-bias -0.04 --trace-npz outputs/trace_trot_E_ladder.npz --results-csv outputs/trot_step_ff.csv,,13,step_up,1,4.3191754853304065,on,-0.04,0.0,4,4,heading-only,0.0,0,0.04,obstacle,0.16,15,skill.STEP_TROT_MAX,step_up_0p16,0,2,2026-08-31T02:30:34Z,goal,1,TROT,1.0,0.0,901,0.0,1,nan,,
--headless --device cpu --params skill.STEP_TROT_MAX --reps 5 --foot-comp on --heading heading-only --foot-len-bias -0.04 --trace-npz outputs/trace_trot_E_ladder.npz --results-csv outputs/trot_step_ff.csv,,13,step_up,1,4.44144938567102,on,-0.04,0.0,4,4,heading-only,0.0,0,0.04,obstacle,0.18,15,skill.STEP_TROT_MAX,step_up_0p18,0,2,2026-08-31T02:30:34Z,goal,1,TROT,1.0,0.0,901,0.0,1,nan,,
--headless --device cpu --params skill.STEP_TROT_MAX --reps 5 --foot-comp on --heading heading-only --foot-len-bias -0.04 --trace-npz outputs/trace_trot_E_ladder.npz --results-csv outputs/trot_step_ff.csv,,13,step_up,1,4.432517198720515,on,-0.04,0.0,4,4,heading-only,0.0,0,0.04,obstacle,0.2,15,skill.STEP_TROT_MAX,step_up_0p20,0,2,2026-08-31T02:30:34Z,goal,1,TROT,0.9999999999999982,0.0,901,0.0,1,nan,,
--headless --device cpu --params skill.STEP_TROT_MAX --reps 5 --foot-comp on --heading heading-only --foot-len-bias -0.04 --trace-npz outputs/trace_trot_E_ladder.npz --results-csv outputs/trot_step_ff.csv,,13,step_up,0,4.754870532984221,on,-0.04,0.0,4,4,heading-only,0.0,0,0.04,obstacle,0.22,15,skill.STEP_TROT_MAX,step_up_0p22,0,2,2026-08-31T02:30:34Z,goal,1,TROT,0.9999999999999964,0.0,901,0.0,1,nan,,
--headless --device cpu --params skill.STEP_TROT_MAX --reps 5 --foot-comp on --heading heading-only --foot-len-bias -0.04 --trace-npz outputs/trace_trot_E_ladder.npz --results-csv outputs/trot_step_ff.csv,,13,step_up,1,4.263667570698238,on,-0.04,0.0,4,4,heading-only,0.0,0,0.04,obstacle,0.24,15,skill.STEP_TROT_MAX,step_up_0p24,0,2,2026-08-31T02:30:34Z,goal,1,TROT,1.0,0.0,901,0.0,1,nan,,
--headless --device cpu --params skill.STEP_TROT_MAX --reps 5 --foot-comp on --heading heading-only --foot-len-bias -0.04 --trace-npz outputs/trace_trot_E_ladder.npz --results-csv outputs/trot_step_ff.csv,,13,step_up,1,4.427741847238402,on,-0.04,0.0,4,4,heading-only,0.0,0,0.04,obstacle,0.26,15,skill.STEP_TROT_MAX,step_up_0p26,0,2,2026-08-31T02:30:34Z,goal,1,TROT,1.0,0.0,901,0.0,1,nan,,
--headless --device cpu --params skill.STEP_TROT_MAX --reps 5 --foot-comp on --heading heading-only --foot-len-bias -0.04 --trace-npz outputs/trace_trot_E_ladder.npz --results-csv outputs/trot_step_ff.csv,,13,step_up,1,4.389576387679326,on,-0.04,0.0,4,4,heading-only,0.0,0,0.04,obstacle,0.28,15,skill.STEP_TROT_MAX,step_up_0p28,0,2,2026-08-31T02:30:34Z,goal,1,TROT,0.9999999999999982,0.0,901,0.0,1,nan,,
--headless --device cpu --params skill.STEP_TROT_MAX --reps 5 --foot-comp on --heading heading-only --foot-len-bias -0.04 --trace-npz outputs/trace_trot_E_ladder.npz --results-csv outputs/trot_step_ff.csv,,13,step_up,1,4.195552700655337,on,-0.04,0.0,4,4,heading-only,0.0,0,0.04,obstacle,0.3,15,skill.STEP_TROT_MAX,step_up_0p30,0,2,2026-08-31T02:30:34Z,goal,1,TROT,0.9999999999999964,0.0,901,0.0,1,nan,,
--headless --device cpu --params skill.STEP_TROT_MAX --reps 5 --foot-comp on --heading heading-only --foot-len-bias -0.04 --trace-npz outputs/trace_trot_E_ladder.npz --results-csv outputs/trot_step_ff.csv,,19,step_up,1,4.219803976272786,on,-0.04,0.0,4,4,heading-only,0.0,0,0.04,obstacle,0.02,15,skill.STEP_TROT_MAX,step_up_0p02,0,3,2026-08-31T02:30:34Z,goal,1,TROT,1.0,0.0,84,0.0,1,nan,,
--headless --device cpu --params skill.STEP_TROT_MAX --reps 5 --foot-comp on --heading heading-only --foot-len-bias -0.04 --trace-npz outputs/trace_trot_E_ladder.npz --results-csv outputs/trot_step_ff.csv,,19,step_up,1,4.224469714923829,on,-0.04,0.0,4,4,heading-only,0.0,0,0.04,obstacle,0.04,15,skill.STEP_TROT_MAX,step_up_0p04,0,3,2026-08-31T02:30:34Z,goal,1,TROT,0.9999999999999982,0.0,84,0.0,1,nan,,
--headless --device cpu --params skill.STEP_TROT_MAX --reps 5 --foot-comp on --heading heading-only --foot-len-bias -0.04 --trace-npz outputs/trace_trot_E_ladder.npz --results-csv outputs/trot_step_ff.csv,,19,step_up,1,4.229485211248121,on,-0.04,0.0,4,4,heading-only,0.0,0,0.04,obstacle,0.06,15,skill.STEP_TROT_MAX,step_up_0p06,0,3,2026-08-31T02:30:34Z,goal,1,TROT,0.9999999999999964,0.0,84,0.0,1,nan,,
--headless --device cpu --params skill.STEP_TROT_MAX --reps 5 --foot-comp on --heading heading-only --foot-len-bias -0.04 --trace-npz outputs/trace_trot_E_ladder.npz --results-csv outputs/trot_step_ff.csv,,19,step_up,1,4.222954867502562,on,-0.04,0.0,4,4,heading-only,0.0,0,0.04,obstacle,0.08,15,skill.STEP_TROT_MAX,step_up_0p08,0,3,2026-08-31T02:30:34Z,goal,1,TROT,1.0,0.0,84,0.0,1,nan,,
--headless --device cpu --params skill.STEP_TROT_MAX --reps 5 --foot-comp on --heading heading-only --foot-len-bias -0.04 --trace-npz outputs/trace_trot_E_ladder.npz --results-csv outputs/trot_step_ff.csv,,19,step_up,1,4.22394857056606,on,-0.04,0.0,4,4,heading-only,0.0,0,0.04,obstacle,0.1,15,skill.STEP_TROT_MAX,step_up_0p10,0,3,2026-08-31T02:30:34Z,goal,1,TROT,1.0,0.0,84,0.0,1,nan,,
--headless --device cpu --params skill.STEP_TROT_MAX --reps 5 --foot-comp on --heading heading-only --foot-len-bias -0.04 --trace-npz outputs/trace_trot_E_ladder.npz --results-csv outputs/trot_step_ff.csv,,19,step_up,1,4.2212071738058965,on,-0.04,0.0,4,4,heading-only,0.0,0,0.04,obstacle,0.12,15,skill.STEP_TROT_MAX,step_up_0p12,0,3,2026-08-31T02:30:34Z,goal,1,TROT,0.9999999999999982,0.0,84,0.0,1,nan,,
--headless --device cpu --params skill.STEP_TROT_MAX --reps 5 --foot-comp on --heading heading-only --foot-len-bias -0.04 --trace-npz outputs/trace_trot_E_ladder.npz --results-csv outputs/trot_step_ff.csv,,19,step_up,1,4.226069002446226,on,-0.04,0.0,4,4,heading-only,0.0,0,0.04,obstacle,0.14,15,skill.STEP_TROT_MAX,step_up_0p14,0,3,2026-08-31T02:30:34Z,goal,1,TROT,0.9999999999999964,0.0,84,0.0,1,nan,,
--headless --device cpu --params skill.STEP_TROT_MAX --reps 5 --foot-comp on --heading heading-only --foot-len-bias -0.04 --trace-npz outputs/trace_trot_E_ladder.npz --results-csv outputs/trot_step_ff.csv,,19,step_up,1,4.217742046542096,on,-0.04,0.0,4,4,heading-only,0.0,0,0.04,obstacle,0.16,15,skill.STEP_TROT_MAX,step_up_0p16,0,3,2026-08-31T02:30:34Z,goal,1,TROT,1.0,0.0,84,0.0,1,nan,,
--headless --device cpu --params skill.STEP_TROT_MAX --reps 5 --foot-comp on --heading heading-only --foot-len-bias -0.04 --trace-npz outputs/trace_trot_E_ladder.npz --results-csv outputs/trot_step_ff.csv,,19,step_up,1,4.2242967778699025,on,-0.04,0.0,4,4,heading-only,0.0,0,0.04,obstacle,0.18,15,skill.STEP_TROT_MAX,step_up_0p18,0,3,2026-08-31T02:30:34Z,goal,1,TROT,1.0,0.0,84,0.0,1,nan,,
--headless --device cpu --params skill.STEP_TROT_MAX --reps 5 --foot-comp on --heading heading-only --foot-len-bias -0.04 --trace-npz outputs/trace_trot_E_ladder.npz --results-csv outputs/trot_step_ff.csv,,19,step_up,1,4.223137940410176,on,-0.04,0.0,4,4,heading-only,0.0,0,0.04,obstacle,0.2,15,skill.STEP_TROT_MAX,step_up_0p20,0,3,2026-08-31T02:30:34Z,goal,1,TROT,0.9999999999999982,0.0,84,0.0,1,nan,,
--headless --device cpu --params skill.STEP_TROT_MAX --reps 5 --foot-comp on --heading heading-only --foot-len-bias -0.04 --trace-npz outputs/trace_trot_E_ladder.npz --results-csv outputs/trot_step_ff.csv,,19,step_up,1,4.2215356288250705,on,-0.04,0.0,4,4,heading-only,0.0,0,0.04,obstacle,0.22,15,skill.STEP_TROT_MAX,step_up_0p22,0,3,2026-08-31T02:30:34Z,goal,1,TROT,0.9999999999999964,0.0,84,0.0,1,nan,,
--headless --device cpu --params skill.STEP_TROT_MAX --reps 5 --foot-comp on --heading heading-only --foot-len-bias -0.04 --trace-npz outputs/trace_trot_E_ladder.npz --results-csv outputs/trot_step_ff.csv,,19,step_up,1,4.223963200203146,on,-0.04,0.0,4,4,heading-only,0.0,0,0.04,obstacle,0.24,15,skill.STEP_TROT_MAX,step_up_0p24,0,3,2026-08-31T02:30:34Z,goal,1,TROT,1.0,0.0,84,0.0,1,nan,,
--headless --device cpu --params skill.STEP_TROT_MAX --reps 5 --foot-comp on --heading heading-only --foot-len-bias -0.04 --trace-npz outputs/trace_trot_E_ladder.npz --results-csv outputs/trot_step_ff.csv,,19,step_up,1,4.225499467900267,on,-0.04,0.0,4,4,heading-only,0.0,0,0.04,obstacle,0.26,15,skill.STEP_TROT_MAX,step_up_0p26,0,3,2026-08-31T02:30:34Z,goal,1,TROT,1.0,0.0,84,0.0,1,nan,,
--headless --device cpu --params skill.STEP_TROT_MAX --reps 5 --foot-comp on --heading heading-only --foot-len-bias -0.04 --trace-npz outputs/trace_trot_E_ladder.npz --results-csv outputs/trot_step_ff.csv,,19,step_up,1,4.219298567425868,on,-0.04,0.0,4,4,heading-only,0.0,0,0.04,obstacle,0.28,15,skill.STEP_TROT_MAX,step_up_0p28,0,3,2026-08-31T02:30:34Z,goal,1,TROT,0.9999999999999982,0.0,84,0.0,1,nan,,
--headless --device cpu --params skill.STEP_TROT_MAX --reps 5 --foot-comp on --heading heading-only --foot-len-bias -0.04 --trace-npz outputs/trace_trot_E_ladder.npz --results-csv outputs/trot_step_ff.csv,,19,step_up,1,4.22833152141868,on,-0.04,0.0,4,4,heading-only,0.0,0,0.04,obstacle,0.3,15,skill.STEP_TROT_MAX,step_up_0p30,0,3,2026-08-31T02:30:34Z,goal,1,TROT,0.9999999999999964,0.0,84,0.0,1,nan,,
--headless --device cpu --params skill.STEP_TROT_MAX --reps 5 --foot-comp on --heading heading-only --foot-len-bias -0.04 --trace-npz outputs/trace_trot_E_ladder.npz --results-csv outputs/trot_step_ff.csv,,26,step_up,1,4.285474661282792,on,-0.04,0.0,4,4,heading-only,0.0,0,0.04,obstacle,0.02,15,skill.STEP_TROT_MAX,step_up_0p02,0,4,2026-08-31T02:30:34Z,goal,1,TROT,1.0,0.0,55,0.0,1,nan,,
--headless --device cpu --params skill.STEP_TROT_MAX --reps 5 --foot-comp on --heading heading-only --foot-len-bias -0.04 --trace-npz outputs/trace_trot_E_ladder.npz --results-csv outputs/trot_step_ff.csv,,26,step_up,1,4.291918171205119,on,-0.04,0.0,4,4,heading-only,0.0,0,0.04,obstacle,0.04,15,skill.STEP_TROT_MAX,step_up_0p04,0,4,2026-08-31T02:30:34Z,goal,1,TROT,0.9999999999999982,0.0,55,0.0,1,nan,,
--headless --device cpu --params skill.STEP_TROT_MAX --reps 5 --foot-comp on --heading heading-only --foot-len-bias -0.04 --trace-npz outputs/trace_trot_E_ladder.npz --results-csv outputs/trot_step_ff.csv,,26,step_up,1,4.28765359923847,on,-0.04,0.0,4,4,heading-only,0.0,0,0.04,obstacle,0.06,15,skill.STEP_TROT_MAX,step_up_0p06,0,4,2026-08-31T02:30:34Z,goal,1,TROT,0.9999999999999964,0.0,55,0.0,1,nan,,
--headless --device cpu --params skill.STEP_TROT_MAX --reps 5 --foot-comp on --heading heading-only --foot-len-bias -0.04 --trace-npz outputs/trace_trot_E_ladder.npz --results-csv outputs/trot_step_ff.csv,,26,step_up,1,4.287628784310623,on,-0.04,0.0,4,4,heading-only,0.0,0,0.04,obstacle,0.08,15,skill.STEP_TROT_MAX,step_up_0p08,0,4,2026-08-31T02:30:34Z,goal,1,TROT,1.0,0.0,55,0.0,1,nan,,
--headless --device cpu --params skill.STEP_TROT_MAX --reps 5 --foot-comp on --heading heading-only --foot-len-bias -0.04 --trace-npz outputs/trace_trot_E_ladder.npz --results-csv outputs/trot_step_ff.csv,,26,step_up,1,4.297564425330976,on,-0.04,0.0,4,4,heading-only,0.0,0,0.04,obstacle,0.1,15,skill.STEP_TROT_MAX,step_up_0p10,0,4,2026-08-31T02:30:34Z,goal,1,TROT,1.0,0.0,55,0.0,1,nan,,
--headless --device cpu --params skill.STEP_TROT_MAX --reps 5 --foot-comp on --heading heading-only --foot-len-bias -0.04 --trace-npz outputs/trace_trot_E_ladder.npz --results-csv outputs/trot_step_ff.csv,,26,step_up,1,4.296710354501423,on,-0.04,0.0,4,4,heading-only,0.0,0,0.04,obstacle,0.12,15,skill.STEP_TROT_MAX,step_up_0p12,0,4,2026-08-31T02:30:34Z,goal,1,TROT,0.9999999999999982,0.0,55,0.0,1,nan,,
--headless --device cpu --params skill.STEP_TROT_MAX --reps 5 --foot-comp on --heading heading-only --foot-len-bias -0.04 --trace-npz outputs/trace_trot_E_ladder.npz --results-csv outputs/trot_step_ff.csv,,26,step_up,1,4.291224683772769,on,-0.04,0.0,4,4,heading-only,0.0,0,0.04,obstacle,0.14,15,skill.STEP_TROT_MAX,step_up_0p14,0,4,2026-08-31T02:30:34Z,goal,1,TROT,0.9999999999999964,0.0,55,0.0,1,nan,,
--headless --device cpu --params skill.STEP_TROT_MAX --reps 5 --foot-comp on --heading heading-only --foot-len-bias -0.04 --trace-npz outputs/trace_trot_E_ladder.npz --results-csv outputs/trot_step_ff.csv,,26,step_up,1,4.289065077073969,on,-0.04,0.0,4,4,heading-only,0.0,0,0.04,obstacle,0.16,15,skill.STEP_TROT_MAX,step_up_0p16,0,4,2026-08-31T02:30:34Z,goal,1,TROT,1.0,0.0,55,0.0,1,nan,,
--headless --device cpu --params skill.STEP_TROT_MAX --reps 5 --foot-comp on --heading heading-only --foot-len-bias -0.04 --trace-npz outputs/trace_trot_E_ladder.npz --results-csv outputs/trot_step_ff.csv,,26,step_up,1,4.284918450215856,on,-0.04,0.0,4,4,heading-only,0.0,0,0.04,obstacle,0.18,15,skill.STEP_TROT_MAX,step_up_0p18,0,4,2026-08-31T02:30:34Z,goal,1,TROT,1.0,0.0,55,0.0,1,nan,,
--headless --device cpu --params skill.STEP_TROT_MAX --reps 5 --foot-comp on --heading heading-only --foot-len-bias -0.04 --trace-npz outputs/trace_trot_E_ladder.npz --results-csv outputs/trot_step_ff.csv,,26,step_up,1,4.29106030968873,on,-0.04,0.0,4,4,heading-only,0.0,0,0.04,obstacle,0.2,15,skill.STEP_TROT_MAX,step_up_0p20,0,4,2026-08-31T02:30:34Z,goal,1,TROT,0.9999999999999982,0.0,55,0.0,1,nan,,
--headless --device cpu --params skill.STEP_TROT_MAX --reps 5 --foot-comp on --heading heading-only --foot-len-bias -0.04 --trace-npz outputs/trace_trot_E_ladder.npz --results-csv outputs/trot_step_ff.csv,,26,step_up,1,4.289048911213096,on,-0.04,0.0,4,4,heading-only,0.0,0,0.04,obstacle,0.22,15,skill.STEP_TROT_MAX,step_up_0p22,0,4,2026-08-31T02:30:34Z,goal,1,TROT,0.9999999999999964,0.0,55,0.0,1,nan,,
--headless --device cpu --params skill.STEP_TROT_MAX --reps 5 --foot-comp on --heading heading-only --foot-len-bias -0.04 --trace-npz outputs/trace_trot_E_ladder.npz --results-csv outputs/trot_step_ff.csv,,26,step_up,1,4.288373645808807,on,-0.04,0.0,4,4,heading-only,0.0,0,0.04,obstacle,0.24,15,skill.STEP_TROT_MAX,step_up_0p24,0,4,2026-08-31T02:30:34Z,goal,1,TROT,1.0,0.0,55,0.0,1,nan,,
--headless --device cpu --params skill.STEP_TROT_MAX --reps 5 --foot-comp on --heading heading-only --foot-len-bias -0.04 --trace-npz outputs/trace_trot_E_ladder.npz --results-csv outputs/trot_step_ff.csv,,26,step_up,1,4.286223336678731,on,-0.04,0.0,4,4,heading-only,0.0,0,0.04,obstacle,0.26,15,skill.STEP_TROT_MAX,step_up_0p26,0,4,2026-08-31T02:30:34Z,goal,1,TROT,1.0,0.0,55,0.0,1,nan,,
--headless --device cpu --params skill.STEP_TROT_MAX --reps 5 --foot-comp on --heading heading-only --foot-len-bias -0.04 --trace-npz outputs/trace_trot_E_ladder.npz --results-csv outputs/trot_step_ff.csv,,26,step_up,1,4.288987839103528,on,-0.04,0.0,4,4,heading-only,0.0,0,0.04,obstacle,0.28,15,skill.STEP_TROT_MAX,step_up_0p28,0,4,2026-08-31T02:30:34Z,goal,1,TROT,0.9999999999999982,0.0,55,0.0,1,nan,,
--headless --device cpu --params skill.STEP_TROT_MAX --reps 5 --foot-comp on --heading heading-only --foot-len-bias -0.04 --trace-npz outputs/trace_trot_E_ladder.npz --results-csv outputs/trot_step_ff.csv,,26,step_up,1,4.288363793326575,on,-0.04,0.0,4,4,heading-only,0.0,0,0.04,obstacle,0.3,15,skill.STEP_TROT_MAX,step_up_0p30,0,4,2026-08-31T02:30:34Z,goal,1,TROT,0.9999999999999964,0.0,55,0.0,1,nan,,
