argv,drift_max_m,entry_frame,family,fell,final_dist_m,foot_com_height_m,foot_comp,foot_gain,foot_len_bias,foot_offset_clip_m,foot_vy_avg_n,foot_yaw_bias,grid_cols,grid_rows,heading,heading_cap_rad,heading_len,heading_len_cap_rad,inplace_at,level_m,n_probes,param,probe,reached,rep,run_utc,score,settle_ok,skill,spawn_x,spawn_z0_m,steps,swing_lift_mm,swing_lift_sym,t_reached_s,yaw_cum_deg,yaw_ok_deg
--headless --device cpu --enable_cameras --reps 1 --foot-comp on --results-csv outputs/video_grid_runs.csv --video outputs/video/terrain_WALK_step0.02_pass.mp4 --params skill.STEP_WALK_MAX --heading heading-only --video-cell 0,,0,step_up,1,17.634678496371052,,on,half-stance,0.0,0.0,0,0.0,4,4,heading-only,0.0,0,0.04,obstacle,0.02,15,skill.STEP_WALK_MAX,step_up_0p02,1,0,2026-08-31T16:33:56Z,goal,1,WALK,1.0,0.0,2140,0.0,1,16.92,,
--headless --device cpu --enable_cameras --reps 1 --foot-comp on --results-csv outputs/video_grid_runs.csv --video outputs/video/terrain_WALK_step0.02_pass.mp4 --params skill.STEP_WALK_MAX --heading heading-only --video-cell 0,,0,step_up,1,1.280613012486547,,on,half-stance,0.0,0.0,0,0.0,4,4,heading-only,0.0,0,0.04,obstacle,0.04,15,skill.STEP_WALK_MAX,step_up_0p04,0,0,2026-08-31T16:33:56Z,goal,1,WALK,0.9999999999999982,0.0,2140,0.0,1,nan,,
--headless --device cpu --enable_cameras --reps 1 --foot-comp on --results-csv outputs/video_grid_runs.csv --video outputs/video/terrain_WALK_step0.02_pass.mp4 --params skill.STEP_WALK_MAX --heading heading-only --video-cell 0,,0,step_up,1,1.6626965021440514,,on,half-stance,0.0,0.0,0,0.0,4,4,heading-only,0.0,0,0.04,obstacle,0.06,15,skill.STEP_WALK_MAX,step_up_0p06,0,0,2026-08-31T16:33:56Z,goal,1,WALK,0.9999999999999964,0.0,2140,0.0,1,nan,,
--headless --device cpu --enable_cameras --reps 1 --foot-comp on --results-csv outputs/video_grid_runs.csv --video outputs/video/terrain_WALK_step0.02_pass.mp4 --params skill.STEP_WALK_MAX --heading heading-only --video-cell 0,,0,step_up,1,1.8190295454929217,,on,half-stance,0.0,0.0,0,0.0,4,4,heading-only,0.0,0,0.04,obstacle,0.08,15,skill.STEP_WALK_MAX,step_up_0p08,0,0,2026-08-31T16:33:56Z,goal,1,WALK,1.0,0.0,2140,0.0,1,nan,,
--headless --device cpu --enable_cameras --reps 1 --foot-comp on --results-csv outputs/video_grid_runs.csv --video outputs/video/terrain_WALK_step0.02_pass.mp4 --params skill.STEP_WALK_MAX --heading heading-only --video-cell 0,,0,step_up,1,1.7073389803478722,,on,half-stance,0.0,0.0,0,0.0,4,4,heading-only,0.0,0,0.04,obstacle,0.1,15,skill.STEP_WALK_MAX,step_up_0p10,0,0,2026-08-31T16:33:56Z,goal,1,WALK,1.0,0.0,2140,0.0,1,nan,,
--headless --device cpu --enable_cameras --reps 1 --foot-comp on --results-csv outputs/video_grid_runs.csv --video outputs/video/terrain_WALK_step0.02_pass.mp4 --params skill.STEP_WALK_MAX --heading heading-only --video-cell 0,,0,step_up,1,1.6877408108248741,,on,half-stance,0.0,0.0,0,0.0,4,4,heading-only,0.0,0,0.04,obstacle,0.12,15,skill.STEP_WALK_MAX,step_up_0p12,0,0,2026-08-31T16:33:56Z,goal,1,WALK,0.9999999999999982,0.0,2140,0.0,1,nan,,
--headless --device cpu --enable_cameras --reps 1 --foot-comp on --results-csv outputs/video_grid_runs.csv --video outputs/video/terrain_WALK_step0.02_pass.mp4 --params skill.STEP_WALK_MAX --heading heading-only --video-cell 0,,0,step_up,1,1.798488315502161,,on,half-stance,0.0,0.0,0,0.0,4,4,heading-only,0.0,0,0.04,obstacle,0.14,15,skill.STEP_WALK_MAX,step_up_0p14,0,0,2026-08-31T16:33:56Z,goal,1,WALK,0.9999999999999964,0.0,2140,0.0,1,nan,,
--headless --device cpu --enable_cameras --reps 1 --foot-comp on --results-csv outputs/video_grid_runs.csv --video outputs/video/terrain_WALK_step0.02_pass.mp4 --params skill.STEP_WALK_MAX --heading heading-only --video-cell 0,,0,step_up,1,1.7885765745038598,,on,half-stance,0.0,0.0,0,0.0,4,4,heading-only,0.0,0,0.04,obstacle,0.16,15,skill.STEP_WALK_MAX,step_up_0p16,0,0,2026-08-31T16:33:56Z,goal,1,WALK,1.0,0.0,2140,0.0,1,nan,,
--headless --device cpu --enable_cameras --reps 1 --foot-comp on --results-csv outputs/video_grid_runs.csv --video outputs/video/terrain_WALK_step0.02_pass.mp4 --params skill.STEP_WALK_MAX --heading heading-only --video-cell 0,,0,step_up,1,1.761673702529403,,on,half-stance,0.0,0.0,0,0.0,4,4,heading-only,0.0,0,0.04,obstacle,0.18,15,skill.STEP_WALK_MAX,step_up_0p18,0,0,2026-08-31T16:33:56Z,goal,1,WALK,1.0,0.0,2140,0.0,1,nan,,
--headless --device cpu --enable_cameras --reps 1 --foot-comp on --results-csv outputs/video_grid_runs.csv --video outputs/video/terrain_WALK_step0.02_pass.mp4 --params skill.STEP_WALK_MAX --heading heading-only --video-cell 0,,0,step_up,1,1.7807154647114372,,on,half-stance,0.0,0.0,0,0.0,4,4,heading-only,0.0,0,0.04,obstacle,0.2,15,skill.STEP_WALK_MAX,step_up_0p20,0,0,2026-08-31T16:33:56Z,goal,1,WALK,0.9999999999999982,0.0,2140,0.0,1,nan,,
--headless --device cpu --enable_cameras --reps 1 --foot-comp on --results-csv outputs/video_grid_runs.csv --video outputs/video/terrain_WALK_step0.02_pass.mp4 --params skill.STEP_WALK_MAX --heading heading-only --video-cell 0,,0,step_up,1,1.7374891765603233,,on,half-stance,0.0,0.0,0,0.0,4,4,heading-only,0.0,0,0.04,obstacle,0.22,15,skill.STEP_WALK_MAX,step_up_0p22,0,0,2026-08-31T16:33:56Z,goal,1,WALK,0.9999999999999964,0.0,2140,0.0,1,nan,,
--headless --device cpu --enable_cameras --reps 1 --foot-comp on --results-csv outputs/video_grid_runs.csv --video outputs/video/terrain_WALK_step0.02_pass.mp4 --params skill.STEP_WALK_MAX --heading heading-only --video-cell 0,,0,step_up,0,1.2649132059654578,,on,half-stance,0.0,0.0,0,0.0,4,4,heading-only,0.0,0,0.04,obstacle,0.24,15,skill.STEP_WALK_MAX,step_up_0p24,0,0,2026-08-31T16:33:56Z,goal,1,WALK,1.0,0.0,2140,0.0,1,nan,,
--headless --device cpu --enable_cameras --reps 1 --foot-comp on --results-csv outputs/video_grid_runs.csv --video outputs/video/terrain_WALK_step0.02_pass.mp4 --params skill.STEP_WALK_MAX --heading heading-only --video-cell 0,,0,step_up,1,1.8089751899569937,,on,half-stance,0.0,0.0,0,0.0,4,4,heading-only,0.0,0,0.04,obstacle,0.26,15,skill.STEP_WALK_MAX,step_up_0p26,0,0,2026-08-31T16:33:56Z,goal,1,WALK,1.0,0.0,2140,0.0,1,nan,,
--headless --device cpu --enable_cameras --reps 1 --foot-comp on --results-csv outputs/video_grid_runs.csv --video outputs/video/terrain_WALK_step0.02_pass.mp4 --params skill.STEP_WALK_MAX --heading heading-only --video-cell 0,,0,step_up,1,2.105241446686315,,on,half-stance,0.0,0.0,0,0.0,4,4,heading-only,0.0,0,0.04,obstacle,0.28,15,skill.STEP_WALK_MAX,step_up_0p28,0,0,2026-08-31T16:33:56Z,goal,1,WALK,0.9999999999999982,0.0,2140,0.0,1,nan,,
--headless --device cpu --enable_cameras --reps 1 --foot-comp on --results-csv outputs/video_grid_runs.csv --video outputs/video/terrain_WALK_step0.02_pass.mp4 --params skill.STEP_WALK_MAX --heading heading-only --video-cell 0,,0,step_up,0,2.118529765795207,,on,half-stance,0.0,0.0,0,0.0,4,4,heading-only,0.0,0,0.04,obstacle,0.3,15,skill.STEP_WALK_MAX,step_up_0p30,0,0,2026-08-31T16:33:56Z,goal,1,WALK,0.9999999999999964,0.0,2140,0.0,1,nan,,
--headless --device cpu --enable_cameras --reps 1 --foot-comp on --results-csv outputs/video_grid_runs.csv --video outputs/video/terrain_WALK_step0.04_fail_halfspeed.mp4 --params skill.STEP_WALK_MAX --heading heading-only --video-cell 1 --video-fps 25,,0,step_up,1,17.634678496371052,,on,half-stance,0.0,0.0,0,0.0,4,4,heading-only,0.0,0,0.04,obstacle,0.02,15,skill.STEP_WALK_MAX,step_up_0p02,1,0,2026-08-31T16:37:48Z,goal,1,WALK,1.0,0.0,2140,0.0,1,16.92,,
--headless --device cpu --enable_cameras --reps 1 --foot-comp on --results-csv outputs/video_grid_runs.csv --video outputs/video/terrain_WALK_step0.04_fail_halfspeed.mp4 --params skill.STEP_WALK_MAX --heading heading-only --video-cell 1 --video-fps 25,,0,step_up,1,1.280613012486547,,on,half-stance,0.0,0.0,0,0.0,4,4,heading-only,0.0,0,0.04,obstacle,0.04,15,skill.STEP_WALK_MAX,step_up_0p04,0,0,2026-08-31T16:37:48Z,goal,1,WALK,0.9999999999999982,0.0,2140,0.0,1,nan,,
--headless --device cpu --enable_cameras --reps 1 --foot-comp on --results-csv outputs/video_grid_runs.csv --video outputs/video/terrain_WALK_step0.04_fail_halfspeed.mp4 --params skill.STEP_WALK_MAX --heading heading-only --video-cell 1 --video-fps 25,,0,step_up,1,1.6626965021440514,,on,half-stance,0.0,0.0,0,0.0,4,4,heading-only,0.0,0,0.04,obstacle,0.06,15,skill.STEP_WALK_MAX,step_up_0p06,0,0,2026-08-31T16:37:48Z,goal,1,WALK,0.9999999999999964,0.0,2140,0.0,1,nan,,
--headless --device cpu --enable_cameras --reps 1 --foot-comp on --results-csv outputs/video_grid_runs.csv --video outputs/video/terrain_WALK_step0.04_fail_halfspeed.mp4 --params skill.STEP_WALK_MAX --heading heading-only --video-cell 1 --video-fps 25,,0,step_up,1,1.8190295454929217,,on,half-stance,0.0,0.0,0,0.0,4,4,heading-only,0.0,0,0.04,obstacle,0.08,15,skill.STEP_WALK_MAX,step_up_0p08,0,0,2026-08-31T16:37:48Z,goal,1,WALK,1.0,0.0,2140,0.0,1,nan,,
--headless --device cpu --enable_cameras --reps 1 --foot-comp on --results-csv outputs/video_grid_runs.csv --video outputs/video/terrain_WALK_step0.04_fail_halfspeed.mp4 --params skill.STEP_WALK_MAX --heading heading-only --video-cell 1 --video-fps 25,,0,step_up,1,1.7073389803478722,,on,half-stance,0.0,0.0,0,0.0,4,4,heading-only,0.0,0,0.04,obstacle,0.1,15,skill.STEP_WALK_MAX,step_up_0p10,0,0,2026-08-31T16:37:48Z,goal,1,WALK,1.0,0.0,2140,0.0,1,nan,,
--headless --device cpu --enable_cameras --reps 1 --foot-comp on --results-csv outputs/video_grid_runs.csv --video outputs/video/terrain_WALK_step0.04_fail_halfspeed.mp4 --params skill.STEP_WALK_MAX --heading heading-only --video-cell 1 --video-fps 25,,0,step_up,1,1.6877408108248741,,on,half-stance,0.0,0.0,0,0.0,4,4,heading-only,0.0,0,0.04,obstacle,0.12,15,skill.STEP_WALK_MAX,step_up_0p12,0,0,2026-08-31T16:37:48Z,goal,1,WALK,0.9999999999999982,0.0,2140,0.0,1,nan,,
--headless --device cpu --enable_cameras --reps 1 --foot-comp on --results-csv outputs/video_grid_runs.csv --video outputs/video/terrain_WALK_step0.04_fail_halfspeed.mp4 --params skill.STEP_WALK_MAX --heading heading-only --video-cell 1 --video-fps 25,,0,step_up,1,1.798488315502161,,on,half-stance,0.0,0.0,0,0.0,4,4,heading-only,0.0,0,0.04,obstacle,0.14,15,skill.STEP_WALK_MAX,step_up_0p14,0,0,2026-08-31T16:37:48Z,goal,1,WALK,0.9999999999999964,0.0,2140,0.0,1,nan,,
--headless --device cpu --enable_cameras --reps 1 --foot-comp on --results-csv outputs/video_grid_runs.csv --video outputs/video/terrain_WALK_step0.04_fail_halfspeed.mp4 --params skill.STEP_WALK_MAX --heading heading-only --video-cell 1 --video-fps 25,,0,step_up,1,1.7885765745038598,,on,half-stance,0.0,0.0,0,0.0,4,4,heading-only,0.0,0,0.04,obstacle,0.16,15,skill.STEP_WALK_MAX,step_up_0p16,0,0,2026-08-31T16:37:48Z,goal,1,WALK,1.0,0.0,2140,0.0,1,nan,,
--headless --device cpu --enable_cameras --reps 1 --foot-comp on --results-csv outputs/video_grid_runs.csv --video outputs/video/terrain_WALK_step0.04_fail_halfspeed.mp4 --params skill.STEP_WALK_MAX --heading heading-only --video-cell 1 --video-fps 25,,0,step_up,1,1.761673702529403,,on,half-stance,0.0,0.0,0,0.0,4,4,heading-only,0.0,0,0.04,obstacle,0.18,15,skill.STEP_WALK_MAX,step_up_0p18,0,0,2026-08-31T16:37:48Z,goal,1,WALK,1.0,0.0,2140,0.0,1,nan,,
--headless --device cpu --enable_cameras --reps 1 --foot-comp on --results-csv outputs/video_grid_runs.csv --video outputs/video/terrain_WALK_step0.04_fail_halfspeed.mp4 --params skill.STEP_WALK_MAX --heading heading-only --video-cell 1 --video-fps 25,,0,step_up,1,1.7807154647114372,,on,half-stance,0.0,0.0,0,0.0,4,4,heading-only,0.0,0,0.04,obstacle,0.2,15,skill.STEP_WALK_MAX,step_up_0p20,0,0,2026-08-31T16:37:48Z,goal,1,WALK,0.9999999999999982,0.0,2140,0.0,1,nan,,
--headless --device cpu --enable_cameras --reps 1 --foot-comp on --results-csv outputs/video_grid_runs.csv --video outputs/video/terrain_WALK_step0.04_fail_halfspeed.mp4 --params skill.STEP_WALK_MAX --heading heading-only --video-cell 1 --video-fps 25,,0,step_up,1,1.7374891765603233,,on,half-stance,0.0,0.0,0,0.0,4,4,heading-only,0.0,0,0.04,obstacle,0.22,15,skill.STEP_WALK_MAX,step_up_0p22,0,0,2026-08-31T16:37:48Z,goal,1,WALK,0.9999999999999964,0.0,2140,0.0,1,nan,,
--headless --device cpu --enable_cameras --reps 1 --foot-comp on --results-csv outputs/video_grid_runs.csv --video outputs/video/terrain_WALK_step0.04_fail_halfspeed.mp4 --params skill.STEP_WALK_MAX --heading heading-only --video-cell 1 --video-fps 25,,0,step_up,0,1.2649132059654578,,on,half-stance,0.0,0.0,0,0.0,4,4,heading-only,0.0,0,0.04,obstacle,0.24,15,skill.STEP_WALK_MAX,step_up_0p24,0,0,2026-08-31T16:37:48Z,goal,1,WALK,1.0,0.0,2140,0.0,1,nan,,
--headless --device cpu --enable_cameras --reps 1 --foot-comp on --results-csv outputs/video_grid_runs.csv --video outputs/video/terrain_WALK_step0.04_fail_halfspeed.mp4 --params skill.STEP_WALK_MAX --heading heading-only --video-cell 1 --video-fps 25,,0,step_up,1,1.8089751899569937,,on,half-stance,0.0,0.0,0,0.0,4,4,heading-only,0.0,0,0.04,obstacle,0.26,15,skill.STEP_WALK_MAX,step_up_0p26,0,0,2026-08-31T16:37:48Z,goal,1,WALK,1.0,0.0,2140,0.0,1,nan,,
--headless --device cpu --enable_cameras --reps 1 --foot-comp on --results-csv outputs/video_grid_runs.csv --video outputs/video/terrain_WALK_step0.04_fail_halfspeed.mp4 --params skill.STEP_WALK_MAX --heading heading-only --video-cell 1 --video-fps 25,,0,step_up,1,2.105241446686315,,on,half-stance,0.0,0.0,0,0.0,4,4,heading-only,0.0,0,0.04,obstacle,0.28,15,skill.STEP_WALK_MAX,step_up_0p28,0,0,2026-08-31T16:37:48Z,goal,1,WALK,0.9999999999999982,0.0,2140,0.0,1,nan,,
--headless --device cpu --enable_cameras --reps 1 --foot-comp on --results-csv outputs/video_grid_runs.csv --video outputs/video/terrain_WALK_step0.04_fail_halfspeed.mp4 --params skill.STEP_WALK_MAX --heading heading-only --video-cell 1 --video-fps 25,,0,step_up,0,2.118529765795207,,on,half-stance,0.0,0.0,0,0.0,4,4,heading-only,0.0,0,0.04,obstacle,0.3,15,skill.STEP_WALK_MAX,step_up_0p30,0,0,2026-08-31T16:37:48Z,goal,1,WALK,0.9999999999999964,0.0,2140,0.0,1,nan,,
--headless --device cpu --enable_cameras --reps 1 --foot-comp on --results-csv outputs/video_grid_runs.csv --video outputs/video/terrain_TROT_lane_departure_halfspeed.mp4 --params skill.STEP_TROT_MAX --heading heading-only --video-cell 0 --video-fps 25,,0,step_up,1,1.5917477275484788,,on,half-stance,0.0,0.0,0,0.0,4,4,heading-only,0.0,0,0.04,obstacle,0.02,15,skill.STEP_TROT_MAX,step_up_0p02,0,0,2026-08-31T16:41:39Z,goal,1,TROT,1.0,0.0,901,0.0,1,nan,,
--headless --device cpu --enable_cameras --reps 1 --foot-comp on --results-csv outputs/video_grid_runs.csv --video outputs/video/terrain_TROT_lane_departure_halfspeed.mp4 --params skill.STEP_TROT_MAX --heading heading-only --video-cell 0 --video-fps 25,,0,step_up,0,1.4894551929436997,,on,half-stance,0.0,0.0,0,0.0,4,4,heading-only,0.0,0,0.04,obstacle,0.04,15,skill.STEP_TROT_MAX,step_up_0p04,0,0,2026-08-31T16:41:39Z,goal,1,TROT,0.9999999999999982,0.0,901,0.0,1,nan,,
--headless --device cpu --enable_cameras --reps 1 --foot-comp on --results-csv outputs/video_grid_runs.csv --video outputs/video/terrain_TROT_lane_departure_halfspeed.mp4 --params skill.STEP_TROT_MAX --heading heading-only --video-cell 0 --video-fps 25,,0,step_up,0,1.4469564597266256,,on,half-stance,0.0,0.0,0,0.0,4,4,heading-only,0.0,0,0.04,obstacle,0.06,15,skill.STEP_TROT_MAX,step_up_0p06,0,0,2026-08-31T16:41:39Z,goal,1,TROT,0.9999999999999964,0.0,901,0.0,1,nan,,
--headless --device cpu --enable_cameras --reps 1 --foot-comp on --results-csv outputs/video_grid_runs.csv --video outputs/video/terrain_TROT_lane_departure_halfspeed.mp4 --params skill.STEP_TROT_MAX --heading heading-only --video-cell 0 --video-fps 25,,0,step_up,1,1.9064519078533149,,on,half-stance,0.0,0.0,0,0.0,4,4,heading-only,0.0,0,0.04,obstacle,0.08,15,skill.STEP_TROT_MAX,step_up_0p08,0,0,2026-08-31T16:41:39Z,goal,1,TROT,1.0,0.0,901,0.0,1,nan,,
--headless --device cpu --enable_cameras --reps 1 --foot-comp on --results-csv outputs/video_grid_runs.csv --video outputs/video/terrain_TROT_lane_departure_halfspeed.mp4 --params skill.STEP_TROT_MAX --heading heading-only --video-cell 0 --video-fps 25,,0,step_up,0,1.4938548844866124,,on,half-stance,0.0,0.0,0,0.0,4,4,heading-only,0.0,0,0.04,obstacle,0.1,15,skill.STEP_TROT_MAX,step_up_0p10,0,0,2026-08-31T16:41:39Z,goal,1,TROT,1.0,0.0,901,0.0,1,nan,,
--headless --device cpu --enable_cameras --reps 1 --foot-comp on --results-csv outputs/video_grid_runs.csv --video outputs/video/terrain_TROT_lane_departure_halfspeed.mp4 --params skill.STEP_TROT_MAX --heading heading-only --video-cell 0 --video-fps 25,,0,step_up,0,1.555225920498583,,on,half-stance,0.0,0.0,0,0.0,4,4,heading-only,0.0,0,0.04,obstacle,0.12,15,skill.STEP_TROT_MAX,step_up_0p12,0,0,2026-08-31T16:41:39Z,goal,1,TROT,0.9999999999999982,0.0,901,0.0,1,nan,,
--headless --device cpu --enable_cameras --reps 1 --foot-comp on --results-csv outputs/video_grid_runs.csv --video outputs/video/terrain_TROT_lane_departure_halfspeed.mp4 --params skill.STEP_TROT_MAX --heading heading-only --video-cell 0 --video-fps 25,,0,step_up,1,1.1561229928163668,,on,half-stance,0.0,0.0,0,0.0,4,4,heading-only,0.0,0,0.04,obstacle,0.14,15,skill.STEP_TROT_MAX,step_up_0p14,0,0,2026-08-31T16:41:39Z,goal,1,TROT,0.9999999999999964,0.0,901,0.0,1,nan,,
--headless --device cpu --enable_cameras --reps 1 --foot-comp on --results-csv outputs/video_grid_runs.csv --video outputs/video/terrain_TROT_lane_departure_halfspeed.mp4 --params skill.STEP_TROT_MAX --heading heading-only --video-cell 0 --video-fps 25,,0,step_up,1,1.9496417613279526,,on,half-stance,0.0,0.0,0,0.0,4,4,heading-only,0.0,0,0.04,obstacle,0.16,15,skill.STEP_TROT_MAX,step_up_0p16,0,0,2026-08-31T16:41:39Z,goal,1,TROT,1.0,0.0,901,0.0,1,nan,,
--headless --device cpu --enable_cameras --reps 1 --foot-comp on --results-csv outputs/video_grid_runs.csv --video outputs/video/terrain_TROT_lane_departure_halfspeed.mp4 --params skill.STEP_TROT_MAX --heading heading-only --video-cell 0 --video-fps 25,,0,step_up,1,1.7290804790539986,,on,half-stance,0.0,0.0,0,0.0,4,4,heading-only,0.0,0,0.04,obstacle,0.18,15,skill.STEP_TROT_MAX,step_up_0p18,0,0,2026-08-31T16:41:39Z,goal,1,TROT,1.0,0.0,901,0.0,1,nan,,
--headless --device cpu --enable_cameras --reps 1 --foot-comp on --results-csv outputs/video_grid_runs.csv --video outputs/video/terrain_TROT_lane_departure_halfspeed.mp4 --params skill.STEP_TROT_MAX --heading heading-only --video-cell 0 --video-fps 25,,0,step_up,1,1.56818210551618,,on,half-stance,0.0,0.0,0,0.0,4,4,heading-only,0.0,0,0.04,obstacle,0.2,15,skill.STEP_TROT_MAX,step_up_0p20,0,0,2026-08-31T16:41:39Z,goal,1,TROT,0.9999999999999982,0.0,901,0.0,1,nan,,
--headless --device cpu --enable_cameras --reps 1 --foot-comp on --results-csv outputs/video_grid_runs.csv --video outputs/video/terrain_TROT_lane_departure_halfspeed.mp4 --params skill.STEP_TROT_MAX --heading heading-only --video-cell 0 --video-fps 25,,0,step_up,1,1.5530751563168435,,on,half-stance,0.0,0.0,0,0.0,4,4,heading-only,0.0,0,0.04,obstacle,0.22,15,skill.STEP_TROT_MAX,step_up_0p22,0,0,2026-08-31T16:41:39Z,goal,1,TROT,0.9999999999999964,0.0,901,0.0,1,nan,,
--headless --device cpu --enable_cameras --reps 1 --foot-comp on --results-csv outputs/video_grid_runs.csv --video outputs/video/terrain_TROT_lane_departure_halfspeed.mp4 --params skill.STEP_TROT_MAX --heading heading-only --video-cell 0 --video-fps 25,,0,step_up,1,1.9799933601274966,,on,half-stance,0.0,0.0,0,0.0,4,4,heading-only,0.0,0,0.04,obstacle,0.24,15,skill.STEP_TROT_MAX,step_up_0p24,0,0,2026-08-31T16:41:39Z,goal,1,TROT,1.0,0.0,901,0.0,1,nan,,
--headless --device cpu --enable_cameras --reps 1 --foot-comp on --results-csv outputs/video_grid_runs.csv --video outputs/video/terrain_TROT_lane_departure_halfspeed.mp4 --params skill.STEP_TROT_MAX --heading heading-only --video-cell 0 --video-fps 25,,0,step_up,1,2.0111348371284867,,on,half-stance,0.0,0.0,0,0.0,4,4,heading-only,0.0,0,0.04,obstacle,0.26,15,skill.STEP_TROT_MAX,step_up_0p26,0,0,2026-08-31T16:41:39Z,goal,1,TROT,1.0,0.0,901,0.0,1,nan,,
--headless --device cpu --enable_cameras --reps 1 --foot-comp on --results-csv outputs/video_grid_runs.csv --video outputs/video/terrain_TROT_lane_departure_halfspeed.mp4 --params skill.STEP_TROT_MAX --heading heading-only --video-cell 0 --video-fps 25,,0,step_up,1,2.1019339579287974,,on,half-stance,0.0,0.0,0,0.0,4,4,heading-only,0.0,0,0.04,obstacle,0.28,15,skill.STEP_TROT_MAX,step_up_0p28,0,0,2026-08-31T16:41:39Z,goal,1,TROT,0.9999999999999982,0.0,901,0.0,1,nan,,
--headless --device cpu --enable_cameras --reps 1 --foot-comp on --results-csv outputs/video_grid_runs.csv --video outputs/video/terrain_TROT_lane_departure_halfspeed.mp4 --params skill.STEP_TROT_MAX --heading heading-only --video-cell 0 --video-fps 25,,0,step_up,1,2.133374075738264,,on,half-stance,0.0,0.0,0,0.0,4,4,heading-only,0.0,0,0.04,obstacle,0.3,15,skill.STEP_TROT_MAX,step_up_0p30,0,0,2026-08-31T16:41:39Z,goal,1,TROT,0.9999999999999964,0.0,901,0.0,1,nan,,
